sample_id,match_id,source_url,focus_athlete_id,partner_athlete_id,bundle_id,bundle_index,bundle_size,source_event_index,source_label,source_key,criterion_event_index,criterion_label,criterion_type,criterion_ts,frame_ts,frame_offset,response_event_index,response_label,response_key,leaf_label,family_label,category_label,visual_leaf_label,visual_family_label,visual_category_label,visual_label_collapsed,taxonomy_path
d68f7604-d0a1-454f-9e54-df6b2ba81a27_e0004_w0000_f00,d68f7604-d0a1-454f-9e54-df6b2ba81a27,https://www.youtube.com/watch?v=22QAtq917NI&t=240s,1cb1d5d7-1df9-477d-9260-9f9107e0d482,a4f5f6c1-d877-4e33-ba3e-e027a46735d9,d68f7604-d0a1-454f-9e54-df6b2ba81a27:3:5,0,1,3,Sweep,sweep,4,Straight Foot Lock Attempt,submission,530.0,529.4,-0.6,5,Sweep,sweep,straight foot lock attempt,straight foot lock attempt,submission,straight foot lock,straight foot lock,submission,True,[]
d68f7604-d0a1-454f-9e54-df6b2ba81a27_e0004_w0000_f01,d68f7604-d0a1-454f-9e54-df6b2ba81a27,https://www.youtube.com/watch?v=22QAtq917NI&t=240s,1cb1d5d7-1df9-477d-9260-9f9107e0d482,a4f5f6c1-d877-4e33-ba3e-e027a46735d9,d68f7604-d0a1-454f-9e54-df6b2ba81a27:3:5,0,1,3,Sweep,sweep,4,Straight Foot Lock Attempt,submission,530.0,529.7,-0.3,5,Sweep,sweep,straight foot lock attempt,straight foot lock attempt,submission,straight foot lock,straight foot lock,submission,True,[]
d68f7604-d0a1-454f-9e54-df6b2ba81a27_e0004_w0000_f02,d68f7604-d0a1-454f-9e54-df6b2ba81a27,https://www.youtube.com/watch?v=22QAtq917NI&t=240s,1cb1d5d7-1df9-477d-9260-9f9107e0d482,a4f5f6c1-d877-4e33-ba3e-e027a46735d9,d68f7604-d0a1-454f-9e54-df6b2ba81a27:3:5,0,1,3,Sweep,sweep,4,Straight Foot Lock Attempt,submission,530.0,530.0,0.0,5,Sweep,sweep,straight foot lock attempt,straight foot lock attempt,submission,straight foot lock,straight foot lock,submission,True,[]
d68f7604-d0a1-454f-9e54-df6b2ba81a27_e0004_w0000_f03,d68f7604-d0a1-454f-9e54-df6b2ba81a27,https://www.youtube.com/watch?v=22QAtq917NI&t=240s,1cb1d5d7-1df9-477d-9260-9f9107e0d482,a4f5f6c1-d877-4e33-ba3e-e027a46735d9,d68f7604-d0a1-454f-9e54-df6b2ba81a27:3:5,0,1,3,Sweep,sweep,4,Straight Foot Lock Attempt,submission,530.0,530.3,0.3,5,Sweep,sweep,straight foot lock attempt,straight foot lock attempt,submission,straight foot lock,straight foot lock,submission,True,[]
d68f7604-d0a1-454f-9e54-df6b2ba81a27_e0004_w0000_f04,d68f7604-d0a1-454f-9e54-df6b2ba81a27,https://www.youtube.com/watch?v=22QAtq917NI&t=240s,1cb1d5d7-1df9-477d-9260-9f9107e0d482,a4f5f6c1-d877-4e33-ba3e-e027a46735d9,d68f7604-d0a1-454f-9e54-df6b2ba81a27:3:5,0,1,3,Sweep,sweep,4,Straight Foot Lock Attempt,submission,530.0,530.6,0.6,5,Sweep,sweep,straight foot lock attempt,straight foot lock attempt,submission,straight foot lock,straight foot lock,submission,True,[]
d68f7604-d0a1-454f-9e54-df6b2ba81a27_e0007_w0001_f00,d68f7604-d0a1-454f-9e54-df6b2ba81a27,https://www.youtube.com/watch?v=22QAtq917NI&t=240s,1cb1d5d7-1df9-477d-9260-9f9107e0d482,a4f5f6c1-d877-4e33-ba3e-e027a46735d9,d68f7604-d0a1-454f-9e54-df6b2ba81a27:6:15,0,8,6,Sweep,sweep,7,Knee Bar,submission,650.0,649.4,-0.6,15,Sweep,sweep,knee bar,knee bar,submission,knee bar,knee bar,submission,False,[]
d68f7604-d0a1-454f-9e54-df6b2ba81a27_e0007_w0001_f01,d68f7604-d0a1-454f-9e54-df6b2ba81a27,https://www.youtube.com/watch?v=22QAtq917NI&t=240s,1cb1d5d7-1df9-477d-9260-9f9107e0d482,a4f5f6c1-d877-4e33-ba3e-e027a46735d9,d68f7604-d0a1-454f-9e54-df6b2ba81a27:6:15,0,8,6,Sweep,sweep,7,Knee Bar,submission,650.0,649.7,-0.3,15,Sweep,sweep,knee bar,knee bar,submission,knee bar,knee bar,submission,False,[]
d68f7604-d0a1-454f-9e54-df6b2ba81a27_e0007_w0001_f02,d68f7604-d0a1-454f-9e54-df6b2ba81a27,https://www.youtube.com/watch?v=22QAtq917NI&t=240s,1cb1d5d7-1df9-477d-9260-9f9107e0d482,a4f5f6c1-d877-4e33-ba3e-e027a46735d9,d68f7604-d0a1-454f-9e54-df6b2ba81a27:6:15,0,8,6,Sweep,sweep,7,Knee Bar,submission,650.0,650.0,0.0,15,Sweep,sweep,knee bar,knee bar,submission,knee bar,knee bar,submission,False,[]
d68f7604-d0a1-454f-9e54-df6b2ba81a27_e0007_w0001_f03,d68f7604-d0a1-454f-9e54-df6b2ba81a27,https://www.youtube.com/watch?v=22QAtq917NI&t=240s,1cb1d5d7-1df9-477d-9260-9f9107e0d482,a4f5f6c1-d877-4e33-ba3e-e027a46735d9,d68f7604-d0a1-454f-9e54-df6b2ba81a27:6:15,0,8,6,Sweep,sweep,7,Knee Bar,submission,650.0,650.3,0.3,15,Sweep,sweep,knee bar,knee bar,submission,knee bar,knee bar,submission,False,[]
d68f7604-d0a1-454f-9e54-df6b2ba81a27_e0007_w0001_f04,d68f7604-d0a1-454f-9e54-df6b2ba81a27,https://www.youtube.com/watch?v=22QAtq917NI&t=240s,1cb1d5d7-1df9-477d-9260-9f9107e0d482,a4f5f6c1-d877-4e33-ba3e-e027a46735d9,d68f7604-d0a1-454f-9e54-df6b2ba81a27:6:15,0,8,6,Sweep,sweep,7,Knee Bar,submission,650.0,650.6,0.6,15,Sweep,sweep,knee bar,knee bar,submission,knee bar,knee bar,submission,False,[]
d68f7604-d0a1-454f-9e54-df6b2ba81a27_e0008_w0002_f00,d68f7604-d0a1-454f-9e54-df6b2ba81a27,https://www.youtube.com/watch?v=22QAtq917NI&t=240s,1cb1d5d7-1df9-477d-9260-9f9107e0d482,a4f5f6c1-d877-4e33-ba3e-e027a46735d9,d68f7604-d0a1-454f-9e54-df6b2ba81a27:6:15,1,8,6,Sweep,sweep,8,Mount,control,708.0,707.4,-0.6,15,Sweep,sweep,mount,mount,control,mount,mount,control,False,[]
d68f7604-d0a1-454f-9e54-df6b2ba81a27_e0008_w0002_f01,d68f7604-d0a1-454f-9e54-df6b2ba81a27,https://www.youtube.com/watch?v=22QAtq917NI&t=240s,1cb1d5d7-1df9-477d-9260-9f9107e0d482,a4f5f6c1-d877-4e33-ba3e-e027a46735d9,d68f7604-d0a1-454f-9e54-df6b2ba81a27:6:15,1,8,6,Sweep,sweep,8,Mount,control,708.0,707.7,-0.3,15,Sweep,sweep,mount,mount,control,mount,mount,control,False,[]
d68f7604-d0a1-454f-9e54-df6b2ba81a27_e0008_w0002_f02,d68f7604-d0a1-454f-9e54-df6b2ba81a27,https://www.youtube.com/watch?v=22QAtq917NI&t=240s,1cb1d5d7-1df9-477d-9260-9f9107e0d482,a4f5f6c1-d877-4e33-ba3e-e027a46735d9,d68f7604-d0a1-454f-9e54-df6b2ba81a27:6:15,1,8,6,Sweep,sweep,8,Mount,control,708.0,708.0,0.0,15,Sweep,sweep,mount,mount,control,mount,mount,control,False,[]
d68f7604-d0a1-454f-9e54-df6b2ba81a27_e0008_w0002_f03,d68f7604-d0a1-454f-9e54-df6b2ba81a27,https://www.youtube.com/watch?v=22QAtq917NI&t=240s,1cb1d5d7-1df9-477d-9260-9f9107e0d482,a4f5f6c1-d877-4e33-ba3e-e027a46735d9,d68f7604-d0a1-454f-9e54-df6b2ba81a27:6:15,1,8,6,Sweep,sweep,8,Mount,control,708.0,708.3,0.3,15,Sweep,sweep,mount,mount,control,mount,mount,control,False,[]
d68f7604-d0a1-454f-9e54-df6b2ba81a27_e0008_w0002_f04,d68f7604-d0a1-454f-9e54-df6b2ba81a27,https://www.youtube.com/watch?v=22QAtq917NI&t=240s,1cb1d5d7-1df9-477d-9260-9f9107e0d482,a4f5f6c1-d877-4e33-ba3e-e027a46735d9,d68f7604-d0a1-454f-9e54-df6b2ba81a27:6:15,1,8,6,Sweep,sweep,8,Mount,control,708.0,708.6,0.6,15,Sweep,sweep,mount,mount,control,mount,mount,control,False,[]
d68f7604-d0a1-454f-9e54-df6b2ba81a27_e0009_w0003_f00,d68f7604-d0a1-454f-9e54-df6b2ba81a27,https://www.youtube.com/watch?v=22QAtq917NI&t=240s,1cb1d5d7-1df9-477d-9260-9f9107e0d482,a4f5f6c1-d877-4e33-ba3e-e027a46735d9,d68f7604-d0a1-454f-9e54-df6b2ba81a27:6:15,2,8,6,Sweep,sweep,9,Mount,control,733.0,732.4,-0.6,15,Sweep,sweep,mount,mount,control,mount,mount,control,False,[]
d68f7604-d0a1-454f-9e54-df6b2ba81a27_e0009_w0003_f01,d68f7604-d0a1-454f-9e54-df6b2ba81a27,https://www.youtube.com/watch?v=22QAtq917NI&t=240s,1cb1d5d7-1df9-477d-9260-9f9107e0d482,a4f5f6c1-d877-4e33-ba3e-e027a46735d9,d68f7604-d0a1-454f-9e54-df6b2ba81a27:6:15,2,8,6,Sweep,sweep,9,Mount,control,733.0,732.7,-0.3,15,Sweep,sweep,mount,mount,control,mount,mount,control,False,[]
d68f7604-d0a1-454f-9e54-df6b2ba81a27_e0009_w0003_f02,d68f7604-d0a1-454f-9e54-df6b2ba81a27,https://www.youtube.com/watch?v=22QAtq917NI&t=240s,1cb1d5d7-1df9-477d-9260-9f9107e0d482,a4f5f6c1-d877-4e33-ba3e-e027a46735d9,d68f7604-d0a1-454f-9e54-df6b2ba81a27:6:15,2,8,6,Sweep,sweep,9,Mount,control,733.0,733.0,0.0,15,Sweep,sweep,mount,mount,control,mount,mount,control,False,[]
d68f7604-d0a1-454f-9e54-df6b2ba81a27_e0009_w0003_f03,d68f7604-d0a1-454f-9e54-df6b2ba81a27,https://www.youtube.com/watch?v=22QAtq917NI&t=240s,1cb1d5d7-1df9-477d-9260-9f9107e0d482,a4f5f6c1-d877-4e33-ba3e-e027a46735d9,d68f7604-d0a1-454f-9e54-df6b2ba81a27:6:15,2,8,6,Sweep,sweep,9,Mount,control,733.0,733.3,0.3,15,Sweep,sweep,mount,mount,control,mount,mount,control,False,[]
d68f7604-d0a1-454f-9e54-df6b2ba81a27_e0009_w0003_f04,d68f7604-d0a1-454f-9e54-df6b2ba81a27,https://www.youtube.com/watch?v=22QAtq917NI&t=240s,1cb1d5d7-1df9-477d-9260-9f9107e0d482,a4f5f6c1-d877-4e33-ba3e-e027a46735d9,d68f7604-d0a1-454f-9e54-df6b2ba81a27:6:15,2,8,6,Sweep,sweep,9,Mount,control,733.0,733.6,0.6,15,Sweep,sweep,mount,mount,control,mount,mount,control,False,[]
d68f7604-d0a1-454f-9e54-df6b2ba81a27_e0010_w0004_f00,d68f7604-d0a1-454f-9e54-df6b2ba81a27,https://www.youtube.com/watch?v=22QAtq917NI&t=240s,1cb1d5d7-1df9-477d-9260-9f9107e0d482,a4f5f6c1-d877-4e33-ba3e-e027a46735d9,d68f7604-d0a1-454f-9e54-df6b2ba81a27:6:15,3,8,6,Sweep,sweep,10,Mount,control,762.0,761.4,-0.6,15,Sweep,sweep,mount,mount,control,mount,mount,control,False,[]
d68f7604-d0a1-454f-9e54-df6b2ba81a27_e0010_w0004_f01,d68f7604-d0a1-454f-9e54-df6b2ba81a27,https://www.youtube.com/watch?v=22QAtq917NI&t=240s,1cb1d5d7-1df9-477d-9260-9f9107e0d482,a4f5f6c1-d877-4e33-ba3e-e027a46735d9,d68f7604-d0a1-454f-9e54-df6b2ba81a27:6:15,3,8,6,Sweep,sweep,10,Mount,control,762.0,761.7,-0.3,15,Sweep,sweep,mount,mount,control,mount,mount,control,False,[]
d68f7604-d0a1-454f-9e54-df6b2ba81a27_e0010_w0004_f02,d68f7604-d0a1-454f-9e54-df6b2ba81a27,https://www.youtube.com/watch?v=22QAtq917NI&t=240s,1cb1d5d7-1df9-477d-9260-9f9107e0d482,a4f5f6c1-d877-4e33-ba3e-e027a46735d9,d68f7604-d0a1-454f-9e54-df6b2ba81a27:6:15,3,8,6,Sweep,sweep,10,Mount,control,762.0,762.0,0.0,15,Sweep,sweep,mount,mount,control,mount,mount,control,False,[]
d68f7604-d0a1-454f-9e54-df6b2ba81a27_e0010_w0004_f03,d68f7604-d0a1-454f-9e54-df6b2ba81a27,https://www.youtube.com/watch?v=22QAtq917NI&t=240s,1cb1d5d7-1df9-477d-9260-9f9107e0d482,a4f5f6c1-d877-4e33-ba3e-e027a46735d9,d68f7604-d0a1-454f-9e54-df6b2ba81a27:6:15,3,8,6,Sweep,sweep,10,Mount,control,762.0,762.3,0.3,15,Sweep,sweep,mount,mount,control,mount,mount,control,False,[]
d68f7604-d0a1-454f-9e54-df6b2ba81a27_e0010_w0004_f04,d68f7604-d0a1-454f-9e54-df6b2ba81a27,https://www.youtube.com/watch?v=22QAtq917NI&t=240s,1cb1d5d7-1df9-477d-9260-9f9107e0d482,a4f5f6c1-d877-4e33-ba3e-e027a46735d9,d68f7604-d0a1-454f-9e54-df6b2ba81a27:6:15,3,8,6,Sweep,sweep,10,Mount,control,762.0,762.6,0.6,15,Sweep,sweep,mount,mount,control,mount,mount,control,False,[]
d68f7604-d0a1-454f-9e54-df6b2ba81a27_e0011_w0005_f00,d68f7604-d0a1-454f-9e54-df6b2ba81a27,https://www.youtube.com/watch?v=22QAtq917NI&t=240s,1cb1d5d7-1df9-477d-9260-9f9107e0d482,a4f5f6c1-d877-4e33-ba3e-e027a46735d9,d68f7604-d0a1-454f-9e54-df6b2ba81a27:6:15,4,8,6,Sweep,sweep,11,Mount,control,803.0,802.4,-0.6,15,Sweep,sweep,mount,mount,control,mount,mount,control,False,[]
d68f7604-d0a1-454f-9e54-df6b2ba81a27_e0011_w0005_f01,d68f7604-d0a1-454f-9e54-df6b2ba81a27,https://www.youtube.com/watch?v=22QAtq917NI&t=240s,1cb1d5d7-1df9-477d-9260-9f9107e0d482,a4f5f6c1-d877-4e33-ba3e-e027a46735d9,d68f7604-d0a1-454f-9e54-df6b2ba81a27:6:15,4,8,6,Sweep,sweep,11,Mount,control,803.0,802.7,-0.3,15,Sweep,sweep,mount,mount,control,mount,mount,control,False,[]
d68f7604-d0a1-454f-9e54-df6b2ba81a27_e0011_w0005_f02,d68f7604-d0a1-454f-9e54-df6b2ba81a27,https://www.youtube.com/watch?v=22QAtq917NI&t=240s,1cb1d5d7-1df9-477d-9260-9f9107e0d482,a4f5f6c1-d877-4e33-ba3e-e027a46735d9,d68f7604-d0a1-454f-9e54-df6b2ba81a27:6:15,4,8,6,Sweep,sweep,11,Mount,control,803.0,803.0,0.0,15,Sweep,sweep,mount,mount,control,mount,mount,control,False,[]
d68f7604-d0a1-454f-9e54-df6b2ba81a27_e0011_w0005_f03,d68f7604-d0a1-454f-9e54-df6b2ba81a27,https://www.youtube.com/watch?v=22QAtq917NI&t=240s,1cb1d5d7-1df9-477d-9260-9f9107e0d482,a4f5f6c1-d877-4e33-ba3e-e027a46735d9,d68f7604-d0a1-454f-9e54-df6b2ba81a27:6:15,4,8,6,Sweep,sweep,11,Mount,control,803.0,803.3,0.3,15,Sweep,sweep,mount,mount,control,mount,mount,control,False,[]
d68f7604-d0a1-454f-9e54-df6b2ba81a27_e0011_w0005_f04,d68f7604-d0a1-454f-9e54-df6b2ba81a27,https://www.youtube.com/watch?v=22QAtq917NI&t=240s,1cb1d5d7-1df9-477d-9260-9f9107e0d482,a4f5f6c1-d877-4e33-ba3e-e027a46735d9,d68f7604-d0a1-454f-9e54-df6b2ba81a27:6:15,4,8,6,Sweep,sweep,11,Mount,control,803.0,803.6,0.6,15,Sweep,sweep,mount,mount,control,mount,mount,control,False,[]
d68f7604-d0a1-454f-9e54-df6b2ba81a27_e0012_w0006_f00,d68f7604-d0a1-454f-9e54-df6b2ba81a27,https://www.youtube.com/watch?v=22QAtq917NI&t=240s,1cb1d5d7-1df9-477d-9260-9f9107e0d482,a4f5f6c1-d877-4e33-ba3e-e027a46735d9,d68f7604-d0a1-454f-9e54-df6b2ba81a27:6:15,5,8,6,Sweep,sweep,12,Mount,control,829.0,828.4,-0.6,15,Sweep,sweep,mount,mount,control,mount,mount,control,False,[]
d68f7604-d0a1-454f-9e54-df6b2ba81a27_e0012_w0006_f01,d68f7604-d0a1-454f-9e54-df6b2ba81a27,https://www.youtube.com/watch?v=22QAtq917NI&t=240s,1cb1d5d7-1df9-477d-9260-9f9107e0d482,a4f5f6c1-d877-4e33-ba3e-e027a46735d9,d68f7604-d0a1-454f-9e54-df6b2ba81a27:6:15,5,8,6,Sweep,sweep,12,Mount,control,829.0,828.7,-0.3,15,Sweep,sweep,mount,mount,control,mount,mount,control,False,[]
d68f7604-d0a1-454f-9e54-df6b2ba81a27_e0012_w0006_f02,d68f7604-d0a1-454f-9e54-df6b2ba81a27,https://www.youtube.com/watch?v=22QAtq917NI&t=240s,1cb1d5d7-1df9-477d-9260-9f9107e0d482,a4f5f6c1-d877-4e33-ba3e-e027a46735d9,d68f7604-d0a1-454f-9e54-df6b2ba81a27:6:15,5,8,6,Sweep,sweep,12,Mount,control,829.0,829.0,0.0,15,Sweep,sweep,mount,mount,control,mount,mount,control,False,[]
d68f7604-d0a1-454f-9e54-df6b2ba81a27_e0012_w0006_f03,d68f7604-d0a1-454f-9e54-df6b2ba81a27,https://www.youtube.com/watch?v=22QAtq917NI&t=240s,1cb1d5d7-1df9-477d-9260-9f9107e0d482,a4f5f6c1-d877-4e33-ba3e-e027a46735d9,d68f7604-d0a1-454f-9e54-df6b2ba81a27:6:15,5,8,6,Sweep,sweep,12,Mount,control,829.0,829.3,0.3,15,Sweep,sweep,mount,mount,control,mount,mount,control,False,[]
d68f7604-d0a1-454f-9e54-df6b2ba81a27_e0012_w0006_f04,d68f7604-d0a1-454f-9e54-df6b2ba81a27,https://www.youtube.com/watch?v=22QAtq917NI&t=240s,1cb1d5d7-1df9-477d-9260-9f9107e0d482,a4f5f6c1-d877-4e33-ba3e-e027a46735d9,d68f7604-d0a1-454f-9e54-df6b2ba81a27:6:15,5,8,6,Sweep,sweep,12,Mount,control,829.0,829.6,0.6,15,Sweep,sweep,mount,mount,control,mount,mount,control,False,[]
d68f7604-d0a1-454f-9e54-df6b2ba81a27_e0013_w0007_f00,d68f7604-d0a1-454f-9e54-df6b2ba81a27,https://www.youtube.com/watch?v=22QAtq917NI&t=240s,1cb1d5d7-1df9-477d-9260-9f9107e0d482,a4f5f6c1-d877-4e33-ba3e-e027a46735d9,d68f7604-d0a1-454f-9e54-df6b2ba81a27:6:15,6,8,6,Sweep,sweep,13,Mount,control,848.0,847.4,-0.6,15,Sweep,sweep,mount,mount,control,mount,mount,control,False,[]
d68f7604-d0a1-454f-9e54-df6b2ba81a27_e0013_w0007_f01,d68f7604-d0a1-454f-9e54-df6b2ba81a27,https://www.youtube.com/watch?v=22QAtq917NI&t=240s,1cb1d5d7-1df9-477d-9260-9f9107e0d482,a4f5f6c1-d877-4e33-ba3e-e027a46735d9,d68f7604-d0a1-454f-9e54-df6b2ba81a27:6:15,6,8,6,Sweep,sweep,13,Mount,control,848.0,847.7,-0.3,15,Sweep,sweep,mount,mount,control,mount,mount,control,False,[]
d68f7604-d0a1-454f-9e54-df6b2ba81a27_e0013_w0007_f02,d68f7604-d0a1-454f-9e54-df6b2ba81a27,https://www.youtube.com/watch?v=22QAtq917NI&t=240s,1cb1d5d7-1df9-477d-9260-9f9107e0d482,a4f5f6c1-d877-4e33-ba3e-e027a46735d9,d68f7604-d0a1-454f-9e54-df6b2ba81a27:6:15,6,8,6,Sweep,sweep,13,Mount,control,848.0,848.0,0.0,15,Sweep,sweep,mount,mount,control,mount,mount,control,False,[]
d68f7604-d0a1-454f-9e54-df6b2ba81a27_e0013_w0007_f03,d68f7604-d0a1-454f-9e54-df6b2ba81a27,https://www.youtube.com/watch?v=22QAtq917NI&t=240s,1cb1d5d7-1df9-477d-9260-9f9107e0d482,a4f5f6c1-d877-4e33-ba3e-e027a46735d9,d68f7604-d0a1-454f-9e54-df6b2ba81a27:6:15,6,8,6,Sweep,sweep,13,Mount,control,848.0,848.3,0.3,15,Sweep,sweep,mount,mount,control,mount,mount,control,False,[]
d68f7604-d0a1-454f-9e54-df6b2ba81a27_e0013_w0007_f04,d68f7604-d0a1-454f-9e54-df6b2ba81a27,https://www.youtube.com/watch?v=22QAtq917NI&t=240s,1cb1d5d7-1df9-477d-9260-9f9107e0d482,a4f5f6c1-d877-4e33-ba3e-e027a46735d9,d68f7604-d0a1-454f-9e54-df6b2ba81a27:6:15,6,8,6,Sweep,sweep,13,Mount,control,848.0,848.6,0.6,15,Sweep,sweep,mount,mount,control,mount,mount,control,False,[]
d68f7604-d0a1-454f-9e54-df6b2ba81a27_e0014_w0008_f00,d68f7604-d0a1-454f-9e54-df6b2ba81a27,https://www.youtube.com/watch?v=22QAtq917NI&t=240s,1cb1d5d7-1df9-477d-9260-9f9107e0d482,a4f5f6c1-d877-4e33-ba3e-e027a46735d9,d68f7604-d0a1-454f-9e54-df6b2ba81a27:6:15,7,8,6,Sweep,sweep,14,Mount,control,859.0,858.4,-0.6,15,Sweep,sweep,mount,mount,control,mount,mount,control,False,[]
d68f7604-d0a1-454f-9e54-df6b2ba81a27_e0014_w0008_f01,d68f7604-d0a1-454f-9e54-df6b2ba81a27,https://www.youtube.com/watch?v=22QAtq917NI&t=240s,1cb1d5d7-1df9-477d-9260-9f9107e0d482,a4f5f6c1-d877-4e33-ba3e-e027a46735d9,d68f7604-d0a1-454f-9e54-df6b2ba81a27:6:15,7,8,6,Sweep,sweep,14,Mount,control,859.0,858.7,-0.3,15,Sweep,sweep,mount,mount,control,mount,mount,control,False,[]
d68f7604-d0a1-454f-9e54-df6b2ba81a27_e0014_w0008_f02,d68f7604-d0a1-454f-9e54-df6b2ba81a27,https://www.youtube.com/watch?v=22QAtq917NI&t=240s,1cb1d5d7-1df9-477d-9260-9f9107e0d482,a4f5f6c1-d877-4e33-ba3e-e027a46735d9,d68f7604-d0a1-454f-9e54-df6b2ba81a27:6:15,7,8,6,Sweep,sweep,14,Mount,control,859.0,859.0,0.0,15,Sweep,sweep,mount,mount,control,mount,mount,control,False,[]
d68f7604-d0a1-454f-9e54-df6b2ba81a27_e0014_w0008_f03,d68f7604-d0a1-454f-9e54-df6b2ba81a27,https://www.youtube.com/watch?v=22QAtq917NI&t=240s,1cb1d5d7-1df9-477d-9260-9f9107e0d482,a4f5f6c1-d877-4e33-ba3e-e027a46735d9,d68f7604-d0a1-454f-9e54-df6b2ba81a27:6:15,7,8,6,Sweep,sweep,14,Mount,control,859.0,859.3,0.3,15,Sweep,sweep,mount,mount,control,mount,mount,control,False,[]
d68f7604-d0a1-454f-9e54-df6b2ba81a27_e0014_w0008_f04,d68f7604-d0a1-454f-9e54-df6b2ba81a27,https://www.youtube.com/watch?v=22QAtq917NI&t=240s,1cb1d5d7-1df9-477d-9260-9f9107e0d482,a4f5f6c1-d877-4e33-ba3e-e027a46735d9,d68f7604-d0a1-454f-9e54-df6b2ba81a27:6:15,7,8,6,Sweep,sweep,14,Mount,control,859.0,859.6,0.6,15,Sweep,sweep,mount,mount,control,mount,mount,control,False,[]
d68f7604-d0a1-454f-9e54-df6b2ba81a27_e0016_w0009_f00,d68f7604-d0a1-454f-9e54-df6b2ba81a27,https://www.youtube.com/watch?v=22QAtq917NI&t=240s,1cb1d5d7-1df9-477d-9260-9f9107e0d482,a4f5f6c1-d877-4e33-ba3e-e027a46735d9,d68f7604-d0a1-454f-9e54-df6b2ba81a27:15:17,0,1,15,Sweep,sweep,16,Triangle Attempt,submission,1209.0,1208.4,-0.6,17,Closed Guard,closed guard,triangle attempt,triangle attempt,submission,triangle attempt,triangle attempt,submission,True,[]
d68f7604-d0a1-454f-9e54-df6b2ba81a27_e0016_w0009_f01,d68f7604-d0a1-454f-9e54-df6b2ba81a27,https://www.youtube.com/watch?v=22QAtq917NI&t=240s,1cb1d5d7-1df9-477d-9260-9f9107e0d482,a4f5f6c1-d877-4e33-ba3e-e027a46735d9,d68f7604-d0a1-454f-9e54-df6b2ba81a27:15:17,0,1,15,Sweep,sweep,16,Triangle Attempt,submission,1209.0,1208.7,-0.3,17,Closed Guard,closed guard,triangle attempt,triangle attempt,submission,triangle attempt,triangle attempt,submission,True,[]
d68f7604-d0a1-454f-9e54-df6b2ba81a27_e0016_w0009_f02,d68f7604-d0a1-454f-9e54-df6b2ba81a27,https://www.youtube.com/watch?v=22QAtq917NI&t=240s,1cb1d5d7-1df9-477d-9260-9f9107e0d482,a4f5f6c1-d877-4e33-ba3e-e027a46735d9,d68f7604-d0a1-454f-9e54-df6b2ba81a27:15:17,0,1,15,Sweep,sweep,16,Triangle Attempt,submission,1209.0,1209.0,0.0,17,Closed Guard,closed guard,triangle attempt,triangle attempt,submission,triangle attempt,triangle attempt,submission,True,[]
d68f7604-d0a1-454f-9e54-df6b2ba81a27_e0016_w0009_f03,d68f7604-d0a1-454f-9e54-df6b2ba81a27,https://www.youtube.com/watch?v=22QAtq917NI&t=240s,1cb1d5d7-1df9-477d-9260-9f9107e0d482,a4f5f6c1-d877-4e33-ba3e-e027a46735d9,d68f7604-d0a1-454f-9e54-df6b2ba81a27:15:17,0,1,15,Sweep,sweep,16,Triangle Attempt,submission,1209.0,1209.3,0.3,17,Closed Guard,closed guard,triangle attempt,triangle attempt,submission,triangle attempt,triangle attempt,submission,True,[]
d68f7604-d0a1-454f-9e54-df6b2ba81a27_e0016_w0009_f04,d68f7604-d0a1-454f-9e54-df6b2ba81a27,https://www.youtube.com/watch?v=22QAtq917NI&t=240s,1cb1d5d7-1df9-477d-9260-9f9107e0d482,a4f5f6c1-d877-4e33-ba3e-e027a46735d9,d68f7604-d0a1-454f-9e54-df6b2ba81a27:15:17,0,1,15,Sweep,sweep,16,Triangle Attempt,submission,1209.0,1209.6,0.6,17,Closed Guard,closed guard,triangle attempt,triangle attempt,submission,triangle attempt,triangle attempt,submission,True,[]
d68f7604-d0a1-454f-9e54-df6b2ba81a27_e0018_w0010_f00,d68f7604-d0a1-454f-9e54-df6b2ba81a27,https://www.youtube.com/watch?v=22QAtq917NI&t=240s,1cb1d5d7-1df9-477d-9260-9f9107e0d482,a4f5f6c1-d877-4e33-ba3e-e027a46735d9,d68f7604-d0a1-454f-9e54-df6b2ba81a27:17:24,0,6,17,Closed Guard,closed guard,18,Armbar Attempt,submission,1281.0,1280.4,-0.6,24,Half Guard,half guard,armbar attempt,armbar attempt,submission,armbar,arm-lock,submission,True,[]
d68f7604-d0a1-454f-9e54-df6b2ba81a27_e0018_w0010_f01,d68f7604-d0a1-454f-9e54-df6b2ba81a27,https://www.youtube.com/watch?v=22QAtq917NI&t=240s,1cb1d5d7-1df9-477d-9260-9f9107e0d482,a4f5f6c1-d877-4e33-ba3e-e027a46735d9,d68f7604-d0a1-454f-9e54-df6b2ba81a27:17:24,0,6,17,Closed Guard,closed guard,18,Armbar Attempt,submission,1281.0,1280.7,-0.3,24,Half Guard,half guard,armbar attempt,armbar attempt,submission,armbar,arm-lock,submission,True,[]
d68f7604-d0a1-454f-9e54-df6b2ba81a27_e0018_w0010_f02,d68f7604-d0a1-454f-9e54-df6b2ba81a27,https://www.youtube.com/watch?v=22QAtq917NI&t=240s,1cb1d5d7-1df9-477d-9260-9f9107e0d482,a4f5f6c1-d877-4e33-ba3e-e027a46735d9,d68f7604-d0a1-454f-9e54-df6b2ba81a27:17:24,0,6,17,Closed Guard,closed guard,18,Armbar Attempt,submission,1281.0,1281.0,0.0,24,Half Guard,half guard,armbar attempt,armbar attempt,submission,armbar,arm-lock,submission,True,[]
d68f7604-d0a1-454f-9e54-df6b2ba81a27_e0018_w0010_f03,d68f7604-d0a1-454f-9e54-df6b2ba81a27,https://www.youtube.com/watch?v=22QAtq917NI&t=240s,1cb1d5d7-1df9-477d-9260-9f9107e0d482,a4f5f6c1-d877-4e33-ba3e-e027a46735d9,d68f7604-d0a1-454f-9e54-df6b2ba81a27:17:24,0,6,17,Closed Guard,closed guard,18,Armbar Attempt,submission,1281.0,1281.3,0.3,24,Half Guard,half guard,armbar attempt,armbar attempt,submission,armbar,arm-lock,submission,True,[]
d68f7604-d0a1-454f-9e54-df6b2ba81a27_e0018_w0010_f04,d68f7604-d0a1-454f-9e54-df6b2ba81a27,https://www.youtube.com/watch?v=22QAtq917NI&t=240s,1cb1d5d7-1df9-477d-9260-9f9107e0d482,a4f5f6c1-d877-4e33-ba3e-e027a46735d9,d68f7604-d0a1-454f-9e54-df6b2ba81a27:17:24,0,6,17,Closed Guard,closed guard,18,Armbar Attempt,submission,1281.0,1281.6,0.6,24,Half Guard,half guard,armbar attempt,armbar attempt,submission,armbar,arm-lock,submission,True,[]
d68f7604-d0a1-454f-9e54-df6b2ba81a27_e0019_w0011_f00,d68f7604-d0a1-454f-9e54-df6b2ba81a27,https://www.youtube.com/watch?v=22QAtq917NI&t=240s,1cb1d5d7-1df9-477d-9260-9f9107e0d482,a4f5f6c1-d877-4e33-ba3e-e027a46735d9,d68f7604-d0a1-454f-9e54-df6b2ba81a27:17:24,1,6,17,Closed Guard,closed guard,19,Triangle Attempt,submission,1326.0,1325.4,-0.6,24,Half Guard,half guard,triangle attempt,triangle attempt,submission,triangle attempt,triangle attempt,submission,True,[]
d68f7604-d0a1-454f-9e54-df6b2ba81a27_e0019_w0011_f01,d68f7604-d0a1-454f-9e54-df6b2ba81a27,https://www.youtube.com/watch?v=22QAtq917NI&t=240s,1cb1d5d7-1df9-477d-9260-9f9107e0d482,a4f5f6c1-d877-4e33-ba3e-e027a46735d9,d68f7604-d0a1-454f-9e54-df6b2ba81a27:17:24,1,6,17,Closed Guard,closed guard,19,Triangle Attempt,submission,1326.0,1325.7,-0.3,24,Half Guard,half guard,triangle attempt,triangle attempt,submission,triangle attempt,triangle attempt,submission,True,[]
d68f7604-d0a1-454f-9e54-df6b2ba81a27_e0019_w0011_f02,d68f7604-d0a1-454f-9e54-df6b2ba81a27,https://www.youtube.com/watch?v=22QAtq917NI&t=240s,1cb1d5d7-1df9-477d-9260-9f9107e0d482,a4f5f6c1-d877-4e33-ba3e-e027a46735d9,d68f7604-d0a1-454f-9e54-df6b2ba81a27:17:24,1,6,17,Closed Guard,closed guard,19,Triangle Attempt,submission,1326.0,1326.0,0.0,24,Half Guard,half guard,triangle attempt,triangle attempt,submission,triangle attempt,triangle attempt,submission,True,[]
d68f7604-d0a1-454f-9e54-df6b2ba81a27_e0019_w0011_f03,d68f7604-d0a1-454f-9e54-df6b2ba81a27,https://www.youtube.com/watch?v=22QAtq917NI&t=240s,1cb1d5d7-1df9-477d-9260-9f9107e0d482,a4f5f6c1-d877-4e33-ba3e-e027a46735d9,d68f7604-d0a1-454f-9e54-df6b2ba81a27:17:24,1,6,17,Closed Guard,closed guard,19,Triangle Attempt,submission,1326.0,1326.3,0.3,24,Half Guard,half guard,triangle attempt,triangle attempt,submission,triangle attempt,triangle attempt,submission,True,[]
d68f7604-d0a1-454f-9e54-df6b2ba81a27_e0019_w0011_f04,d68f7604-d0a1-454f-9e54-df6b2ba81a27,https://www.youtube.com/watch?v=22QAtq917NI&t=240s,1cb1d5d7-1df9-477d-9260-9f9107e0d482,a4f5f6c1-d877-4e33-ba3e-e027a46735d9,d68f7604-d0a1-454f-9e54-df6b2ba81a27:17:24,1,6,17,Closed Guard,closed guard,19,Triangle Attempt,submission,1326.0,1326.6,0.6,24,Half Guard,half guard,triangle attempt,triangle attempt,submission,triangle attempt,triangle attempt,submission,True,[]
d68f7604-d0a1-454f-9e54-df6b2ba81a27_e0020_w0012_f00,d68f7604-d0a1-454f-9e54-df6b2ba81a27,https://www.youtube.com/watch?v=22QAtq917NI&t=240s,1cb1d5d7-1df9-477d-9260-9f9107e0d482,a4f5f6c1-d877-4e33-ba3e-e027a46735d9,d68f7604-d0a1-454f-9e54-df6b2ba81a27:17:24,2,6,17,Closed Guard,closed guard,20,Triangle Attempt,submission,1334.0,1333.4,-0.6,24,Half Guard,half guard,triangle attempt,triangle attempt,submission,triangle attempt,triangle attempt,submission,True,[]
d68f7604-d0a1-454f-9e54-df6b2ba81a27_e0020_w0012_f01,d68f7604-d0a1-454f-9e54-df6b2ba81a27,https://www.youtube.com/watch?v=22QAtq917NI&t=240s,1cb1d5d7-1df9-477d-9260-9f9107e0d482,a4f5f6c1-d877-4e33-ba3e-e027a46735d9,d68f7604-d0a1-454f-9e54-df6b2ba81a27:17:24,2,6,17,Closed Guard,closed guard,20,Triangle Attempt,submission,1334.0,1333.7,-0.3,24,Half Guard,half guard,triangle attempt,triangle attempt,submission,triangle attempt,triangle attempt,submission,True,[]
d68f7604-d0a1-454f-9e54-df6b2ba81a27_e0020_w0012_f02,d68f7604-d0a1-454f-9e54-df6b2ba81a27,https://www.youtube.com/watch?v=22QAtq917NI&t=240s,1cb1d5d7-1df9-477d-9260-9f9107e0d482,a4f5f6c1-d877-4e33-ba3e-e027a46735d9,d68f7604-d0a1-454f-9e54-df6b2ba81a27:17:24,2,6,17,Closed Guard,closed guard,20,Triangle Attempt,submission,1334.0,1334.0,0.0,24,Half Guard,half guard,triangle attempt,triangle attempt,submission,triangle attempt,triangle attempt,submission,True,[]
d68f7604-d0a1-454f-9e54-df6b2ba81a27_e0020_w0012_f03,d68f7604-d0a1-454f-9e54-df6b2ba81a27,https://www.youtube.com/watch?v=22QAtq917NI&t=240s,1cb1d5d7-1df9-477d-9260-9f9107e0d482,a4f5f6c1-d877-4e33-ba3e-e027a46735d9,d68f7604-d0a1-454f-9e54-df6b2ba81a27:17:24,2,6,17,Closed Guard,closed guard,20,Triangle Attempt,submission,1334.0,1334.3,0.3,24,Half Guard,half guard,triangle attempt,triangle attempt,submission,triangle attempt,triangle attempt,submission,True,[]
d68f7604-d0a1-454f-9e54-df6b2ba81a27_e0020_w0012_f04,d68f7604-d0a1-454f-9e54-df6b2ba81a27,https://www.youtube.com/watch?v=22QAtq917NI&t=240s,1cb1d5d7-1df9-477d-9260-9f9107e0d482,a4f5f6c1-d877-4e33-ba3e-e027a46735d9,d68f7604-d0a1-454f-9e54-df6b2ba81a27:17:24,2,6,17,Closed Guard,closed guard,20,Triangle Attempt,submission,1334.0,1334.6,0.6,24,Half Guard,half guard,triangle attempt,triangle attempt,submission,triangle attempt,triangle attempt,submission,True,[]
d68f7604-d0a1-454f-9e54-df6b2ba81a27_e0021_w0013_f00,d68f7604-d0a1-454f-9e54-df6b2ba81a27,https://www.youtube.com/watch?v=22QAtq917NI&t=240s,1cb1d5d7-1df9-477d-9260-9f9107e0d482,a4f5f6c1-d877-4e33-ba3e-e027a46735d9,d68f7604-d0a1-454f-9e54-df6b2ba81a27:17:24,3,6,17,Closed Guard,closed guard,21,Triangle Attempt,submission,1358.0,1357.4,-0.6,24,Half Guard,half guard,triangle attempt,triangle attempt,submission,triangle attempt,triangle attempt,submission,True,[]
d68f7604-d0a1-454f-9e54-df6b2ba81a27_e0021_w0013_f01,d68f7604-d0a1-454f-9e54-df6b2ba81a27,https://www.youtube.com/watch?v=22QAtq917NI&t=240s,1cb1d5d7-1df9-477d-9260-9f9107e0d482,a4f5f6c1-d877-4e33-ba3e-e027a46735d9,d68f7604-d0a1-454f-9e54-df6b2ba81a27:17:24,3,6,17,Closed Guard,closed guard,21,Triangle Attempt,submission,1358.0,1357.7,-0.3,24,Half Guard,half guard,triangle attempt,triangle attempt,submission,triangle attempt,triangle attempt,submission,True,[]
d68f7604-d0a1-454f-9e54-df6b2ba81a27_e0021_w0013_f02,d68f7604-d0a1-454f-9e54-df6b2ba81a27,https://www.youtube.com/watch?v=22QAtq917NI&t=240s,1cb1d5d7-1df9-477d-9260-9f9107e0d482,a4f5f6c1-d877-4e33-ba3e-e027a46735d9,d68f7604-d0a1-454f-9e54-df6b2ba81a27:17:24,3,6,17,Closed Guard,closed guard,21,Triangle Attempt,submission,1358.0,1358.0,0.0,24,Half Guard,half guard,triangle attempt,triangle attempt,submission,triangle attempt,triangle attempt,submission,True,[]
d68f7604-d0a1-454f-9e54-df6b2ba81a27_e0021_w0013_f03,d68f7604-d0a1-454f-9e54-df6b2ba81a27,https://www.youtube.com/watch?v=22QAtq917NI&t=240s,1cb1d5d7-1df9-477d-9260-9f9107e0d482,a4f5f6c1-d877-4e33-ba3e-e027a46735d9,d68f7604-d0a1-454f-9e54-df6b2ba81a27:17:24,3,6,17,Closed Guard,closed guard,21,Triangle Attempt,submission,1358.0,1358.3,0.3,24,Half Guard,half guard,triangle attempt,triangle attempt,submission,triangle attempt,triangle attempt,submission,True,[]
d68f7604-d0a1-454f-9e54-df6b2ba81a27_e0021_w0013_f04,d68f7604-d0a1-454f-9e54-df6b2ba81a27,https://www.youtube.com/watch?v=22QAtq917NI&t=240s,1cb1d5d7-1df9-477d-9260-9f9107e0d482,a4f5f6c1-d877-4e33-ba3e-e027a46735d9,d68f7604-d0a1-454f-9e54-df6b2ba81a27:17:24,3,6,17,Closed Guard,closed guard,21,Triangle Attempt,submission,1358.0,1358.6,0.6,24,Half Guard,half guard,triangle attempt,triangle attempt,submission,triangle attempt,triangle attempt,submission,True,[]
d68f7604-d0a1-454f-9e54-df6b2ba81a27_e0022_w0014_f00,d68f7604-d0a1-454f-9e54-df6b2ba81a27,https://www.youtube.com/watch?v=22QAtq917NI&t=240s,1cb1d5d7-1df9-477d-9260-9f9107e0d482,a4f5f6c1-d877-4e33-ba3e-e027a46735d9,d68f7604-d0a1-454f-9e54-df6b2ba81a27:17:24,4,6,17,Closed Guard,closed guard,22,Triangle Attempt,submission,1377.0,1376.4,-0.6,24,Half Guard,half guard,triangle attempt,triangle attempt,submission,triangle attempt,triangle attempt,submission,True,[]
d68f7604-d0a1-454f-9e54-df6b2ba81a27_e0022_w0014_f01,d68f7604-d0a1-454f-9e54-df6b2ba81a27,https://www.youtube.com/watch?v=22QAtq917NI&t=240s,1cb1d5d7-1df9-477d-9260-9f9107e0d482,a4f5f6c1-d877-4e33-ba3e-e027a46735d9,d68f7604-d0a1-454f-9e54-df6b2ba81a27:17:24,4,6,17,Closed Guard,closed guard,22,Triangle Attempt,submission,1377.0,1376.7,-0.3,24,Half Guard,half guard,triangle attempt,triangle attempt,submission,triangle attempt,triangle attempt,submission,True,[]
d68f7604-d0a1-454f-9e54-df6b2ba81a27_e0022_w0014_f02,d68f7604-d0a1-454f-9e54-df6b2ba81a27,https://www.youtube.com/watch?v=22QAtq917NI&t=240s,1cb1d5d7-1df9-477d-9260-9f9107e0d482,a4f5f6c1-d877-4e33-ba3e-e027a46735d9,d68f7604-d0a1-454f-9e54-df6b2ba81a27:17:24,4,6,17,Closed Guard,closed guard,22,Triangle Attempt,submission,1377.0,1377.0,0.0,24,Half Guard,half guard,triangle attempt,triangle attempt,submission,triangle attempt,triangle attempt,submission,True,[]
d68f7604-d0a1-454f-9e54-df6b2ba81a27_e0022_w0014_f03,d68f7604-d0a1-454f-9e54-df6b2ba81a27,https://www.youtube.com/watch?v=22QAtq917NI&t=240s,1cb1d5d7-1df9-477d-9260-9f9107e0d482,a4f5f6c1-d877-4e33-ba3e-e027a46735d9,d68f7604-d0a1-454f-9e54-df6b2ba81a27:17:24,4,6,17,Closed Guard,closed guard,22,Triangle Attempt,submission,1377.0,1377.3,0.3,24,Half Guard,half guard,triangle attempt,triangle attempt,submission,triangle attempt,triangle attempt,submission,True,[]
d68f7604-d0a1-454f-9e54-df6b2ba81a27_e0022_w0014_f04,d68f7604-d0a1-454f-9e54-df6b2ba81a27,https://www.youtube.com/watch?v=22QAtq917NI&t=240s,1cb1d5d7-1df9-477d-9260-9f9107e0d482,a4f5f6c1-d877-4e33-ba3e-e027a46735d9,d68f7604-d0a1-454f-9e54-df6b2ba81a27:17:24,4,6,17,Closed Guard,closed guard,22,Triangle Attempt,submission,1377.0,1377.6,0.6,24,Half Guard,half guard,triangle attempt,triangle attempt,submission,triangle attempt,triangle attempt,submission,True,[]
d68f7604-d0a1-454f-9e54-df6b2ba81a27_e0023_w0015_f00,d68f7604-d0a1-454f-9e54-df6b2ba81a27,https://www.youtube.com/watch?v=22QAtq917NI&t=240s,1cb1d5d7-1df9-477d-9260-9f9107e0d482,a4f5f6c1-d877-4e33-ba3e-e027a46735d9,d68f7604-d0a1-454f-9e54-df6b2ba81a27:17:24,5,6,17,Closed Guard,closed guard,23,Triangle Attempt,submission,1417.0,1416.4,-0.6,24,Half Guard,half guard,triangle attempt,triangle attempt,submission,triangle attempt,triangle attempt,submission,True,[]
d68f7604-d0a1-454f-9e54-df6b2ba81a27_e0023_w0015_f01,d68f7604-d0a1-454f-9e54-df6b2ba81a27,https://www.youtube.com/watch?v=22QAtq917NI&t=240s,1cb1d5d7-1df9-477d-9260-9f9107e0d482,a4f5f6c1-d877-4e33-ba3e-e027a46735d9,d68f7604-d0a1-454f-9e54-df6b2ba81a27:17:24,5,6,17,Closed Guard,closed guard,23,Triangle Attempt,submission,1417.0,1416.7,-0.3,24,Half Guard,half guard,triangle attempt,triangle attempt,submission,triangle attempt,triangle attempt,submission,True,[]
d68f7604-d0a1-454f-9e54-df6b2ba81a27_e0023_w0015_f02,d68f7604-d0a1-454f-9e54-df6b2ba81a27,https://www.youtube.com/watch?v=22QAtq917NI&t=240s,1cb1d5d7-1df9-477d-9260-9f9107e0d482,a4f5f6c1-d877-4e33-ba3e-e027a46735d9,d68f7604-d0a1-454f-9e54-df6b2ba81a27:17:24,5,6,17,Closed Guard,closed guard,23,Triangle Attempt,submission,1417.0,1417.0,0.0,24,Half Guard,half guard,triangle attempt,triangle attempt,submission,triangle attempt,triangle attempt,submission,True,[]
d68f7604-d0a1-454f-9e54-df6b2ba81a27_e0023_w0015_f03,d68f7604-d0a1-454f-9e54-df6b2ba81a27,https://www.youtube.com/watch?v=22QAtq917NI&t=240s,1cb1d5d7-1df9-477d-9260-9f9107e0d482,a4f5f6c1-d877-4e33-ba3e-e027a46735d9,d68f7604-d0a1-454f-9e54-df6b2ba81a27:17:24,5,6,17,Closed Guard,closed guard,23,Triangle Attempt,submission,1417.0,1417.3,0.3,24,Half Guard,half guard,triangle attempt,triangle attempt,submission,triangle attempt,triangle attempt,submission,True,[]
d68f7604-d0a1-454f-9e54-df6b2ba81a27_e0023_w0015_f04,d68f7604-d0a1-454f-9e54-df6b2ba81a27,https://www.youtube.com/watch?v=22QAtq917NI&t=240s,1cb1d5d7-1df9-477d-9260-9f9107e0d482,a4f5f6c1-d877-4e33-ba3e-e027a46735d9,d68f7604-d0a1-454f-9e54-df6b2ba81a27:17:24,5,6,17,Closed Guard,closed guard,23,Triangle Attempt,submission,1417.0,1417.6,0.6,24,Half Guard,half guard,triangle attempt,triangle attempt,submission,triangle attempt,triangle attempt,submission,True,[]
d68f7604-d0a1-454f-9e54-df6b2ba81a27_e0025_w0016_f00,d68f7604-d0a1-454f-9e54-df6b2ba81a27,https://www.youtube.com/watch?v=22QAtq917NI&t=240s,1cb1d5d7-1df9-477d-9260-9f9107e0d482,a4f5f6c1-d877-4e33-ba3e-e027a46735d9,d68f7604-d0a1-454f-9e54-df6b2ba81a27:24:26,0,1,24,Half Guard,half guard,25,Snatch Single Leg Takedown,transition,1538.0,1537.4,-0.6,26,Guillotine Attempt,guillotine attempt,snatch single leg takedown,snatch single leg takedown,transition,snatch single leg takedown,snatch single leg takedown,transition,False,[]
d68f7604-d0a1-454f-9e54-df6b2ba81a27_e0025_w0016_f01,d68f7604-d0a1-454f-9e54-df6b2ba81a27,https://www.youtube.com/watch?v=22QAtq917NI&t=240s,1cb1d5d7-1df9-477d-9260-9f9107e0d482,a4f5f6c1-d877-4e33-ba3e-e027a46735d9,d68f7604-d0a1-454f-9e54-df6b2ba81a27:24:26,0,1,24,Half Guard,half guard,25,Snatch Single Leg Takedown,transition,1538.0,1537.7,-0.3,26,Guillotine Attempt,guillotine attempt,snatch single leg takedown,snatch single leg takedown,transition,snatch single leg takedown,snatch single leg takedown,transition,False,[]
d68f7604-d0a1-454f-9e54-df6b2ba81a27_e0025_w0016_f02,d68f7604-d0a1-454f-9e54-df6b2ba81a27,https://www.youtube.com/watch?v=22QAtq917NI&t=240s,1cb1d5d7-1df9-477d-9260-9f9107e0d482,a4f5f6c1-d877-4e33-ba3e-e027a46735d9,d68f7604-d0a1-454f-9e54-df6b2ba81a27:24:26,0,1,24,Half Guard,half guard,25,Snatch Single Leg Takedown,transition,1538.0,1538.0,0.0,26,Guillotine Attempt,guillotine attempt,snatch single leg takedown,snatch single leg takedown,transition,snatch single leg takedown,snatch single leg takedown,transition,False,[]
d68f7604-d0a1-454f-9e54-df6b2ba81a27_e0025_w0016_f03,d68f7604-d0a1-454f-9e54-df6b2ba81a27,https://www.youtube.com/watch?v=22QAtq917NI&t=240s,1cb1d5d7-1df9-477d-9260-9f9107e0d482,a4f5f6c1-d877-4e33-ba3e-e027a46735d9,d68f7604-d0a1-454f-9e54-df6b2ba81a27:24:26,0,1,24,Half Guard,half guard,25,Snatch Single Leg Takedown,transition,1538.0,1538.3,0.3,26,Guillotine Attempt,guillotine attempt,snatch single leg takedown,snatch single leg takedown,transition,snatch single leg takedown,snatch single leg takedown,transition,False,[]
d68f7604-d0a1-454f-9e54-df6b2ba81a27_e0025_w0016_f04,d68f7604-d0a1-454f-9e54-df6b2ba81a27,https://www.youtube.com/watch?v=22QAtq917NI&t=240s,1cb1d5d7-1df9-477d-9260-9f9107e0d482,a4f5f6c1-d877-4e33-ba3e-e027a46735d9,d68f7604-d0a1-454f-9e54-df6b2ba81a27:24:26,0,1,24,Half Guard,half guard,25,Snatch Single Leg Takedown,transition,1538.0,1538.6,0.6,26,Guillotine Attempt,guillotine attempt,snatch single leg takedown,snatch single leg takedown,transition,snatch single leg takedown,snatch single leg takedown,transition,False,[]
d68f7604-d0a1-454f-9e54-df6b2ba81a27_e0032_w0017_f00,d68f7604-d0a1-454f-9e54-df6b2ba81a27,https://www.youtube.com/watch?v=22QAtq917NI&t=240s,1cb1d5d7-1df9-477d-9260-9f9107e0d482,a4f5f6c1-d877-4e33-ba3e-e027a46735d9,d68f7604-d0a1-454f-9e54-df6b2ba81a27:31:34,0,2,31,Sweep,sweep,32,Snap Down / Front Headlock,submission,1724.0,1723.4,-0.6,34,Guillotine Attempt,guillotine attempt,snap down front headlock,snap down front headlock,submission,snap down front headlock,snap down front headlock,submission,False,[]
d68f7604-d0a1-454f-9e54-df6b2ba81a27_e0032_w0017_f01,d68f7604-d0a1-454f-9e54-df6b2ba81a27,https://www.youtube.com/watch?v=22QAtq917NI&t=240s,1cb1d5d7-1df9-477d-9260-9f9107e0d482,a4f5f6c1-d877-4e33-ba3e-e027a46735d9,d68f7604-d0a1-454f-9e54-df6b2ba81a27:31:34,0,2,31,Sweep,sweep,32,Snap Down / Front Headlock,submission,1724.0,1723.7,-0.3,34,Guillotine Attempt,guillotine attempt,snap down front headlock,snap down front headlock,submission,snap down front headlock,snap down front headlock,submission,False,[]
d68f7604-d0a1-454f-9e54-df6b2ba81a27_e0032_w0017_f02,d68f7604-d0a1-454f-9e54-df6b2ba81a27,https://www.youtube.com/watch?v=22QAtq917NI&t=240s,1cb1d5d7-1df9-477d-9260-9f9107e0d482,a4f5f6c1-d877-4e33-ba3e-e027a46735d9,d68f7604-d0a1-454f-9e54-df6b2ba81a27:31:34,0,2,31,Sweep,sweep,32,Snap Down / Front Headlock,submission,1724.0,1724.0,0.0,34,Guillotine Attempt,guillotine attempt,snap down front headlock,snap down front headlock,submission,snap down front headlock,snap down front headlock,submission,False,[]
d68f7604-d0a1-454f-9e54-df6b2ba81a27_e0032_w0017_f03,d68f7604-d0a1-454f-9e54-df6b2ba81a27,https://www.youtube.com/watch?v=22QAtq917NI&t=240s,1cb1d5d7-1df9-477d-9260-9f9107e0d482,a4f5f6c1-d877-4e33-ba3e-e027a46735d9,d68f7604-d0a1-454f-9e54-df6b2ba81a27:31:34,0,2,31,Sweep,sweep,32,Snap Down / Front Headlock,submission,1724.0,1724.3,0.3,34,Guillotine Attempt,guillotine attempt,snap down front headlock,snap down front headlock,submission,snap down front headlock,snap down front headlock,submission,False,[]
d68f7604-d0a1-454f-9e54-df6b2ba81a27_e0032_w0017_f04,d68f7604-d0a1-454f-9e54-df6b2ba81a27,https://www.youtube.com/watch?v=22QAtq917NI&t=240s,1cb1d5d7-1df9-477d-9260-9f9107e0d482,a4f5f6c1-d877-4e33-ba3e-e027a46735d9,d68f7604-d0a1-454f-9e54-df6b2ba81a27:31:34,0,2,31,Sweep,sweep,32,Snap Down / Front Headlock,submission,1724.0,1724.6,0.6,34,Guillotine Attempt,guillotine attempt,snap down front headlock,snap down front headlock,submission,snap down front headlock,snap down front headlock,submission,False,[]
d68f7604-d0a1-454f-9e54-df6b2ba81a27_e0033_w0018_f00,d68f7604-d0a1-454f-9e54-df6b2ba81a27,https://www.youtube.com/watch?v=22QAtq917NI&t=240s,1cb1d5d7-1df9-477d-9260-9f9107e0d482,a4f5f6c1-d877-4e33-ba3e-e027a46735d9,d68f7604-d0a1-454f-9e54-df6b2ba81a27:31:34,1,2,31,Sweep,sweep,33,Takedown Defense,transition,1731.0,1730.4,-0.6,34,Guillotine Attempt,guillotine attempt,takedown defense,takedown defense,transition,takedown defense,takedown defense,transition,False,[]
d68f7604-d0a1-454f-9e54-df6b2ba81a27_e0033_w0018_f01,d68f7604-d0a1-454f-9e54-df6b2ba81a27,https://www.youtube.com/watch?v=22QAtq917NI&t=240s,1cb1d5d7-1df9-477d-9260-9f9107e0d482,a4f5f6c1-d877-4e33-ba3e-e027a46735d9,d68f7604-d0a1-454f-9e54-df6b2ba81a27:31:34,1,2,31,Sweep,sweep,33,Takedown Defense,transition,1731.0,1730.7,-0.3,34,Guillotine Attempt,guillotine attempt,takedown defense,takedown defense,transition,takedown defense,takedown defense,transition,False,[]
d68f7604-d0a1-454f-9e54-df6b2ba81a27_e0033_w0018_f02,d68f7604-d0a1-454f-9e54-df6b2ba81a27,https://www.youtube.com/watch?v=22QAtq917NI&t=240s,1cb1d5d7-1df9-477d-9260-9f9107e0d482,a4f5f6c1-d877-4e33-ba3e-e027a46735d9,d68f7604-d0a1-454f-9e54-df6b2ba81a27:31:34,1,2,31,Sweep,sweep,33,Takedown Defense,transition,1731.0,1731.0,0.0,34,Guillotine Attempt,guillotine attempt,takedown defense,takedown defense,transition,takedown defense,takedown defense,transition,False,[]
d68f7604-d0a1-454f-9e54-df6b2ba81a27_e0033_w0018_f03,d68f7604-d0a1-454f-9e54-df6b2ba81a27,https://www.youtube.com/watch?v=22QAtq917NI&t=240s,1cb1d5d7-1df9-477d-9260-9f9107e0d482,a4f5f6c1-d877-4e33-ba3e-e027a46735d9,d68f7604-d0a1-454f-9e54-df6b2ba81a27:31:34,1,2,31,Sweep,sweep,33,Takedown Defense,transition,1731.0,1731.3,0.3,34,Guillotine Attempt,guillotine attempt,takedown defense,takedown defense,transition,takedown defense,takedown defense,transition,False,[]
d68f7604-d0a1-454f-9e54-df6b2ba81a27_e0033_w0018_f04,d68f7604-d0a1-454f-9e54-df6b2ba81a27,https://www.youtube.com/watch?v=22QAtq917NI&t=240s,1cb1d5d7-1df9-477d-9260-9f9107e0d482,a4f5f6c1-d877-4e33-ba3e-e027a46735d9,d68f7604-d0a1-454f-9e54-df6b2ba81a27:31:34,1,2,31,Sweep,sweep,33,Takedown Defense,transition,1731.0,1731.6,0.6,34,Guillotine Attempt,guillotine attempt,takedown defense,takedown defense,transition,takedown defense,takedown defense,transition,False,[]
d68f7604-d0a1-454f-9e54-df6b2ba81a27_e0035_w0019_f00,d68f7604-d0a1-454f-9e54-df6b2ba81a27,https://www.youtube.com/watch?v=22QAtq917NI&t=240s,1cb1d5d7-1df9-477d-9260-9f9107e0d482,a4f5f6c1-d877-4e33-ba3e-e027a46735d9,d68f7604-d0a1-454f-9e54-df6b2ba81a27:34:45,0,10,34,Guillotine Attempt,guillotine attempt,35,Triangle Attempt,submission,1780.0,1779.4,-0.6,45,Closed Guard,closed guard,triangle attempt,triangle attempt,submission,triangle attempt,triangle attempt,submission,True,[]
d68f7604-d0a1-454f-9e54-df6b2ba81a27_e0035_w0019_f01,d68f7604-d0a1-454f-9e54-df6b2ba81a27,https://www.youtube.com/watch?v=22QAtq917NI&t=240s,1cb1d5d7-1df9-477d-9260-9f9107e0d482,a4f5f6c1-d877-4e33-ba3e-e027a46735d9,d68f7604-d0a1-454f-9e54-df6b2ba81a27:34:45,0,10,34,Guillotine Attempt,guillotine attempt,35,Triangle Attempt,submission,1780.0,1779.7,-0.3,45,Closed Guard,closed guard,triangle attempt,triangle attempt,submission,triangle attempt,triangle attempt,submission,True,[]
d68f7604-d0a1-454f-9e54-df6b2ba81a27_e0035_w0019_f02,d68f7604-d0a1-454f-9e54-df6b2ba81a27,https://www.youtube.com/watch?v=22QAtq917NI&t=240s,1cb1d5d7-1df9-477d-9260-9f9107e0d482,a4f5f6c1-d877-4e33-ba3e-e027a46735d9,d68f7604-d0a1-454f-9e54-df6b2ba81a27:34:45,0,10,34,Guillotine Attempt,guillotine attempt,35,Triangle Attempt,submission,1780.0,1780.0,0.0,45,Closed Guard,closed guard,triangle attempt,triangle attempt,submission,triangle attempt,triangle attempt,submission,True,[]
d68f7604-d0a1-454f-9e54-df6b2ba81a27_e0035_w0019_f03,d68f7604-d0a1-454f-9e54-df6b2ba81a27,https://www.youtube.com/watch?v=22QAtq917NI&t=240s,1cb1d5d7-1df9-477d-9260-9f9107e0d482,a4f5f6c1-d877-4e33-ba3e-e027a46735d9,d68f7604-d0a1-454f-9e54-df6b2ba81a27:34:45,0,10,34,Guillotine Attempt,guillotine attempt,35,Triangle Attempt,submission,1780.0,1780.3,0.3,45,Closed Guard,closed guard,triangle attempt,triangle attempt,submission,triangle attempt,triangle attempt,submission,True,[]
d68f7604-d0a1-454f-9e54-df6b2ba81a27_e0035_w0019_f04,d68f7604-d0a1-454f-9e54-df6b2ba81a27,https://www.youtube.com/watch?v=22QAtq917NI&t=240s,1cb1d5d7-1df9-477d-9260-9f9107e0d482,a4f5f6c1-d877-4e33-ba3e-e027a46735d9,d68f7604-d0a1-454f-9e54-df6b2ba81a27:34:45,0,10,34,Guillotine Attempt,guillotine attempt,35,Triangle Attempt,submission,1780.0,1780.6,0.6,45,Closed Guard,closed guard,triangle attempt,triangle attempt,submission,triangle attempt,triangle attempt,submission,True,[]
d68f7604-d0a1-454f-9e54-df6b2ba81a27_e0036_w0020_f00,d68f7604-d0a1-454f-9e54-df6b2ba81a27,https://www.youtube.com/watch?v=22QAtq917NI&t=240s,1cb1d5d7-1df9-477d-9260-9f9107e0d482,a4f5f6c1-d877-4e33-ba3e-e027a46735d9,d68f7604-d0a1-454f-9e54-df6b2ba81a27:34:45,1,10,34,Guillotine Attempt,guillotine attempt,36,Back Take,control,1832.0,1831.4,-0.6,45,Closed Guard,closed guard,back take,back-take,transition,back take,back-take,transition,False,"[""back-take"", ""transition""]"
d68f7604-d0a1-454f-9e54-df6b2ba81a27_e0036_w0020_f01,d68f7604-d0a1-454f-9e54-df6b2ba81a27,https://www.youtube.com/watch?v=22QAtq917NI&t=240s,1cb1d5d7-1df9-477d-9260-9f9107e0d482,a4f5f6c1-d877-4e33-ba3e-e027a46735d9,d68f7604-d0a1-454f-9e54-df6b2ba81a27:34:45,1,10,34,Guillotine Attempt,guillotine attempt,36,Back Take,control,1832.0,1831.7,-0.3,45,Closed Guard,closed guard,back take,back-take,transition,back take,back-take,transition,False,"[""back-take"", ""transition""]"
d68f7604-d0a1-454f-9e54-df6b2ba81a27_e0036_w0020_f02,d68f7604-d0a1-454f-9e54-df6b2ba81a27,https://www.youtube.com/watch?v=22QAtq917NI&t=240s,1cb1d5d7-1df9-477d-9260-9f9107e0d482,a4f5f6c1-d877-4e33-ba3e-e027a46735d9,d68f7604-d0a1-454f-9e54-df6b2ba81a27:34:45,1,10,34,Guillotine Attempt,guillotine attempt,36,Back Take,control,1832.0,1832.0,0.0,45,Closed Guard,closed guard,back take,back-take,transition,back take,back-take,transition,False,"[""back-take"", ""transition""]"
d68f7604-d0a1-454f-9e54-df6b2ba81a27_e0036_w0020_f03,d68f7604-d0a1-454f-9e54-df6b2ba81a27,https://www.youtube.com/watch?v=22QAtq917NI&t=240s,1cb1d5d7-1df9-477d-9260-9f9107e0d482,a4f5f6c1-d877-4e33-ba3e-e027a46735d9,d68f7604-d0a1-454f-9e54-df6b2ba81a27:34:45,1,10,34,Guillotine Attempt,guillotine attempt,36,Back Take,control,1832.0,1832.3,0.3,45,Closed Guard,closed guard,back take,back-take,transition,back take,back-take,transition,False,"[""back-take"", ""transition""]"
d68f7604-d0a1-454f-9e54-df6b2ba81a27_e0036_w0020_f04,d68f7604-d0a1-454f-9e54-df6b2ba81a27,https://www.youtube.com/watch?v=22QAtq917NI&t=240s,1cb1d5d7-1df9-477d-9260-9f9107e0d482,a4f5f6c1-d877-4e33-ba3e-e027a46735d9,d68f7604-d0a1-454f-9e54-df6b2ba81a27:34:45,1,10,34,Guillotine Attempt,guillotine attempt,36,Back Take,control,1832.0,1832.6,0.6,45,Closed Guard,closed guard,back take,back-take,transition,back take,back-take,transition,False,"[""back-take"", ""transition""]"
d68f7604-d0a1-454f-9e54-df6b2ba81a27_e0037_w0021_f00,d68f7604-d0a1-454f-9e54-df6b2ba81a27,https://www.youtube.com/watch?v=22QAtq917NI&t=240s,1cb1d5d7-1df9-477d-9260-9f9107e0d482,a4f5f6c1-d877-4e33-ba3e-e027a46735d9,d68f7604-d0a1-454f-9e54-df6b2ba81a27:34:45,2,10,34,Guillotine Attempt,guillotine attempt,37,Arm‑Triangle Attempt,submission,2000.0,1999.4,-0.6,45,Closed Guard,closed guard,armtriangle attempt,armtriangle attempt,submission,armtriangle attempt,armtriangle attempt,submission,True,[]
d68f7604-d0a1-454f-9e54-df6b2ba81a27_e0037_w0021_f01,d68f7604-d0a1-454f-9e54-df6b2ba81a27,https://www.youtube.com/watch?v=22QAtq917NI&t=240s,1cb1d5d7-1df9-477d-9260-9f9107e0d482,a4f5f6c1-d877-4e33-ba3e-e027a46735d9,d68f7604-d0a1-454f-9e54-df6b2ba81a27:34:45,2,10,34,Guillotine Attempt,guillotine attempt,37,Arm‑Triangle Attempt,submission,2000.0,1999.7,-0.3,45,Closed Guard,closed guard,armtriangle attempt,armtriangle attempt,submission,armtriangle attempt,armtriangle attempt,submission,True,[]
d68f7604-d0a1-454f-9e54-df6b2ba81a27_e0037_w0021_f02,d68f7604-d0a1-454f-9e54-df6b2ba81a27,https://www.youtube.com/watch?v=22QAtq917NI&t=240s,1cb1d5d7-1df9-477d-9260-9f9107e0d482,a4f5f6c1-d877-4e33-ba3e-e027a46735d9,d68f7604-d0a1-454f-9e54-df6b2ba81a27:34:45,2,10,34,Guillotine Attempt,guillotine attempt,37,Arm‑Triangle Attempt,submission,2000.0,2000.0,0.0,45,Closed Guard,closed guard,armtriangle attempt,armtriangle attempt,submission,armtriangle attempt,armtriangle attempt,submission,True,[]
d68f7604-d0a1-454f-9e54-df6b2ba81a27_e0037_w0021_f03,d68f7604-d0a1-454f-9e54-df6b2ba81a27,https://www.youtube.com/watch?v=22QAtq917NI&t=240s,1cb1d5d7-1df9-477d-9260-9f9107e0d482,a4f5f6c1-d877-4e33-ba3e-e027a46735d9,d68f7604-d0a1-454f-9e54-df6b2ba81a27:34:45,2,10,34,Guillotine Attempt,guillotine attempt,37,Arm‑Triangle Attempt,submission,2000.0,2000.3,0.3,45,Closed Guard,closed guard,armtriangle attempt,armtriangle attempt,submission,armtriangle attempt,armtriangle attempt,submission,True,[]
d68f7604-d0a1-454f-9e54-df6b2ba81a27_e0037_w0021_f04,d68f7604-d0a1-454f-9e54-df6b2ba81a27,https://www.youtube.com/watch?v=22QAtq917NI&t=240s,1cb1d5d7-1df9-477d-9260-9f9107e0d482,a4f5f6c1-d877-4e33-ba3e-e027a46735d9,d68f7604-d0a1-454f-9e54-df6b2ba81a27:34:45,2,10,34,Guillotine Attempt,guillotine attempt,37,Arm‑Triangle Attempt,submission,2000.0,2000.6,0.6,45,Closed Guard,closed guard,armtriangle attempt,armtriangle attempt,submission,armtriangle attempt,armtriangle attempt,submission,True,[]
d68f7604-d0a1-454f-9e54-df6b2ba81a27_e0038_w0022_f00,d68f7604-d0a1-454f-9e54-df6b2ba81a27,https://www.youtube.com/watch?v=22QAtq917NI&t=240s,1cb1d5d7-1df9-477d-9260-9f9107e0d482,a4f5f6c1-d877-4e33-ba3e-e027a46735d9,d68f7604-d0a1-454f-9e54-df6b2ba81a27:34:45,3,10,34,Guillotine Attempt,guillotine attempt,38,Body Triangle,submission,2065.0,2064.4,-0.6,45,Closed Guard,closed guard,body triangle,body triangle,submission,body triangle,body triangle,submission,False,[]
d68f7604-d0a1-454f-9e54-df6b2ba81a27_e0038_w0022_f01,d68f7604-d0a1-454f-9e54-df6b2ba81a27,https://www.youtube.com/watch?v=22QAtq917NI&t=240s,1cb1d5d7-1df9-477d-9260-9f9107e0d482,a4f5f6c1-d877-4e33-ba3e-e027a46735d9,d68f7604-d0a1-454f-9e54-df6b2ba81a27:34:45,3,10,34,Guillotine Attempt,guillotine attempt,38,Body Triangle,submission,2065.0,2064.7,-0.3,45,Closed Guard,closed guard,body triangle,body triangle,submission,body triangle,body triangle,submission,False,[]
d68f7604-d0a1-454f-9e54-df6b2ba81a27_e0038_w0022_f02,d68f7604-d0a1-454f-9e54-df6b2ba81a27,https://www.youtube.com/watch?v=22QAtq917NI&t=240s,1cb1d5d7-1df9-477d-9260-9f9107e0d482,a4f5f6c1-d877-4e33-ba3e-e027a46735d9,d68f7604-d0a1-454f-9e54-df6b2ba81a27:34:45,3,10,34,Guillotine Attempt,guillotine attempt,38,Body Triangle,submission,2065.0,2065.0,0.0,45,Closed Guard,closed guard,body triangle,body triangle,submission,body triangle,body triangle,submission,False,[]
d68f7604-d0a1-454f-9e54-df6b2ba81a27_e0038_w0022_f03,d68f7604-d0a1-454f-9e54-df6b2ba81a27,https://www.youtube.com/watch?v=22QAtq917NI&t=240s,1cb1d5d7-1df9-477d-9260-9f9107e0d482,a4f5f6c1-d877-4e33-ba3e-e027a46735d9,d68f7604-d0a1-454f-9e54-df6b2ba81a27:34:45,3,10,34,Guillotine Attempt,guillotine attempt,38,Body Triangle,submission,2065.0,2065.3,0.3,45,Closed Guard,closed guard,body triangle,body triangle,submission,body triangle,body triangle,submission,False,[]
d68f7604-d0a1-454f-9e54-df6b2ba81a27_e0038_w0022_f04,d68f7604-d0a1-454f-9e54-df6b2ba81a27,https://www.youtube.com/watch?v=22QAtq917NI&t=240s,1cb1d5d7-1df9-477d-9260-9f9107e0d482,a4f5f6c1-d877-4e33-ba3e-e027a46735d9,d68f7604-d0a1-454f-9e54-df6b2ba81a27:34:45,3,10,34,Guillotine Attempt,guillotine attempt,38,Body Triangle,submission,2065.0,2065.6,0.6,45,Closed Guard,closed guard,body triangle,body triangle,submission,body triangle,body triangle,submission,False,[]
d68f7604-d0a1-454f-9e54-df6b2ba81a27_e0039_w0023_f00,d68f7604-d0a1-454f-9e54-df6b2ba81a27,https://www.youtube.com/watch?v=22QAtq917NI&t=240s,1cb1d5d7-1df9-477d-9260-9f9107e0d482,a4f5f6c1-d877-4e33-ba3e-e027a46735d9,d68f7604-d0a1-454f-9e54-df6b2ba81a27:34:45,4,10,34,Guillotine Attempt,guillotine attempt,39,Mount,control,2105.0,2104.4,-0.6,45,Closed Guard,closed guard,mount,mount,control,mount,mount,control,False,[]
d68f7604-d0a1-454f-9e54-df6b2ba81a27_e0039_w0023_f01,d68f7604-d0a1-454f-9e54-df6b2ba81a27,https://www.youtube.com/watch?v=22QAtq917NI&t=240s,1cb1d5d7-1df9-477d-9260-9f9107e0d482,a4f5f6c1-d877-4e33-ba3e-e027a46735d9,d68f7604-d0a1-454f-9e54-df6b2ba81a27:34:45,4,10,34,Guillotine Attempt,guillotine attempt,39,Mount,control,2105.0,2104.7,-0.3,45,Closed Guard,closed guard,mount,mount,control,mount,mount,control,False,[]
d68f7604-d0a1-454f-9e54-df6b2ba81a27_e0039_w0023_f02,d68f7604-d0a1-454f-9e54-df6b2ba81a27,https://www.youtube.com/watch?v=22QAtq917NI&t=240s,1cb1d5d7-1df9-477d-9260-9f9107e0d482,a4f5f6c1-d877-4e33-ba3e-e027a46735d9,d68f7604-d0a1-454f-9e54-df6b2ba81a27:34:45,4,10,34,Guillotine Attempt,guillotine attempt,39,Mount,control,2105.0,2105.0,0.0,45,Closed Guard,closed guard,mount,mount,control,mount,mount,control,False,[]
d68f7604-d0a1-454f-9e54-df6b2ba81a27_e0039_w0023_f03,d68f7604-d0a1-454f-9e54-df6b2ba81a27,https://www.youtube.com/watch?v=22QAtq917NI&t=240s,1cb1d5d7-1df9-477d-9260-9f9107e0d482,a4f5f6c1-d877-4e33-ba3e-e027a46735d9,d68f7604-d0a1-454f-9e54-df6b2ba81a27:34:45,4,10,34,Guillotine Attempt,guillotine attempt,39,Mount,control,2105.0,2105.3,0.3,45,Closed Guard,closed guard,mount,mount,control,mount,mount,control,False,[]
d68f7604-d0a1-454f-9e54-df6b2ba81a27_e0039_w0023_f04,d68f7604-d0a1-454f-9e54-df6b2ba81a27,https://www.youtube.com/watch?v=22QAtq917NI&t=240s,1cb1d5d7-1df9-477d-9260-9f9107e0d482,a4f5f6c1-d877-4e33-ba3e-e027a46735d9,d68f7604-d0a1-454f-9e54-df6b2ba81a27:34:45,4,10,34,Guillotine Attempt,guillotine attempt,39,Mount,control,2105.0,2105.6,0.6,45,Closed Guard,closed guard,mount,mount,control,mount,mount,control,False,[]
d68f7604-d0a1-454f-9e54-df6b2ba81a27_e0040_w0024_f00,d68f7604-d0a1-454f-9e54-df6b2ba81a27,https://www.youtube.com/watch?v=22QAtq917NI&t=240s,1cb1d5d7-1df9-477d-9260-9f9107e0d482,a4f5f6c1-d877-4e33-ba3e-e027a46735d9,d68f7604-d0a1-454f-9e54-df6b2ba81a27:34:45,5,10,34,Guillotine Attempt,guillotine attempt,40,Mount,control,2209.0,2208.4,-0.6,45,Closed Guard,closed guard,mount,mount,control,mount,mount,control,False,[]
d68f7604-d0a1-454f-9e54-df6b2ba81a27_e0040_w0024_f01,d68f7604-d0a1-454f-9e54-df6b2ba81a27,https://www.youtube.com/watch?v=22QAtq917NI&t=240s,1cb1d5d7-1df9-477d-9260-9f9107e0d482,a4f5f6c1-d877-4e33-ba3e-e027a46735d9,d68f7604-d0a1-454f-9e54-df6b2ba81a27:34:45,5,10,34,Guillotine Attempt,guillotine attempt,40,Mount,control,2209.0,2208.7,-0.3,45,Closed Guard,closed guard,mount,mount,control,mount,mount,control,False,[]
d68f7604-d0a1-454f-9e54-df6b2ba81a27_e0040_w0024_f02,d68f7604-d0a1-454f-9e54-df6b2ba81a27,https://www.youtube.com/watch?v=22QAtq917NI&t=240s,1cb1d5d7-1df9-477d-9260-9f9107e0d482,a4f5f6c1-d877-4e33-ba3e-e027a46735d9,d68f7604-d0a1-454f-9e54-df6b2ba81a27:34:45,5,10,34,Guillotine Attempt,guillotine attempt,40,Mount,control,2209.0,2209.0,0.0,45,Closed Guard,closed guard,mount,mount,control,mount,mount,control,False,[]
d68f7604-d0a1-454f-9e54-df6b2ba81a27_e0040_w0024_f03,d68f7604-d0a1-454f-9e54-df6b2ba81a27,https://www.youtube.com/watch?v=22QAtq917NI&t=240s,1cb1d5d7-1df9-477d-9260-9f9107e0d482,a4f5f6c1-d877-4e33-ba3e-e027a46735d9,d68f7604-d0a1-454f-9e54-df6b2ba81a27:34:45,5,10,34,Guillotine Attempt,guillotine attempt,40,Mount,control,2209.0,2209.3,0.3,45,Closed Guard,closed guard,mount,mount,control,mount,mount,control,False,[]
d68f7604-d0a1-454f-9e54-df6b2ba81a27_e0040_w0024_f04,d68f7604-d0a1-454f-9e54-df6b2ba81a27,https://www.youtube.com/watch?v=22QAtq917NI&t=240s,1cb1d5d7-1df9-477d-9260-9f9107e0d482,a4f5f6c1-d877-4e33-ba3e-e027a46735d9,d68f7604-d0a1-454f-9e54-df6b2ba81a27:34:45,5,10,34,Guillotine Attempt,guillotine attempt,40,Mount,control,2209.0,2209.6,0.6,45,Closed Guard,closed guard,mount,mount,control,mount,mount,control,False,[]
d68f7604-d0a1-454f-9e54-df6b2ba81a27_e0041_w0025_f00,d68f7604-d0a1-454f-9e54-df6b2ba81a27,https://www.youtube.com/watch?v=22QAtq917NI&t=240s,1cb1d5d7-1df9-477d-9260-9f9107e0d482,a4f5f6c1-d877-4e33-ba3e-e027a46735d9,d68f7604-d0a1-454f-9e54-df6b2ba81a27:34:45,6,10,34,Guillotine Attempt,guillotine attempt,41,Mount,control,2232.0,2231.4,-0.6,45,Closed Guard,closed guard,mount,mount,control,mount,mount,control,False,[]
d68f7604-d0a1-454f-9e54-df6b2ba81a27_e0041_w0025_f01,d68f7604-d0a1-454f-9e54-df6b2ba81a27,https://www.youtube.com/watch?v=22QAtq917NI&t=240s,1cb1d5d7-1df9-477d-9260-9f9107e0d482,a4f5f6c1-d877-4e33-ba3e-e027a46735d9,d68f7604-d0a1-454f-9e54-df6b2ba81a27:34:45,6,10,34,Guillotine Attempt,guillotine attempt,41,Mount,control,2232.0,2231.7,-0.3,45,Closed Guard,closed guard,mount,mount,control,mount,mount,control,False,[]
d68f7604-d0a1-454f-9e54-df6b2ba81a27_e0041_w0025_f02,d68f7604-d0a1-454f-9e54-df6b2ba81a27,https://www.youtube.com/watch?v=22QAtq917NI&t=240s,1cb1d5d7-1df9-477d-9260-9f9107e0d482,a4f5f6c1-d877-4e33-ba3e-e027a46735d9,d68f7604-d0a1-454f-9e54-df6b2ba81a27:34:45,6,10,34,Guillotine Attempt,guillotine attempt,41,Mount,control,2232.0,2232.0,0.0,45,Closed Guard,closed guard,mount,mount,control,mount,mount,control,False,[]
d68f7604-d0a1-454f-9e54-df6b2ba81a27_e0041_w0025_f03,d68f7604-d0a1-454f-9e54-df6b2ba81a27,https://www.youtube.com/watch?v=22QAtq917NI&t=240s,1cb1d5d7-1df9-477d-9260-9f9107e0d482,a4f5f6c1-d877-4e33-ba3e-e027a46735d9,d68f7604-d0a1-454f-9e54-df6b2ba81a27:34:45,6,10,34,Guillotine Attempt,guillotine attempt,41,Mount,control,2232.0,2232.3,0.3,45,Closed Guard,closed guard,mount,mount,control,mount,mount,control,False,[]
d68f7604-d0a1-454f-9e54-df6b2ba81a27_e0041_w0025_f04,d68f7604-d0a1-454f-9e54-df6b2ba81a27,https://www.youtube.com/watch?v=22QAtq917NI&t=240s,1cb1d5d7-1df9-477d-9260-9f9107e0d482,a4f5f6c1-d877-4e33-ba3e-e027a46735d9,d68f7604-d0a1-454f-9e54-df6b2ba81a27:34:45,6,10,34,Guillotine Attempt,guillotine attempt,41,Mount,control,2232.0,2232.6,0.6,45,Closed Guard,closed guard,mount,mount,control,mount,mount,control,False,[]
d68f7604-d0a1-454f-9e54-df6b2ba81a27_e0042_w0026_f00,d68f7604-d0a1-454f-9e54-df6b2ba81a27,https://www.youtube.com/watch?v=22QAtq917NI&t=240s,1cb1d5d7-1df9-477d-9260-9f9107e0d482,a4f5f6c1-d877-4e33-ba3e-e027a46735d9,d68f7604-d0a1-454f-9e54-df6b2ba81a27:34:45,7,10,34,Guillotine Attempt,guillotine attempt,42,Arm‑Triangle Attempt,submission,2240.0,2239.4,-0.6,45,Closed Guard,closed guard,armtriangle attempt,armtriangle attempt,submission,armtriangle attempt,armtriangle attempt,submission,True,[]
d68f7604-d0a1-454f-9e54-df6b2ba81a27_e0042_w0026_f01,d68f7604-d0a1-454f-9e54-df6b2ba81a27,https://www.youtube.com/watch?v=22QAtq917NI&t=240s,1cb1d5d7-1df9-477d-9260-9f9107e0d482,a4f5f6c1-d877-4e33-ba3e-e027a46735d9,d68f7604-d0a1-454f-9e54-df6b2ba81a27:34:45,7,10,34,Guillotine Attempt,guillotine attempt,42,Arm‑Triangle Attempt,submission,2240.0,2239.7,-0.3,45,Closed Guard,closed guard,armtriangle attempt,armtriangle attempt,submission,armtriangle attempt,armtriangle attempt,submission,True,[]
d68f7604-d0a1-454f-9e54-df6b2ba81a27_e0042_w0026_f02,d68f7604-d0a1-454f-9e54-df6b2ba81a27,https://www.youtube.com/watch?v=22QAtq917NI&t=240s,1cb1d5d7-1df9-477d-9260-9f9107e0d482,a4f5f6c1-d877-4e33-ba3e-e027a46735d9,d68f7604-d0a1-454f-9e54-df6b2ba81a27:34:45,7,10,34,Guillotine Attempt,guillotine attempt,42,Arm‑Triangle Attempt,submission,2240.0,2240.0,0.0,45,Closed Guard,closed guard,armtriangle attempt,armtriangle attempt,submission,armtriangle attempt,armtriangle attempt,submission,True,[]
d68f7604-d0a1-454f-9e54-df6b2ba81a27_e0042_w0026_f03,d68f7604-d0a1-454f-9e54-df6b2ba81a27,https://www.youtube.com/watch?v=22QAtq917NI&t=240s,1cb1d5d7-1df9-477d-9260-9f9107e0d482,a4f5f6c1-d877-4e33-ba3e-e027a46735d9,d68f7604-d0a1-454f-9e54-df6b2ba81a27:34:45,7,10,34,Guillotine Attempt,guillotine attempt,42,Arm‑Triangle Attempt,submission,2240.0,2240.3,0.3,45,Closed Guard,closed guard,armtriangle attempt,armtriangle attempt,submission,armtriangle attempt,armtriangle attempt,submission,True,[]
d68f7604-d0a1-454f-9e54-df6b2ba81a27_e0042_w0026_f04,d68f7604-d0a1-454f-9e54-df6b2ba81a27,https://www.youtube.com/watch?v=22QAtq917NI&t=240s,1cb1d5d7-1df9-477d-9260-9f9107e0d482,a4f5f6c1-d877-4e33-ba3e-e027a46735d9,d68f7604-d0a1-454f-9e54-df6b2ba81a27:34:45,7,10,34,Guillotine Attempt,guillotine attempt,42,Arm‑Triangle Attempt,submission,2240.0,2240.6,0.6,45,Closed Guard,closed guard,armtriangle attempt,armtriangle attempt,submission,armtriangle attempt,armtriangle attempt,submission,True,[]
d68f7604-d0a1-454f-9e54-df6b2ba81a27_e0043_w0027_f00,d68f7604-d0a1-454f-9e54-df6b2ba81a27,https://www.youtube.com/watch?v=22QAtq917NI&t=240s,1cb1d5d7-1df9-477d-9260-9f9107e0d482,a4f5f6c1-d877-4e33-ba3e-e027a46735d9,d68f7604-d0a1-454f-9e54-df6b2ba81a27:34:45,8,10,34,Guillotine Attempt,guillotine attempt,43,Back Control,control,2317.0,2316.4,-0.6,45,Closed Guard,closed guard,back control,back-control,control,back control,back-control,control,False,"[""back-control"", ""control""]"
d68f7604-d0a1-454f-9e54-df6b2ba81a27_e0043_w0027_f01,d68f7604-d0a1-454f-9e54-df6b2ba81a27,https://www.youtube.com/watch?v=22QAtq917NI&t=240s,1cb1d5d7-1df9-477d-9260-9f9107e0d482,a4f5f6c1-d877-4e33-ba3e-e027a46735d9,d68f7604-d0a1-454f-9e54-df6b2ba81a27:34:45,8,10,34,Guillotine Attempt,guillotine attempt,43,Back Control,control,2317.0,2316.7,-0.3,45,Closed Guard,closed guard,back control,back-control,control,back control,back-control,control,False,"[""back-control"", ""control""]"
d68f7604-d0a1-454f-9e54-df6b2ba81a27_e0043_w0027_f02,d68f7604-d0a1-454f-9e54-df6b2ba81a27,https://www.youtube.com/watch?v=22QAtq917NI&t=240s,1cb1d5d7-1df9-477d-9260-9f9107e0d482,a4f5f6c1-d877-4e33-ba3e-e027a46735d9,d68f7604-d0a1-454f-9e54-df6b2ba81a27:34:45,8,10,34,Guillotine Attempt,guillotine attempt,43,Back Control,control,2317.0,2317.0,0.0,45,Closed Guard,closed guard,back control,back-control,control,back control,back-control,control,False,"[""back-control"", ""control""]"
d68f7604-d0a1-454f-9e54-df6b2ba81a27_e0043_w0027_f03,d68f7604-d0a1-454f-9e54-df6b2ba81a27,https://www.youtube.com/watch?v=22QAtq917NI&t=240s,1cb1d5d7-1df9-477d-9260-9f9107e0d482,a4f5f6c1-d877-4e33-ba3e-e027a46735d9,d68f7604-d0a1-454f-9e54-df6b2ba81a27:34:45,8,10,34,Guillotine Attempt,guillotine attempt,43,Back Control,control,2317.0,2317.3,0.3,45,Closed Guard,closed guard,back control,back-control,control,back control,back-control,control,False,"[""back-control"", ""control""]"
d68f7604-d0a1-454f-9e54-df6b2ba81a27_e0043_w0027_f04,d68f7604-d0a1-454f-9e54-df6b2ba81a27,https://www.youtube.com/watch?v=22QAtq917NI&t=240s,1cb1d5d7-1df9-477d-9260-9f9107e0d482,a4f5f6c1-d877-4e33-ba3e-e027a46735d9,d68f7604-d0a1-454f-9e54-df6b2ba81a27:34:45,8,10,34,Guillotine Attempt,guillotine attempt,43,Back Control,control,2317.0,2317.6,0.6,45,Closed Guard,closed guard,back control,back-control,control,back control,back-control,control,False,"[""back-control"", ""control""]"
d68f7604-d0a1-454f-9e54-df6b2ba81a27_e0044_w0028_f00,d68f7604-d0a1-454f-9e54-df6b2ba81a27,https://www.youtube.com/watch?v=22QAtq917NI&t=240s,1cb1d5d7-1df9-477d-9260-9f9107e0d482,a4f5f6c1-d877-4e33-ba3e-e027a46735d9,d68f7604-d0a1-454f-9e54-df6b2ba81a27:34:45,9,10,34,Guillotine Attempt,guillotine attempt,44,Body Triangle,submission,2326.0,2325.4,-0.6,45,Closed Guard,closed guard,body triangle,body triangle,submission,body triangle,body triangle,submission,False,[]
d68f7604-d0a1-454f-9e54-df6b2ba81a27_e0044_w0028_f01,d68f7604-d0a1-454f-9e54-df6b2ba81a27,https://www.youtube.com/watch?v=22QAtq917NI&t=240s,1cb1d5d7-1df9-477d-9260-9f9107e0d482,a4f5f6c1-d877-4e33-ba3e-e027a46735d9,d68f7604-d0a1-454f-9e54-df6b2ba81a27:34:45,9,10,34,Guillotine Attempt,guillotine attempt,44,Body Triangle,submission,2326.0,2325.7,-0.3,45,Closed Guard,closed guard,body triangle,body triangle,submission,body triangle,body triangle,submission,False,[]
d68f7604-d0a1-454f-9e54-df6b2ba81a27_e0044_w0028_f02,d68f7604-d0a1-454f-9e54-df6b2ba81a27,https://www.youtube.com/watch?v=22QAtq917NI&t=240s,1cb1d5d7-1df9-477d-9260-9f9107e0d482,a4f5f6c1-d877-4e33-ba3e-e027a46735d9,d68f7604-d0a1-454f-9e54-df6b2ba81a27:34:45,9,10,34,Guillotine Attempt,guillotine attempt,44,Body Triangle,submission,2326.0,2326.0,0.0,45,Closed Guard,closed guard,body triangle,body triangle,submission,body triangle,body triangle,submission,False,[]
d68f7604-d0a1-454f-9e54-df6b2ba81a27_e0044_w0028_f03,d68f7604-d0a1-454f-9e54-df6b2ba81a27,https://www.youtube.com/watch?v=22QAtq917NI&t=240s,1cb1d5d7-1df9-477d-9260-9f9107e0d482,a4f5f6c1-d877-4e33-ba3e-e027a46735d9,d68f7604-d0a1-454f-9e54-df6b2ba81a27:34:45,9,10,34,Guillotine Attempt,guillotine attempt,44,Body Triangle,submission,2326.0,2326.3,0.3,45,Closed Guard,closed guard,body triangle,body triangle,submission,body triangle,body triangle,submission,False,[]
d68f7604-d0a1-454f-9e54-df6b2ba81a27_e0044_w0028_f04,d68f7604-d0a1-454f-9e54-df6b2ba81a27,https://www.youtube.com/watch?v=22QAtq917NI&t=240s,1cb1d5d7-1df9-477d-9260-9f9107e0d482,a4f5f6c1-d877-4e33-ba3e-e027a46735d9,d68f7604-d0a1-454f-9e54-df6b2ba81a27:34:45,9,10,34,Guillotine Attempt,guillotine attempt,44,Body Triangle,submission,2326.0,2326.6,0.6,45,Closed Guard,closed guard,body triangle,body triangle,submission,body triangle,body triangle,submission,False,[]
7dc97750-d911-45a2-9675-55d545a4a12d_e0005_w0000_f00,7dc97750-d911-45a2-9675-55d545a4a12d,https://www.youtube.com/watch?v=dQWfia0LQFQ&t=3399s,235f1c92-f1d8-46b5-b000-383809dedf87,9b76836b-6908-48f9-a346-705f16532f3c,7dc97750-d911-45a2-9675-55d545a4a12d:4:6,0,1,4,Guillotine Attempt,guillotine attempt,5,Mount,control,4064.0,4063.4,-0.6,6,Sweep,sweep,mount,mount,control,mount,mount,control,False,[]
7dc97750-d911-45a2-9675-55d545a4a12d_e0005_w0000_f01,7dc97750-d911-45a2-9675-55d545a4a12d,https://www.youtube.com/watch?v=dQWfia0LQFQ&t=3399s,235f1c92-f1d8-46b5-b000-383809dedf87,9b76836b-6908-48f9-a346-705f16532f3c,7dc97750-d911-45a2-9675-55d545a4a12d:4:6,0,1,4,Guillotine Attempt,guillotine attempt,5,Mount,control,4064.0,4063.7,-0.3,6,Sweep,sweep,mount,mount,control,mount,mount,control,False,[]
7dc97750-d911-45a2-9675-55d545a4a12d_e0005_w0000_f02,7dc97750-d911-45a2-9675-55d545a4a12d,https://www.youtube.com/watch?v=dQWfia0LQFQ&t=3399s,235f1c92-f1d8-46b5-b000-383809dedf87,9b76836b-6908-48f9-a346-705f16532f3c,7dc97750-d911-45a2-9675-55d545a4a12d:4:6,0,1,4,Guillotine Attempt,guillotine attempt,5,Mount,control,4064.0,4064.0,0.0,6,Sweep,sweep,mount,mount,control,mount,mount,control,False,[]
7dc97750-d911-45a2-9675-55d545a4a12d_e0005_w0000_f03,7dc97750-d911-45a2-9675-55d545a4a12d,https://www.youtube.com/watch?v=dQWfia0LQFQ&t=3399s,235f1c92-f1d8-46b5-b000-383809dedf87,9b76836b-6908-48f9-a346-705f16532f3c,7dc97750-d911-45a2-9675-55d545a4a12d:4:6,0,1,4,Guillotine Attempt,guillotine attempt,5,Mount,control,4064.0,4064.3,0.3,6,Sweep,sweep,mount,mount,control,mount,mount,control,False,[]
7dc97750-d911-45a2-9675-55d545a4a12d_e0005_w0000_f04,7dc97750-d911-45a2-9675-55d545a4a12d,https://www.youtube.com/watch?v=dQWfia0LQFQ&t=3399s,235f1c92-f1d8-46b5-b000-383809dedf87,9b76836b-6908-48f9-a346-705f16532f3c,7dc97750-d911-45a2-9675-55d545a4a12d:4:6,0,1,4,Guillotine Attempt,guillotine attempt,5,Mount,control,4064.0,4064.6,0.6,6,Sweep,sweep,mount,mount,control,mount,mount,control,False,[]
7dc97750-d911-45a2-9675-55d545a4a12d_e0008_w0001_f00,7dc97750-d911-45a2-9675-55d545a4a12d,https://www.youtube.com/watch?v=dQWfia0LQFQ&t=3399s,235f1c92-f1d8-46b5-b000-383809dedf87,9b76836b-6908-48f9-a346-705f16532f3c,7dc97750-d911-45a2-9675-55d545a4a12d:7:9,0,1,7,Sweep,sweep,8,Side Control,control,4538.0,4537.4,-0.6,9,Sweep,sweep,side control,side control,control,side control,side control,control,False,[]
7dc97750-d911-45a2-9675-55d545a4a12d_e0008_w0001_f01,7dc97750-d911-45a2-9675-55d545a4a12d,https://www.youtube.com/watch?v=dQWfia0LQFQ&t=3399s,235f1c92-f1d8-46b5-b000-383809dedf87,9b76836b-6908-48f9-a346-705f16532f3c,7dc97750-d911-45a2-9675-55d545a4a12d:7:9,0,1,7,Sweep,sweep,8,Side Control,control,4538.0,4537.7,-0.3,9,Sweep,sweep,side control,side control,control,side control,side control,control,False,[]
7dc97750-d911-45a2-9675-55d545a4a12d_e0008_w0001_f02,7dc97750-d911-45a2-9675-55d545a4a12d,https://www.youtube.com/watch?v=dQWfia0LQFQ&t=3399s,235f1c92-f1d8-46b5-b000-383809dedf87,9b76836b-6908-48f9-a346-705f16532f3c,7dc97750-d911-45a2-9675-55d545a4a12d:7:9,0,1,7,Sweep,sweep,8,Side Control,control,4538.0,4538.0,0.0,9,Sweep,sweep,side control,side control,control,side control,side control,control,False,[]
7dc97750-d911-45a2-9675-55d545a4a12d_e0008_w0001_f03,7dc97750-d911-45a2-9675-55d545a4a12d,https://www.youtube.com/watch?v=dQWfia0LQFQ&t=3399s,235f1c92-f1d8-46b5-b000-383809dedf87,9b76836b-6908-48f9-a346-705f16532f3c,7dc97750-d911-45a2-9675-55d545a4a12d:7:9,0,1,7,Sweep,sweep,8,Side Control,control,4538.0,4538.3,0.3,9,Sweep,sweep,side control,side control,control,side control,side control,control,False,[]
7dc97750-d911-45a2-9675-55d545a4a12d_e0008_w0001_f04,7dc97750-d911-45a2-9675-55d545a4a12d,https://www.youtube.com/watch?v=dQWfia0LQFQ&t=3399s,235f1c92-f1d8-46b5-b000-383809dedf87,9b76836b-6908-48f9-a346-705f16532f3c,7dc97750-d911-45a2-9675-55d545a4a12d:7:9,0,1,7,Sweep,sweep,8,Side Control,control,4538.0,4538.6,0.6,9,Sweep,sweep,side control,side control,control,side control,side control,control,False,[]
7dc97750-d911-45a2-9675-55d545a4a12d_e0010_w0002_f00,7dc97750-d911-45a2-9675-55d545a4a12d,https://www.youtube.com/watch?v=dQWfia0LQFQ&t=3399s,235f1c92-f1d8-46b5-b000-383809dedf87,9b76836b-6908-48f9-a346-705f16532f3c,7dc97750-d911-45a2-9675-55d545a4a12d:9:11,0,1,9,Sweep,sweep,10,Mount,control,4650.0,4649.4,-0.6,11,Sweep,sweep,mount,mount,control,mount,mount,control,False,[]
7dc97750-d911-45a2-9675-55d545a4a12d_e0010_w0002_f01,7dc97750-d911-45a2-9675-55d545a4a12d,https://www.youtube.com/watch?v=dQWfia0LQFQ&t=3399s,235f1c92-f1d8-46b5-b000-383809dedf87,9b76836b-6908-48f9-a346-705f16532f3c,7dc97750-d911-45a2-9675-55d545a4a12d:9:11,0,1,9,Sweep,sweep,10,Mount,control,4650.0,4649.7,-0.3,11,Sweep,sweep,mount,mount,control,mount,mount,control,False,[]
7dc97750-d911-45a2-9675-55d545a4a12d_e0010_w0002_f02,7dc97750-d911-45a2-9675-55d545a4a12d,https://www.youtube.com/watch?v=dQWfia0LQFQ&t=3399s,235f1c92-f1d8-46b5-b000-383809dedf87,9b76836b-6908-48f9-a346-705f16532f3c,7dc97750-d911-45a2-9675-55d545a4a12d:9:11,0,1,9,Sweep,sweep,10,Mount,control,4650.0,4650.0,0.0,11,Sweep,sweep,mount,mount,control,mount,mount,control,False,[]
7dc97750-d911-45a2-9675-55d545a4a12d_e0010_w0002_f03,7dc97750-d911-45a2-9675-55d545a4a12d,https://www.youtube.com/watch?v=dQWfia0LQFQ&t=3399s,235f1c92-f1d8-46b5-b000-383809dedf87,9b76836b-6908-48f9-a346-705f16532f3c,7dc97750-d911-45a2-9675-55d545a4a12d:9:11,0,1,9,Sweep,sweep,10,Mount,control,4650.0,4650.3,0.3,11,Sweep,sweep,mount,mount,control,mount,mount,control,False,[]
7dc97750-d911-45a2-9675-55d545a4a12d_e0010_w0002_f04,7dc97750-d911-45a2-9675-55d545a4a12d,https://www.youtube.com/watch?v=dQWfia0LQFQ&t=3399s,235f1c92-f1d8-46b5-b000-383809dedf87,9b76836b-6908-48f9-a346-705f16532f3c,7dc97750-d911-45a2-9675-55d545a4a12d:9:11,0,1,9,Sweep,sweep,10,Mount,control,4650.0,4650.6,0.6,11,Sweep,sweep,mount,mount,control,mount,mount,control,False,[]
7dc97750-d911-45a2-9675-55d545a4a12d_e0012_w0003_f00,7dc97750-d911-45a2-9675-55d545a4a12d,https://www.youtube.com/watch?v=dQWfia0LQFQ&t=3399s,235f1c92-f1d8-46b5-b000-383809dedf87,9b76836b-6908-48f9-a346-705f16532f3c,7dc97750-d911-45a2-9675-55d545a4a12d:11:13,0,1,11,Sweep,sweep,12,Mount,control,4676.0,4675.4,-0.6,13,Guard Pass,guard pass,mount,mount,control,mount,mount,control,False,[]
7dc97750-d911-45a2-9675-55d545a4a12d_e0012_w0003_f01,7dc97750-d911-45a2-9675-55d545a4a12d,https://www.youtube.com/watch?v=dQWfia0LQFQ&t=3399s,235f1c92-f1d8-46b5-b000-383809dedf87,9b76836b-6908-48f9-a346-705f16532f3c,7dc97750-d911-45a2-9675-55d545a4a12d:11:13,0,1,11,Sweep,sweep,12,Mount,control,4676.0,4675.7,-0.3,13,Guard Pass,guard pass,mount,mount,control,mount,mount,control,False,[]
7dc97750-d911-45a2-9675-55d545a4a12d_e0012_w0003_f02,7dc97750-d911-45a2-9675-55d545a4a12d,https://www.youtube.com/watch?v=dQWfia0LQFQ&t=3399s,235f1c92-f1d8-46b5-b000-383809dedf87,9b76836b-6908-48f9-a346-705f16532f3c,7dc97750-d911-45a2-9675-55d545a4a12d:11:13,0,1,11,Sweep,sweep,12,Mount,control,4676.0,4676.0,0.0,13,Guard Pass,guard pass,mount,mount,control,mount,mount,control,False,[]
7dc97750-d911-45a2-9675-55d545a4a12d_e0012_w0003_f03,7dc97750-d911-45a2-9675-55d545a4a12d,https://www.youtube.com/watch?v=dQWfia0LQFQ&t=3399s,235f1c92-f1d8-46b5-b000-383809dedf87,9b76836b-6908-48f9-a346-705f16532f3c,7dc97750-d911-45a2-9675-55d545a4a12d:11:13,0,1,11,Sweep,sweep,12,Mount,control,4676.0,4676.3,0.3,13,Guard Pass,guard pass,mount,mount,control,mount,mount,control,False,[]
7dc97750-d911-45a2-9675-55d545a4a12d_e0012_w0003_f04,7dc97750-d911-45a2-9675-55d545a4a12d,https://www.youtube.com/watch?v=dQWfia0LQFQ&t=3399s,235f1c92-f1d8-46b5-b000-383809dedf87,9b76836b-6908-48f9-a346-705f16532f3c,7dc97750-d911-45a2-9675-55d545a4a12d:11:13,0,1,11,Sweep,sweep,12,Mount,control,4676.0,4676.6,0.6,13,Guard Pass,guard pass,mount,mount,control,mount,mount,control,False,[]
7dc97750-d911-45a2-9675-55d545a4a12d_e0015_w0004_f00,7dc97750-d911-45a2-9675-55d545a4a12d,https://www.youtube.com/watch?v=dQWfia0LQFQ&t=3399s,235f1c92-f1d8-46b5-b000-383809dedf87,9b76836b-6908-48f9-a346-705f16532f3c,7dc97750-d911-45a2-9675-55d545a4a12d:14:18,0,3,14,Sweep,sweep,15,Mount,control,4862.0,4861.4,-0.6,18,Sweep,sweep,mount,mount,control,mount,mount,control,False,[]
7dc97750-d911-45a2-9675-55d545a4a12d_e0015_w0004_f01,7dc97750-d911-45a2-9675-55d545a4a12d,https://www.youtube.com/watch?v=dQWfia0LQFQ&t=3399s,235f1c92-f1d8-46b5-b000-383809dedf87,9b76836b-6908-48f9-a346-705f16532f3c,7dc97750-d911-45a2-9675-55d545a4a12d:14:18,0,3,14,Sweep,sweep,15,Mount,control,4862.0,4861.7,-0.3,18,Sweep,sweep,mount,mount,control,mount,mount,control,False,[]
7dc97750-d911-45a2-9675-55d545a4a12d_e0015_w0004_f02,7dc97750-d911-45a2-9675-55d545a4a12d,https://www.youtube.com/watch?v=dQWfia0LQFQ&t=3399s,235f1c92-f1d8-46b5-b000-383809dedf87,9b76836b-6908-48f9-a346-705f16532f3c,7dc97750-d911-45a2-9675-55d545a4a12d:14:18,0,3,14,Sweep,sweep,15,Mount,control,4862.0,4862.0,0.0,18,Sweep,sweep,mount,mount,control,mount,mount,control,False,[]
7dc97750-d911-45a2-9675-55d545a4a12d_e0015_w0004_f03,7dc97750-d911-45a2-9675-55d545a4a12d,https://www.youtube.com/watch?v=dQWfia0LQFQ&t=3399s,235f1c92-f1d8-46b5-b000-383809dedf87,9b76836b-6908-48f9-a346-705f16532f3c,7dc97750-d911-45a2-9675-55d545a4a12d:14:18,0,3,14,Sweep,sweep,15,Mount,control,4862.0,4862.3,0.3,18,Sweep,sweep,mount,mount,control,mount,mount,control,False,[]
7dc97750-d911-45a2-9675-55d545a4a12d_e0015_w0004_f04,7dc97750-d911-45a2-9675-55d545a4a12d,https://www.youtube.com/watch?v=dQWfia0LQFQ&t=3399s,235f1c92-f1d8-46b5-b000-383809dedf87,9b76836b-6908-48f9-a346-705f16532f3c,7dc97750-d911-45a2-9675-55d545a4a12d:14:18,0,3,14,Sweep,sweep,15,Mount,control,4862.0,4862.6,0.6,18,Sweep,sweep,mount,mount,control,mount,mount,control,False,[]
7dc97750-d911-45a2-9675-55d545a4a12d_e0016_w0005_f00,7dc97750-d911-45a2-9675-55d545a4a12d,https://www.youtube.com/watch?v=dQWfia0LQFQ&t=3399s,235f1c92-f1d8-46b5-b000-383809dedf87,9b76836b-6908-48f9-a346-705f16532f3c,7dc97750-d911-45a2-9675-55d545a4a12d:14:18,1,3,14,Sweep,sweep,16,Mount,control,4872.0,4871.4,-0.6,18,Sweep,sweep,mount,mount,control,mount,mount,control,False,[]
7dc97750-d911-45a2-9675-55d545a4a12d_e0016_w0005_f01,7dc97750-d911-45a2-9675-55d545a4a12d,https://www.youtube.com/watch?v=dQWfia0LQFQ&t=3399s,235f1c92-f1d8-46b5-b000-383809dedf87,9b76836b-6908-48f9-a346-705f16532f3c,7dc97750-d911-45a2-9675-55d545a4a12d:14:18,1,3,14,Sweep,sweep,16,Mount,control,4872.0,4871.7,-0.3,18,Sweep,sweep,mount,mount,control,mount,mount,control,False,[]
7dc97750-d911-45a2-9675-55d545a4a12d_e0016_w0005_f02,7dc97750-d911-45a2-9675-55d545a4a12d,https://www.youtube.com/watch?v=dQWfia0LQFQ&t=3399s,235f1c92-f1d8-46b5-b000-383809dedf87,9b76836b-6908-48f9-a346-705f16532f3c,7dc97750-d911-45a2-9675-55d545a4a12d:14:18,1,3,14,Sweep,sweep,16,Mount,control,4872.0,4872.0,0.0,18,Sweep,sweep,mount,mount,control,mount,mount,control,False,[]
7dc97750-d911-45a2-9675-55d545a4a12d_e0016_w0005_f03,7dc97750-d911-45a2-9675-55d545a4a12d,https://www.youtube.com/watch?v=dQWfia0LQFQ&t=3399s,235f1c92-f1d8-46b5-b000-383809dedf87,9b76836b-6908-48f9-a346-705f16532f3c,7dc97750-d911-45a2-9675-55d545a4a12d:14:18,1,3,14,Sweep,sweep,16,Mount,control,4872.0,4872.3,0.3,18,Sweep,sweep,mount,mount,control,mount,mount,control,False,[]
7dc97750-d911-45a2-9675-55d545a4a12d_e0016_w0005_f04,7dc97750-d911-45a2-9675-55d545a4a12d,https://www.youtube.com/watch?v=dQWfia0LQFQ&t=3399s,235f1c92-f1d8-46b5-b000-383809dedf87,9b76836b-6908-48f9-a346-705f16532f3c,7dc97750-d911-45a2-9675-55d545a4a12d:14:18,1,3,14,Sweep,sweep,16,Mount,control,4872.0,4872.6,0.6,18,Sweep,sweep,mount,mount,control,mount,mount,control,False,[]
7dc97750-d911-45a2-9675-55d545a4a12d_e0017_w0006_f00,7dc97750-d911-45a2-9675-55d545a4a12d,https://www.youtube.com/watch?v=dQWfia0LQFQ&t=3399s,235f1c92-f1d8-46b5-b000-383809dedf87,9b76836b-6908-48f9-a346-705f16532f3c,7dc97750-d911-45a2-9675-55d545a4a12d:14:18,2,3,14,Sweep,sweep,17,Escape to Standing,escape,5061.0,5060.4,-0.6,18,Sweep,sweep,escape to standing,escape to standing,escape,escape to standing,escape to standing,escape,False,[]
7dc97750-d911-45a2-9675-55d545a4a12d_e0017_w0006_f01,7dc97750-d911-45a2-9675-55d545a4a12d,https://www.youtube.com/watch?v=dQWfia0LQFQ&t=3399s,235f1c92-f1d8-46b5-b000-383809dedf87,9b76836b-6908-48f9-a346-705f16532f3c,7dc97750-d911-45a2-9675-55d545a4a12d:14:18,2,3,14,Sweep,sweep,17,Escape to Standing,escape,5061.0,5060.7,-0.3,18,Sweep,sweep,escape to standing,escape to standing,escape,escape to standing,escape to standing,escape,False,[]
7dc97750-d911-45a2-9675-55d545a4a12d_e0017_w0006_f02,7dc97750-d911-45a2-9675-55d545a4a12d,https://www.youtube.com/watch?v=dQWfia0LQFQ&t=3399s,235f1c92-f1d8-46b5-b000-383809dedf87,9b76836b-6908-48f9-a346-705f16532f3c,7dc97750-d911-45a2-9675-55d545a4a12d:14:18,2,3,14,Sweep,sweep,17,Escape to Standing,escape,5061.0,5061.0,0.0,18,Sweep,sweep,escape to standing,escape to standing,escape,escape to standing,escape to standing,escape,False,[]
7dc97750-d911-45a2-9675-55d545a4a12d_e0017_w0006_f03,7dc97750-d911-45a2-9675-55d545a4a12d,https://www.youtube.com/watch?v=dQWfia0LQFQ&t=3399s,235f1c92-f1d8-46b5-b000-383809dedf87,9b76836b-6908-48f9-a346-705f16532f3c,7dc97750-d911-45a2-9675-55d545a4a12d:14:18,2,3,14,Sweep,sweep,17,Escape to Standing,escape,5061.0,5061.3,0.3,18,Sweep,sweep,escape to standing,escape to standing,escape,escape to standing,escape to standing,escape,False,[]
7dc97750-d911-45a2-9675-55d545a4a12d_e0017_w0006_f04,7dc97750-d911-45a2-9675-55d545a4a12d,https://www.youtube.com/watch?v=dQWfia0LQFQ&t=3399s,235f1c92-f1d8-46b5-b000-383809dedf87,9b76836b-6908-48f9-a346-705f16532f3c,7dc97750-d911-45a2-9675-55d545a4a12d:14:18,2,3,14,Sweep,sweep,17,Escape to Standing,escape,5061.0,5061.6,0.6,18,Sweep,sweep,escape to standing,escape to standing,escape,escape to standing,escape to standing,escape,False,[]
7dc97750-d911-45a2-9675-55d545a4a12d_e0020_w0007_f00,7dc97750-d911-45a2-9675-55d545a4a12d,https://www.youtube.com/watch?v=dQWfia0LQFQ&t=3399s,235f1c92-f1d8-46b5-b000-383809dedf87,9b76836b-6908-48f9-a346-705f16532f3c,7dc97750-d911-45a2-9675-55d545a4a12d:19:21,0,1,19,Sweep,sweep,20,Omoplata,submission,5772.0,5771.4,-0.6,21,Sweep,sweep,omoplata,shoulder-lock,submission,omoplata,shoulder-lock,submission,False,"[""shoulder-lock"", ""submission""]"
7dc97750-d911-45a2-9675-55d545a4a12d_e0020_w0007_f01,7dc97750-d911-45a2-9675-55d545a4a12d,https://www.youtube.com/watch?v=dQWfia0LQFQ&t=3399s,235f1c92-f1d8-46b5-b000-383809dedf87,9b76836b-6908-48f9-a346-705f16532f3c,7dc97750-d911-45a2-9675-55d545a4a12d:19:21,0,1,19,Sweep,sweep,20,Omoplata,submission,5772.0,5771.7,-0.3,21,Sweep,sweep,omoplata,shoulder-lock,submission,omoplata,shoulder-lock,submission,False,"[""shoulder-lock"", ""submission""]"
7dc97750-d911-45a2-9675-55d545a4a12d_e0020_w0007_f02,7dc97750-d911-45a2-9675-55d545a4a12d,https://www.youtube.com/watch?v=dQWfia0LQFQ&t=3399s,235f1c92-f1d8-46b5-b000-383809dedf87,9b76836b-6908-48f9-a346-705f16532f3c,7dc97750-d911-45a2-9675-55d545a4a12d:19:21,0,1,19,Sweep,sweep,20,Omoplata,submission,5772.0,5772.0,0.0,21,Sweep,sweep,omoplata,shoulder-lock,submission,omoplata,shoulder-lock,submission,False,"[""shoulder-lock"", ""submission""]"
7dc97750-d911-45a2-9675-55d545a4a12d_e0020_w0007_f03,7dc97750-d911-45a2-9675-55d545a4a12d,https://www.youtube.com/watch?v=dQWfia0LQFQ&t=3399s,235f1c92-f1d8-46b5-b000-383809dedf87,9b76836b-6908-48f9-a346-705f16532f3c,7dc97750-d911-45a2-9675-55d545a4a12d:19:21,0,1,19,Sweep,sweep,20,Omoplata,submission,5772.0,5772.3,0.3,21,Sweep,sweep,omoplata,shoulder-lock,submission,omoplata,shoulder-lock,submission,False,"[""shoulder-lock"", ""submission""]"
7dc97750-d911-45a2-9675-55d545a4a12d_e0020_w0007_f04,7dc97750-d911-45a2-9675-55d545a4a12d,https://www.youtube.com/watch?v=dQWfia0LQFQ&t=3399s,235f1c92-f1d8-46b5-b000-383809dedf87,9b76836b-6908-48f9-a346-705f16532f3c,7dc97750-d911-45a2-9675-55d545a4a12d:19:21,0,1,19,Sweep,sweep,20,Omoplata,submission,5772.0,5772.6,0.6,21,Sweep,sweep,omoplata,shoulder-lock,submission,omoplata,shoulder-lock,submission,False,"[""shoulder-lock"", ""submission""]"
7dc97750-d911-45a2-9675-55d545a4a12d_e0023_w0008_f00,7dc97750-d911-45a2-9675-55d545a4a12d,https://www.youtube.com/watch?v=dQWfia0LQFQ&t=3399s,235f1c92-f1d8-46b5-b000-383809dedf87,9b76836b-6908-48f9-a346-705f16532f3c,7dc97750-d911-45a2-9675-55d545a4a12d:22:24,0,1,22,Sweep,sweep,23,Escape to Standing,escape,5836.0,5835.4,-0.6,24,Sweep,sweep,escape to standing,escape to standing,escape,escape to standing,escape to standing,escape,False,[]
7dc97750-d911-45a2-9675-55d545a4a12d_e0023_w0008_f01,7dc97750-d911-45a2-9675-55d545a4a12d,https://www.youtube.com/watch?v=dQWfia0LQFQ&t=3399s,235f1c92-f1d8-46b5-b000-383809dedf87,9b76836b-6908-48f9-a346-705f16532f3c,7dc97750-d911-45a2-9675-55d545a4a12d:22:24,0,1,22,Sweep,sweep,23,Escape to Standing,escape,5836.0,5835.7,-0.3,24,Sweep,sweep,escape to standing,escape to standing,escape,escape to standing,escape to standing,escape,False,[]
7dc97750-d911-45a2-9675-55d545a4a12d_e0023_w0008_f02,7dc97750-d911-45a2-9675-55d545a4a12d,https://www.youtube.com/watch?v=dQWfia0LQFQ&t=3399s,235f1c92-f1d8-46b5-b000-383809dedf87,9b76836b-6908-48f9-a346-705f16532f3c,7dc97750-d911-45a2-9675-55d545a4a12d:22:24,0,1,22,Sweep,sweep,23,Escape to Standing,escape,5836.0,5836.0,0.0,24,Sweep,sweep,escape to standing,escape to standing,escape,escape to standing,escape to standing,escape,False,[]
7dc97750-d911-45a2-9675-55d545a4a12d_e0023_w0008_f03,7dc97750-d911-45a2-9675-55d545a4a12d,https://www.youtube.com/watch?v=dQWfia0LQFQ&t=3399s,235f1c92-f1d8-46b5-b000-383809dedf87,9b76836b-6908-48f9-a346-705f16532f3c,7dc97750-d911-45a2-9675-55d545a4a12d:22:24,0,1,22,Sweep,sweep,23,Escape to Standing,escape,5836.0,5836.3,0.3,24,Sweep,sweep,escape to standing,escape to standing,escape,escape to standing,escape to standing,escape,False,[]
7dc97750-d911-45a2-9675-55d545a4a12d_e0023_w0008_f04,7dc97750-d911-45a2-9675-55d545a4a12d,https://www.youtube.com/watch?v=dQWfia0LQFQ&t=3399s,235f1c92-f1d8-46b5-b000-383809dedf87,9b76836b-6908-48f9-a346-705f16532f3c,7dc97750-d911-45a2-9675-55d545a4a12d:22:24,0,1,22,Sweep,sweep,23,Escape to Standing,escape,5836.0,5836.6,0.6,24,Sweep,sweep,escape to standing,escape to standing,escape,escape to standing,escape to standing,escape,False,[]
7dc97750-d911-45a2-9675-55d545a4a12d_e0026_w0009_f00,7dc97750-d911-45a2-9675-55d545a4a12d,https://www.youtube.com/watch?v=dQWfia0LQFQ&t=3399s,235f1c92-f1d8-46b5-b000-383809dedf87,9b76836b-6908-48f9-a346-705f16532f3c,7dc97750-d911-45a2-9675-55d545a4a12d:25:30,0,4,25,Sweep,sweep,26,Triangle Attempt,submission,5988.0,5987.4,-0.6,30,Leg Drag to Straddle,leg drag to straddle,triangle attempt,triangle attempt,submission,triangle attempt,triangle attempt,submission,True,[]
7dc97750-d911-45a2-9675-55d545a4a12d_e0026_w0009_f01,7dc97750-d911-45a2-9675-55d545a4a12d,https://www.youtube.com/watch?v=dQWfia0LQFQ&t=3399s,235f1c92-f1d8-46b5-b000-383809dedf87,9b76836b-6908-48f9-a346-705f16532f3c,7dc97750-d911-45a2-9675-55d545a4a12d:25:30,0,4,25,Sweep,sweep,26,Triangle Attempt,submission,5988.0,5987.7,-0.3,30,Leg Drag to Straddle,leg drag to straddle,triangle attempt,triangle attempt,submission,triangle attempt,triangle attempt,submission,True,[]
7dc97750-d911-45a2-9675-55d545a4a12d_e0026_w0009_f02,7dc97750-d911-45a2-9675-55d545a4a12d,https://www.youtube.com/watch?v=dQWfia0LQFQ&t=3399s,235f1c92-f1d8-46b5-b000-383809dedf87,9b76836b-6908-48f9-a346-705f16532f3c,7dc97750-d911-45a2-9675-55d545a4a12d:25:30,0,4,25,Sweep,sweep,26,Triangle Attempt,submission,5988.0,5988.0,0.0,30,Leg Drag to Straddle,leg drag to straddle,triangle attempt,triangle attempt,submission,triangle attempt,triangle attempt,submission,True,[]
7dc97750-d911-45a2-9675-55d545a4a12d_e0026_w0009_f03,7dc97750-d911-45a2-9675-55d545a4a12d,https://www.youtube.com/watch?v=dQWfia0LQFQ&t=3399s,235f1c92-f1d8-46b5-b000-383809dedf87,9b76836b-6908-48f9-a346-705f16532f3c,7dc97750-d911-45a2-9675-55d545a4a12d:25:30,0,4,25,Sweep,sweep,26,Triangle Attempt,submission,5988.0,5988.3,0.3,30,Leg Drag to Straddle,leg drag to straddle,triangle attempt,triangle attempt,submission,triangle attempt,triangle attempt,submission,True,[]
7dc97750-d911-45a2-9675-55d545a4a12d_e0026_w0009_f04,7dc97750-d911-45a2-9675-55d545a4a12d,https://www.youtube.com/watch?v=dQWfia0LQFQ&t=3399s,235f1c92-f1d8-46b5-b000-383809dedf87,9b76836b-6908-48f9-a346-705f16532f3c,7dc97750-d911-45a2-9675-55d545a4a12d:25:30,0,4,25,Sweep,sweep,26,Triangle Attempt,submission,5988.0,5988.6,0.6,30,Leg Drag to Straddle,leg drag to straddle,triangle attempt,triangle attempt,submission,triangle attempt,triangle attempt,submission,True,[]
7dc97750-d911-45a2-9675-55d545a4a12d_e0027_w0010_f00,7dc97750-d911-45a2-9675-55d545a4a12d,https://www.youtube.com/watch?v=dQWfia0LQFQ&t=3399s,235f1c92-f1d8-46b5-b000-383809dedf87,9b76836b-6908-48f9-a346-705f16532f3c,7dc97750-d911-45a2-9675-55d545a4a12d:25:30,1,4,25,Sweep,sweep,27,Triangle Attempt,submission,5995.0,5994.4,-0.6,30,Leg Drag to Straddle,leg drag to straddle,triangle attempt,triangle attempt,submission,triangle attempt,triangle attempt,submission,True,[]
7dc97750-d911-45a2-9675-55d545a4a12d_e0027_w0010_f01,7dc97750-d911-45a2-9675-55d545a4a12d,https://www.youtube.com/watch?v=dQWfia0LQFQ&t=3399s,235f1c92-f1d8-46b5-b000-383809dedf87,9b76836b-6908-48f9-a346-705f16532f3c,7dc97750-d911-45a2-9675-55d545a4a12d:25:30,1,4,25,Sweep,sweep,27,Triangle Attempt,submission,5995.0,5994.7,-0.3,30,Leg Drag to Straddle,leg drag to straddle,triangle attempt,triangle attempt,submission,triangle attempt,triangle attempt,submission,True,[]
7dc97750-d911-45a2-9675-55d545a4a12d_e0027_w0010_f02,7dc97750-d911-45a2-9675-55d545a4a12d,https://www.youtube.com/watch?v=dQWfia0LQFQ&t=3399s,235f1c92-f1d8-46b5-b000-383809dedf87,9b76836b-6908-48f9-a346-705f16532f3c,7dc97750-d911-45a2-9675-55d545a4a12d:25:30,1,4,25,Sweep,sweep,27,Triangle Attempt,submission,5995.0,5995.0,0.0,30,Leg Drag to Straddle,leg drag to straddle,triangle attempt,triangle attempt,submission,triangle attempt,triangle attempt,submission,True,[]
7dc97750-d911-45a2-9675-55d545a4a12d_e0027_w0010_f03,7dc97750-d911-45a2-9675-55d545a4a12d,https://www.youtube.com/watch?v=dQWfia0LQFQ&t=3399s,235f1c92-f1d8-46b5-b000-383809dedf87,9b76836b-6908-48f9-a346-705f16532f3c,7dc97750-d911-45a2-9675-55d545a4a12d:25:30,1,4,25,Sweep,sweep,27,Triangle Attempt,submission,5995.0,5995.3,0.3,30,Leg Drag to Straddle,leg drag to straddle,triangle attempt,triangle attempt,submission,triangle attempt,triangle attempt,submission,True,[]
7dc97750-d911-45a2-9675-55d545a4a12d_e0027_w0010_f04,7dc97750-d911-45a2-9675-55d545a4a12d,https://www.youtube.com/watch?v=dQWfia0LQFQ&t=3399s,235f1c92-f1d8-46b5-b000-383809dedf87,9b76836b-6908-48f9-a346-705f16532f3c,7dc97750-d911-45a2-9675-55d545a4a12d:25:30,1,4,25,Sweep,sweep,27,Triangle Attempt,submission,5995.0,5995.6,0.6,30,Leg Drag to Straddle,leg drag to straddle,triangle attempt,triangle attempt,submission,triangle attempt,triangle attempt,submission,True,[]
7dc97750-d911-45a2-9675-55d545a4a12d_e0028_w0011_f00,7dc97750-d911-45a2-9675-55d545a4a12d,https://www.youtube.com/watch?v=dQWfia0LQFQ&t=3399s,235f1c92-f1d8-46b5-b000-383809dedf87,9b76836b-6908-48f9-a346-705f16532f3c,7dc97750-d911-45a2-9675-55d545a4a12d:25:30,2,4,25,Sweep,sweep,28,Mount,control,6002.0,6001.4,-0.6,30,Leg Drag to Straddle,leg drag to straddle,mount,mount,control,mount,mount,control,False,[]
7dc97750-d911-45a2-9675-55d545a4a12d_e0028_w0011_f01,7dc97750-d911-45a2-9675-55d545a4a12d,https://www.youtube.com/watch?v=dQWfia0LQFQ&t=3399s,235f1c92-f1d8-46b5-b000-383809dedf87,9b76836b-6908-48f9-a346-705f16532f3c,7dc97750-d911-45a2-9675-55d545a4a12d:25:30,2,4,25,Sweep,sweep,28,Mount,control,6002.0,6001.7,-0.3,30,Leg Drag to Straddle,leg drag to straddle,mount,mount,control,mount,mount,control,False,[]
7dc97750-d911-45a2-9675-55d545a4a12d_e0028_w0011_f02,7dc97750-d911-45a2-9675-55d545a4a12d,https://www.youtube.com/watch?v=dQWfia0LQFQ&t=3399s,235f1c92-f1d8-46b5-b000-383809dedf87,9b76836b-6908-48f9-a346-705f16532f3c,7dc97750-d911-45a2-9675-55d545a4a12d:25:30,2,4,25,Sweep,sweep,28,Mount,control,6002.0,6002.0,0.0,30,Leg Drag to Straddle,leg drag to straddle,mount,mount,control,mount,mount,control,False,[]
7dc97750-d911-45a2-9675-55d545a4a12d_e0028_w0011_f03,7dc97750-d911-45a2-9675-55d545a4a12d,https://www.youtube.com/watch?v=dQWfia0LQFQ&t=3399s,235f1c92-f1d8-46b5-b000-383809dedf87,9b76836b-6908-48f9-a346-705f16532f3c,7dc97750-d911-45a2-9675-55d545a4a12d:25:30,2,4,25,Sweep,sweep,28,Mount,control,6002.0,6002.3,0.3,30,Leg Drag to Straddle,leg drag to straddle,mount,mount,control,mount,mount,control,False,[]
7dc97750-d911-45a2-9675-55d545a4a12d_e0028_w0011_f04,7dc97750-d911-45a2-9675-55d545a4a12d,https://www.youtube.com/watch?v=dQWfia0LQFQ&t=3399s,235f1c92-f1d8-46b5-b000-383809dedf87,9b76836b-6908-48f9-a346-705f16532f3c,7dc97750-d911-45a2-9675-55d545a4a12d:25:30,2,4,25,Sweep,sweep,28,Mount,control,6002.0,6002.6,0.6,30,Leg Drag to Straddle,leg drag to straddle,mount,mount,control,mount,mount,control,False,[]
7dc97750-d911-45a2-9675-55d545a4a12d_e0029_w0012_f00,7dc97750-d911-45a2-9675-55d545a4a12d,https://www.youtube.com/watch?v=dQWfia0LQFQ&t=3399s,235f1c92-f1d8-46b5-b000-383809dedf87,9b76836b-6908-48f9-a346-705f16532f3c,7dc97750-d911-45a2-9675-55d545a4a12d:25:30,3,4,25,Sweep,sweep,29,Arm‑Triangle Attempt,submission,6022.0,6021.4,-0.6,30,Leg Drag to Straddle,leg drag to straddle,armtriangle attempt,armtriangle attempt,submission,armtriangle attempt,armtriangle attempt,submission,True,[]
7dc97750-d911-45a2-9675-55d545a4a12d_e0029_w0012_f01,7dc97750-d911-45a2-9675-55d545a4a12d,https://www.youtube.com/watch?v=dQWfia0LQFQ&t=3399s,235f1c92-f1d8-46b5-b000-383809dedf87,9b76836b-6908-48f9-a346-705f16532f3c,7dc97750-d911-45a2-9675-55d545a4a12d:25:30,3,4,25,Sweep,sweep,29,Arm‑Triangle Attempt,submission,6022.0,6021.7,-0.3,30,Leg Drag to Straddle,leg drag to straddle,armtriangle attempt,armtriangle attempt,submission,armtriangle attempt,armtriangle attempt,submission,True,[]
7dc97750-d911-45a2-9675-55d545a4a12d_e0029_w0012_f02,7dc97750-d911-45a2-9675-55d545a4a12d,https://www.youtube.com/watch?v=dQWfia0LQFQ&t=3399s,235f1c92-f1d8-46b5-b000-383809dedf87,9b76836b-6908-48f9-a346-705f16532f3c,7dc97750-d911-45a2-9675-55d545a4a12d:25:30,3,4,25,Sweep,sweep,29,Arm‑Triangle Attempt,submission,6022.0,6022.0,0.0,30,Leg Drag to Straddle,leg drag to straddle,armtriangle attempt,armtriangle attempt,submission,armtriangle attempt,armtriangle attempt,submission,True,[]
7dc97750-d911-45a2-9675-55d545a4a12d_e0029_w0012_f03,7dc97750-d911-45a2-9675-55d545a4a12d,https://www.youtube.com/watch?v=dQWfia0LQFQ&t=3399s,235f1c92-f1d8-46b5-b000-383809dedf87,9b76836b-6908-48f9-a346-705f16532f3c,7dc97750-d911-45a2-9675-55d545a4a12d:25:30,3,4,25,Sweep,sweep,29,Arm‑Triangle Attempt,submission,6022.0,6022.3,0.3,30,Leg Drag to Straddle,leg drag to straddle,armtriangle attempt,armtriangle attempt,submission,armtriangle attempt,armtriangle attempt,submission,True,[]
7dc97750-d911-45a2-9675-55d545a4a12d_e0029_w0012_f04,7dc97750-d911-45a2-9675-55d545a4a12d,https://www.youtube.com/watch?v=dQWfia0LQFQ&t=3399s,235f1c92-f1d8-46b5-b000-383809dedf87,9b76836b-6908-48f9-a346-705f16532f3c,7dc97750-d911-45a2-9675-55d545a4a12d:25:30,3,4,25,Sweep,sweep,29,Arm‑Triangle Attempt,submission,6022.0,6022.6,0.6,30,Leg Drag to Straddle,leg drag to straddle,armtriangle attempt,armtriangle attempt,submission,armtriangle attempt,armtriangle attempt,submission,True,[]
7dc97750-d911-45a2-9675-55d545a4a12d_e0031_w0013_f00,7dc97750-d911-45a2-9675-55d545a4a12d,https://www.youtube.com/watch?v=dQWfia0LQFQ&t=3399s,235f1c92-f1d8-46b5-b000-383809dedf87,9b76836b-6908-48f9-a346-705f16532f3c,7dc97750-d911-45a2-9675-55d545a4a12d:30:32,0,1,30,Leg Drag to Straddle,leg drag to straddle,31,Mount,control,6073.0,6072.4,-0.6,32,Sweep,sweep,mount,mount,control,mount,mount,control,False,[]
7dc97750-d911-45a2-9675-55d545a4a12d_e0031_w0013_f01,7dc97750-d911-45a2-9675-55d545a4a12d,https://www.youtube.com/watch?v=dQWfia0LQFQ&t=3399s,235f1c92-f1d8-46b5-b000-383809dedf87,9b76836b-6908-48f9-a346-705f16532f3c,7dc97750-d911-45a2-9675-55d545a4a12d:30:32,0,1,30,Leg Drag to Straddle,leg drag to straddle,31,Mount,control,6073.0,6072.7,-0.3,32,Sweep,sweep,mount,mount,control,mount,mount,control,False,[]
7dc97750-d911-45a2-9675-55d545a4a12d_e0031_w0013_f02,7dc97750-d911-45a2-9675-55d545a4a12d,https://www.youtube.com/watch?v=dQWfia0LQFQ&t=3399s,235f1c92-f1d8-46b5-b000-383809dedf87,9b76836b-6908-48f9-a346-705f16532f3c,7dc97750-d911-45a2-9675-55d545a4a12d:30:32,0,1,30,Leg Drag to Straddle,leg drag to straddle,31,Mount,control,6073.0,6073.0,0.0,32,Sweep,sweep,mount,mount,control,mount,mount,control,False,[]
7dc97750-d911-45a2-9675-55d545a4a12d_e0031_w0013_f03,7dc97750-d911-45a2-9675-55d545a4a12d,https://www.youtube.com/watch?v=dQWfia0LQFQ&t=3399s,235f1c92-f1d8-46b5-b000-383809dedf87,9b76836b-6908-48f9-a346-705f16532f3c,7dc97750-d911-45a2-9675-55d545a4a12d:30:32,0,1,30,Leg Drag to Straddle,leg drag to straddle,31,Mount,control,6073.0,6073.3,0.3,32,Sweep,sweep,mount,mount,control,mount,mount,control,False,[]
7dc97750-d911-45a2-9675-55d545a4a12d_e0031_w0013_f04,7dc97750-d911-45a2-9675-55d545a4a12d,https://www.youtube.com/watch?v=dQWfia0LQFQ&t=3399s,235f1c92-f1d8-46b5-b000-383809dedf87,9b76836b-6908-48f9-a346-705f16532f3c,7dc97750-d911-45a2-9675-55d545a4a12d:30:32,0,1,30,Leg Drag to Straddle,leg drag to straddle,31,Mount,control,6073.0,6073.6,0.6,32,Sweep,sweep,mount,mount,control,mount,mount,control,False,[]
7dc97750-d911-45a2-9675-55d545a4a12d_e0033_w0014_f00,7dc97750-d911-45a2-9675-55d545a4a12d,https://www.youtube.com/watch?v=dQWfia0LQFQ&t=3399s,235f1c92-f1d8-46b5-b000-383809dedf87,9b76836b-6908-48f9-a346-705f16532f3c,7dc97750-d911-45a2-9675-55d545a4a12d:32:35,0,2,32,Sweep,sweep,33,Toe Hold,submission,6272.0,6271.4,-0.6,35,Sweep,sweep,toe hold,toe hold,submission,toe hold,toe hold,submission,False,[]
7dc97750-d911-45a2-9675-55d545a4a12d_e0033_w0014_f01,7dc97750-d911-45a2-9675-55d545a4a12d,https://www.youtube.com/watch?v=dQWfia0LQFQ&t=3399s,235f1c92-f1d8-46b5-b000-383809dedf87,9b76836b-6908-48f9-a346-705f16532f3c,7dc97750-d911-45a2-9675-55d545a4a12d:32:35,0,2,32,Sweep,sweep,33,Toe Hold,submission,6272.0,6271.7,-0.3,35,Sweep,sweep,toe hold,toe hold,submission,toe hold,toe hold,submission,False,[]
7dc97750-d911-45a2-9675-55d545a4a12d_e0033_w0014_f02,7dc97750-d911-45a2-9675-55d545a4a12d,https://www.youtube.com/watch?v=dQWfia0LQFQ&t=3399s,235f1c92-f1d8-46b5-b000-383809dedf87,9b76836b-6908-48f9-a346-705f16532f3c,7dc97750-d911-45a2-9675-55d545a4a12d:32:35,0,2,32,Sweep,sweep,33,Toe Hold,submission,6272.0,6272.0,0.0,35,Sweep,sweep,toe hold,toe hold,submission,toe hold,toe hold,submission,False,[]
7dc97750-d911-45a2-9675-55d545a4a12d_e0033_w0014_f03,7dc97750-d911-45a2-9675-55d545a4a12d,https://www.youtube.com/watch?v=dQWfia0LQFQ&t=3399s,235f1c92-f1d8-46b5-b000-383809dedf87,9b76836b-6908-48f9-a346-705f16532f3c,7dc97750-d911-45a2-9675-55d545a4a12d:32:35,0,2,32,Sweep,sweep,33,Toe Hold,submission,6272.0,6272.3,0.3,35,Sweep,sweep,toe hold,toe hold,submission,toe hold,toe hold,submission,False,[]
7dc97750-d911-45a2-9675-55d545a4a12d_e0033_w0014_f04,7dc97750-d911-45a2-9675-55d545a4a12d,https://www.youtube.com/watch?v=dQWfia0LQFQ&t=3399s,235f1c92-f1d8-46b5-b000-383809dedf87,9b76836b-6908-48f9-a346-705f16532f3c,7dc97750-d911-45a2-9675-55d545a4a12d:32:35,0,2,32,Sweep,sweep,33,Toe Hold,submission,6272.0,6272.6,0.6,35,Sweep,sweep,toe hold,toe hold,submission,toe hold,toe hold,submission,False,[]
7dc97750-d911-45a2-9675-55d545a4a12d_e0034_w0015_f00,7dc97750-d911-45a2-9675-55d545a4a12d,https://www.youtube.com/watch?v=dQWfia0LQFQ&t=3399s,235f1c92-f1d8-46b5-b000-383809dedf87,9b76836b-6908-48f9-a346-705f16532f3c,7dc97750-d911-45a2-9675-55d545a4a12d:32:35,1,2,32,Sweep,sweep,34,Straight Foot Lock Attempt,submission,6463.0,6462.4,-0.6,35,Sweep,sweep,straight foot lock attempt,straight foot lock attempt,submission,straight foot lock,straight foot lock,submission,True,[]
7dc97750-d911-45a2-9675-55d545a4a12d_e0034_w0015_f01,7dc97750-d911-45a2-9675-55d545a4a12d,https://www.youtube.com/watch?v=dQWfia0LQFQ&t=3399s,235f1c92-f1d8-46b5-b000-383809dedf87,9b76836b-6908-48f9-a346-705f16532f3c,7dc97750-d911-45a2-9675-55d545a4a12d:32:35,1,2,32,Sweep,sweep,34,Straight Foot Lock Attempt,submission,6463.0,6462.7,-0.3,35,Sweep,sweep,straight foot lock attempt,straight foot lock attempt,submission,straight foot lock,straight foot lock,submission,True,[]
7dc97750-d911-45a2-9675-55d545a4a12d_e0034_w0015_f02,7dc97750-d911-45a2-9675-55d545a4a12d,https://www.youtube.com/watch?v=dQWfia0LQFQ&t=3399s,235f1c92-f1d8-46b5-b000-383809dedf87,9b76836b-6908-48f9-a346-705f16532f3c,7dc97750-d911-45a2-9675-55d545a4a12d:32:35,1,2,32,Sweep,sweep,34,Straight Foot Lock Attempt,submission,6463.0,6463.0,0.0,35,Sweep,sweep,straight foot lock attempt,straight foot lock attempt,submission,straight foot lock,straight foot lock,submission,True,[]
7dc97750-d911-45a2-9675-55d545a4a12d_e0034_w0015_f03,7dc97750-d911-45a2-9675-55d545a4a12d,https://www.youtube.com/watch?v=dQWfia0LQFQ&t=3399s,235f1c92-f1d8-46b5-b000-383809dedf87,9b76836b-6908-48f9-a346-705f16532f3c,7dc97750-d911-45a2-9675-55d545a4a12d:32:35,1,2,32,Sweep,sweep,34,Straight Foot Lock Attempt,submission,6463.0,6463.3,0.3,35,Sweep,sweep,straight foot lock attempt,straight foot lock attempt,submission,straight foot lock,straight foot lock,submission,True,[]
7dc97750-d911-45a2-9675-55d545a4a12d_e0034_w0015_f04,7dc97750-d911-45a2-9675-55d545a4a12d,https://www.youtube.com/watch?v=dQWfia0LQFQ&t=3399s,235f1c92-f1d8-46b5-b000-383809dedf87,9b76836b-6908-48f9-a346-705f16532f3c,7dc97750-d911-45a2-9675-55d545a4a12d:32:35,1,2,32,Sweep,sweep,34,Straight Foot Lock Attempt,submission,6463.0,6463.6,0.6,35,Sweep,sweep,straight foot lock attempt,straight foot lock attempt,submission,straight foot lock,straight foot lock,submission,True,[]
8e2add5c-67a1-41cc-af60-39ef684bfa42_e0002_w0000_f00,8e2add5c-67a1-41cc-af60-39ef684bfa42,https://www.youtube.com/watch?v=Lorr3RBNwFw&t=12197s,68ef37f5-226d-4edc-bacb-c1a1129e4ad6,9b76836b-6908-48f9-a346-705f16532f3c,8e2add5c-67a1-41cc-af60-39ef684bfa42:1:3,0,1,1,Pull Guard / Inversion,pull guard inversion,2,Pull Guard / Inversion,guard,1155.0,1154.4,-0.6,3,Butterfly Guard,butterfly guard,pull guard inversion,pull guard inversion,guard,pull guard inversion,pull guard inversion,guard,False,[]
8e2add5c-67a1-41cc-af60-39ef684bfa42_e0002_w0000_f01,8e2add5c-67a1-41cc-af60-39ef684bfa42,https://www.youtube.com/watch?v=Lorr3RBNwFw&t=12197s,68ef37f5-226d-4edc-bacb-c1a1129e4ad6,9b76836b-6908-48f9-a346-705f16532f3c,8e2add5c-67a1-41cc-af60-39ef684bfa42:1:3,0,1,1,Pull Guard / Inversion,pull guard inversion,2,Pull Guard / Inversion,guard,1155.0,1154.7,-0.3,3,Butterfly Guard,butterfly guard,pull guard inversion,pull guard inversion,guard,pull guard inversion,pull guard inversion,guard,False,[]
8e2add5c-67a1-41cc-af60-39ef684bfa42_e0002_w0000_f02,8e2add5c-67a1-41cc-af60-39ef684bfa42,https://www.youtube.com/watch?v=Lorr3RBNwFw&t=12197s,68ef37f5-226d-4edc-bacb-c1a1129e4ad6,9b76836b-6908-48f9-a346-705f16532f3c,8e2add5c-67a1-41cc-af60-39ef684bfa42:1:3,0,1,1,Pull Guard / Inversion,pull guard inversion,2,Pull Guard / Inversion,guard,1155.0,1155.0,0.0,3,Butterfly Guard,butterfly guard,pull guard inversion,pull guard inversion,guard,pull guard inversion,pull guard inversion,guard,False,[]
8e2add5c-67a1-41cc-af60-39ef684bfa42_e0002_w0000_f03,8e2add5c-67a1-41cc-af60-39ef684bfa42,https://www.youtube.com/watch?v=Lorr3RBNwFw&t=12197s,68ef37f5-226d-4edc-bacb-c1a1129e4ad6,9b76836b-6908-48f9-a346-705f16532f3c,8e2add5c-67a1-41cc-af60-39ef684bfa42:1:3,0,1,1,Pull Guard / Inversion,pull guard inversion,2,Pull Guard / Inversion,guard,1155.0,1155.3,0.3,3,Butterfly Guard,butterfly guard,pull guard inversion,pull guard inversion,guard,pull guard inversion,pull guard inversion,guard,False,[]
8e2add5c-67a1-41cc-af60-39ef684bfa42_e0002_w0000_f04,8e2add5c-67a1-41cc-af60-39ef684bfa42,https://www.youtube.com/watch?v=Lorr3RBNwFw&t=12197s,68ef37f5-226d-4edc-bacb-c1a1129e4ad6,9b76836b-6908-48f9-a346-705f16532f3c,8e2add5c-67a1-41cc-af60-39ef684bfa42:1:3,0,1,1,Pull Guard / Inversion,pull guard inversion,2,Pull Guard / Inversion,guard,1155.0,1155.6,0.6,3,Butterfly Guard,butterfly guard,pull guard inversion,pull guard inversion,guard,pull guard inversion,pull guard inversion,guard,False,[]
8e2add5c-67a1-41cc-af60-39ef684bfa42_e0006_w0001_f00,8e2add5c-67a1-41cc-af60-39ef684bfa42,https://www.youtube.com/watch?v=Lorr3RBNwFw&t=12197s,68ef37f5-226d-4edc-bacb-c1a1129e4ad6,9b76836b-6908-48f9-a346-705f16532f3c,8e2add5c-67a1-41cc-af60-39ef684bfa42:5:8,0,2,5,Triangle Attempt,triangle attempt,6,Mount,control,1473.0,1472.4,-0.6,8,Mount,mount,mount,mount,control,mount,mount,control,False,[]
8e2add5c-67a1-41cc-af60-39ef684bfa42_e0006_w0001_f01,8e2add5c-67a1-41cc-af60-39ef684bfa42,https://www.youtube.com/watch?v=Lorr3RBNwFw&t=12197s,68ef37f5-226d-4edc-bacb-c1a1129e4ad6,9b76836b-6908-48f9-a346-705f16532f3c,8e2add5c-67a1-41cc-af60-39ef684bfa42:5:8,0,2,5,Triangle Attempt,triangle attempt,6,Mount,control,1473.0,1472.7,-0.3,8,Mount,mount,mount,mount,control,mount,mount,control,False,[]
8e2add5c-67a1-41cc-af60-39ef684bfa42_e0006_w0001_f02,8e2add5c-67a1-41cc-af60-39ef684bfa42,https://www.youtube.com/watch?v=Lorr3RBNwFw&t=12197s,68ef37f5-226d-4edc-bacb-c1a1129e4ad6,9b76836b-6908-48f9-a346-705f16532f3c,8e2add5c-67a1-41cc-af60-39ef684bfa42:5:8,0,2,5,Triangle Attempt,triangle attempt,6,Mount,control,1473.0,1473.0,0.0,8,Mount,mount,mount,mount,control,mount,mount,control,False,[]
8e2add5c-67a1-41cc-af60-39ef684bfa42_e0006_w0001_f03,8e2add5c-67a1-41cc-af60-39ef684bfa42,https://www.youtube.com/watch?v=Lorr3RBNwFw&t=12197s,68ef37f5-226d-4edc-bacb-c1a1129e4ad6,9b76836b-6908-48f9-a346-705f16532f3c,8e2add5c-67a1-41cc-af60-39ef684bfa42:5:8,0,2,5,Triangle Attempt,triangle attempt,6,Mount,control,1473.0,1473.3,0.3,8,Mount,mount,mount,mount,control,mount,mount,control,False,[]
8e2add5c-67a1-41cc-af60-39ef684bfa42_e0006_w0001_f04,8e2add5c-67a1-41cc-af60-39ef684bfa42,https://www.youtube.com/watch?v=Lorr3RBNwFw&t=12197s,68ef37f5-226d-4edc-bacb-c1a1129e4ad6,9b76836b-6908-48f9-a346-705f16532f3c,8e2add5c-67a1-41cc-af60-39ef684bfa42:5:8,0,2,5,Triangle Attempt,triangle attempt,6,Mount,control,1473.0,1473.6,0.6,8,Mount,mount,mount,mount,control,mount,mount,control,False,[]
8e2add5c-67a1-41cc-af60-39ef684bfa42_e0007_w0002_f00,8e2add5c-67a1-41cc-af60-39ef684bfa42,https://www.youtube.com/watch?v=Lorr3RBNwFw&t=12197s,68ef37f5-226d-4edc-bacb-c1a1129e4ad6,9b76836b-6908-48f9-a346-705f16532f3c,8e2add5c-67a1-41cc-af60-39ef684bfa42:5:8,1,2,5,Triangle Attempt,triangle attempt,7,Mount,control,1490.0,1489.4,-0.6,8,Mount,mount,mount,mount,control,mount,mount,control,False,[]
8e2add5c-67a1-41cc-af60-39ef684bfa42_e0007_w0002_f01,8e2add5c-67a1-41cc-af60-39ef684bfa42,https://www.youtube.com/watch?v=Lorr3RBNwFw&t=12197s,68ef37f5-226d-4edc-bacb-c1a1129e4ad6,9b76836b-6908-48f9-a346-705f16532f3c,8e2add5c-67a1-41cc-af60-39ef684bfa42:5:8,1,2,5,Triangle Attempt,triangle attempt,7,Mount,control,1490.0,1489.7,-0.3,8,Mount,mount,mount,mount,control,mount,mount,control,False,[]
8e2add5c-67a1-41cc-af60-39ef684bfa42_e0007_w0002_f02,8e2add5c-67a1-41cc-af60-39ef684bfa42,https://www.youtube.com/watch?v=Lorr3RBNwFw&t=12197s,68ef37f5-226d-4edc-bacb-c1a1129e4ad6,9b76836b-6908-48f9-a346-705f16532f3c,8e2add5c-67a1-41cc-af60-39ef684bfa42:5:8,1,2,5,Triangle Attempt,triangle attempt,7,Mount,control,1490.0,1490.0,0.0,8,Mount,mount,mount,mount,control,mount,mount,control,False,[]
8e2add5c-67a1-41cc-af60-39ef684bfa42_e0007_w0002_f03,8e2add5c-67a1-41cc-af60-39ef684bfa42,https://www.youtube.com/watch?v=Lorr3RBNwFw&t=12197s,68ef37f5-226d-4edc-bacb-c1a1129e4ad6,9b76836b-6908-48f9-a346-705f16532f3c,8e2add5c-67a1-41cc-af60-39ef684bfa42:5:8,1,2,5,Triangle Attempt,triangle attempt,7,Mount,control,1490.0,1490.3,0.3,8,Mount,mount,mount,mount,control,mount,mount,control,False,[]
8e2add5c-67a1-41cc-af60-39ef684bfa42_e0007_w0002_f04,8e2add5c-67a1-41cc-af60-39ef684bfa42,https://www.youtube.com/watch?v=Lorr3RBNwFw&t=12197s,68ef37f5-226d-4edc-bacb-c1a1129e4ad6,9b76836b-6908-48f9-a346-705f16532f3c,8e2add5c-67a1-41cc-af60-39ef684bfa42:5:8,1,2,5,Triangle Attempt,triangle attempt,7,Mount,control,1490.0,1490.6,0.6,8,Mount,mount,mount,mount,control,mount,mount,control,False,[]
8e2add5c-67a1-41cc-af60-39ef684bfa42_e0013_w0003_f00,8e2add5c-67a1-41cc-af60-39ef684bfa42,https://www.youtube.com/watch?v=Lorr3RBNwFw&t=12197s,68ef37f5-226d-4edc-bacb-c1a1129e4ad6,9b76836b-6908-48f9-a346-705f16532f3c,8e2add5c-67a1-41cc-af60-39ef684bfa42:12:17,0,4,12,Mount,mount,13,Half Guard,guard,1621.0,1620.4,-0.6,17,Triangle Attempt,triangle attempt,half guard,half-guard,guard,half guard,half-guard,guard,False,"[""half-guard"", ""guard""]"
8e2add5c-67a1-41cc-af60-39ef684bfa42_e0013_w0003_f01,8e2add5c-67a1-41cc-af60-39ef684bfa42,https://www.youtube.com/watch?v=Lorr3RBNwFw&t=12197s,68ef37f5-226d-4edc-bacb-c1a1129e4ad6,9b76836b-6908-48f9-a346-705f16532f3c,8e2add5c-67a1-41cc-af60-39ef684bfa42:12:17,0,4,12,Mount,mount,13,Half Guard,guard,1621.0,1620.7,-0.3,17,Triangle Attempt,triangle attempt,half guard,half-guard,guard,half guard,half-guard,guard,False,"[""half-guard"", ""guard""]"
8e2add5c-67a1-41cc-af60-39ef684bfa42_e0013_w0003_f02,8e2add5c-67a1-41cc-af60-39ef684bfa42,https://www.youtube.com/watch?v=Lorr3RBNwFw&t=12197s,68ef37f5-226d-4edc-bacb-c1a1129e4ad6,9b76836b-6908-48f9-a346-705f16532f3c,8e2add5c-67a1-41cc-af60-39ef684bfa42:12:17,0,4,12,Mount,mount,13,Half Guard,guard,1621.0,1621.0,0.0,17,Triangle Attempt,triangle attempt,half guard,half-guard,guard,half guard,half-guard,guard,False,"[""half-guard"", ""guard""]"
8e2add5c-67a1-41cc-af60-39ef684bfa42_e0013_w0003_f03,8e2add5c-67a1-41cc-af60-39ef684bfa42,https://www.youtube.com/watch?v=Lorr3RBNwFw&t=12197s,68ef37f5-226d-4edc-bacb-c1a1129e4ad6,9b76836b-6908-48f9-a346-705f16532f3c,8e2add5c-67a1-41cc-af60-39ef684bfa42:12:17,0,4,12,Mount,mount,13,Half Guard,guard,1621.0,1621.3,0.3,17,Triangle Attempt,triangle attempt,half guard,half-guard,guard,half guard,half-guard,guard,False,"[""half-guard"", ""guard""]"
8e2add5c-67a1-41cc-af60-39ef684bfa42_e0013_w0003_f04,8e2add5c-67a1-41cc-af60-39ef684bfa42,https://www.youtube.com/watch?v=Lorr3RBNwFw&t=12197s,68ef37f5-226d-4edc-bacb-c1a1129e4ad6,9b76836b-6908-48f9-a346-705f16532f3c,8e2add5c-67a1-41cc-af60-39ef684bfa42:12:17,0,4,12,Mount,mount,13,Half Guard,guard,1621.0,1621.6,0.6,17,Triangle Attempt,triangle attempt,half guard,half-guard,guard,half guard,half-guard,guard,False,"[""half-guard"", ""guard""]"
8e2add5c-67a1-41cc-af60-39ef684bfa42_e0014_w0004_f00,8e2add5c-67a1-41cc-af60-39ef684bfa42,https://www.youtube.com/watch?v=Lorr3RBNwFw&t=12197s,68ef37f5-226d-4edc-bacb-c1a1129e4ad6,9b76836b-6908-48f9-a346-705f16532f3c,8e2add5c-67a1-41cc-af60-39ef684bfa42:12:17,1,4,12,Mount,mount,14,Mount,control,1659.0,1658.4,-0.6,17,Triangle Attempt,triangle attempt,mount,mount,control,mount,mount,control,False,[]
8e2add5c-67a1-41cc-af60-39ef684bfa42_e0014_w0004_f01,8e2add5c-67a1-41cc-af60-39ef684bfa42,https://www.youtube.com/watch?v=Lorr3RBNwFw&t=12197s,68ef37f5-226d-4edc-bacb-c1a1129e4ad6,9b76836b-6908-48f9-a346-705f16532f3c,8e2add5c-67a1-41cc-af60-39ef684bfa42:12:17,1,4,12,Mount,mount,14,Mount,control,1659.0,1658.7,-0.3,17,Triangle Attempt,triangle attempt,mount,mount,control,mount,mount,control,False,[]
8e2add5c-67a1-41cc-af60-39ef684bfa42_e0014_w0004_f02,8e2add5c-67a1-41cc-af60-39ef684bfa42,https://www.youtube.com/watch?v=Lorr3RBNwFw&t=12197s,68ef37f5-226d-4edc-bacb-c1a1129e4ad6,9b76836b-6908-48f9-a346-705f16532f3c,8e2add5c-67a1-41cc-af60-39ef684bfa42:12:17,1,4,12,Mount,mount,14,Mount,control,1659.0,1659.0,0.0,17,Triangle Attempt,triangle attempt,mount,mount,control,mount,mount,control,False,[]
8e2add5c-67a1-41cc-af60-39ef684bfa42_e0014_w0004_f03,8e2add5c-67a1-41cc-af60-39ef684bfa42,https://www.youtube.com/watch?v=Lorr3RBNwFw&t=12197s,68ef37f5-226d-4edc-bacb-c1a1129e4ad6,9b76836b-6908-48f9-a346-705f16532f3c,8e2add5c-67a1-41cc-af60-39ef684bfa42:12:17,1,4,12,Mount,mount,14,Mount,control,1659.0,1659.3,0.3,17,Triangle Attempt,triangle attempt,mount,mount,control,mount,mount,control,False,[]
8e2add5c-67a1-41cc-af60-39ef684bfa42_e0014_w0004_f04,8e2add5c-67a1-41cc-af60-39ef684bfa42,https://www.youtube.com/watch?v=Lorr3RBNwFw&t=12197s,68ef37f5-226d-4edc-bacb-c1a1129e4ad6,9b76836b-6908-48f9-a346-705f16532f3c,8e2add5c-67a1-41cc-af60-39ef684bfa42:12:17,1,4,12,Mount,mount,14,Mount,control,1659.0,1659.6,0.6,17,Triangle Attempt,triangle attempt,mount,mount,control,mount,mount,control,False,[]
8e2add5c-67a1-41cc-af60-39ef684bfa42_e0015_w0005_f00,8e2add5c-67a1-41cc-af60-39ef684bfa42,https://www.youtube.com/watch?v=Lorr3RBNwFw&t=12197s,68ef37f5-226d-4edc-bacb-c1a1129e4ad6,9b76836b-6908-48f9-a346-705f16532f3c,8e2add5c-67a1-41cc-af60-39ef684bfa42:12:17,2,4,12,Mount,mount,15,Heel Hook Attempt,transition,1694.0,1693.4,-0.6,17,Triangle Attempt,triangle attempt,heel hook attempt,heel hook attempt,transition,heel hook,leg-lock,submission,True,[]
8e2add5c-67a1-41cc-af60-39ef684bfa42_e0015_w0005_f01,8e2add5c-67a1-41cc-af60-39ef684bfa42,https://www.youtube.com/watch?v=Lorr3RBNwFw&t=12197s,68ef37f5-226d-4edc-bacb-c1a1129e4ad6,9b76836b-6908-48f9-a346-705f16532f3c,8e2add5c-67a1-41cc-af60-39ef684bfa42:12:17,2,4,12,Mount,mount,15,Heel Hook Attempt,transition,1694.0,1693.7,-0.3,17,Triangle Attempt,triangle attempt,heel hook attempt,heel hook attempt,transition,heel hook,leg-lock,submission,True,[]
8e2add5c-67a1-41cc-af60-39ef684bfa42_e0015_w0005_f02,8e2add5c-67a1-41cc-af60-39ef684bfa42,https://www.youtube.com/watch?v=Lorr3RBNwFw&t=12197s,68ef37f5-226d-4edc-bacb-c1a1129e4ad6,9b76836b-6908-48f9-a346-705f16532f3c,8e2add5c-67a1-41cc-af60-39ef684bfa42:12:17,2,4,12,Mount,mount,15,Heel Hook Attempt,transition,1694.0,1694.0,0.0,17,Triangle Attempt,triangle attempt,heel hook attempt,heel hook attempt,transition,heel hook,leg-lock,submission,True,[]
8e2add5c-67a1-41cc-af60-39ef684bfa42_e0015_w0005_f03,8e2add5c-67a1-41cc-af60-39ef684bfa42,https://www.youtube.com/watch?v=Lorr3RBNwFw&t=12197s,68ef37f5-226d-4edc-bacb-c1a1129e4ad6,9b76836b-6908-48f9-a346-705f16532f3c,8e2add5c-67a1-41cc-af60-39ef684bfa42:12:17,2,4,12,Mount,mount,15,Heel Hook Attempt,transition,1694.0,1694.3,0.3,17,Triangle Attempt,triangle attempt,heel hook attempt,heel hook attempt,transition,heel hook,leg-lock,submission,True,[]
8e2add5c-67a1-41cc-af60-39ef684bfa42_e0015_w0005_f04,8e2add5c-67a1-41cc-af60-39ef684bfa42,https://www.youtube.com/watch?v=Lorr3RBNwFw&t=12197s,68ef37f5-226d-4edc-bacb-c1a1129e4ad6,9b76836b-6908-48f9-a346-705f16532f3c,8e2add5c-67a1-41cc-af60-39ef684bfa42:12:17,2,4,12,Mount,mount,15,Heel Hook Attempt,transition,1694.0,1694.6,0.6,17,Triangle Attempt,triangle attempt,heel hook attempt,heel hook attempt,transition,heel hook,leg-lock,submission,True,[]
8e2add5c-67a1-41cc-af60-39ef684bfa42_e0016_w0006_f00,8e2add5c-67a1-41cc-af60-39ef684bfa42,https://www.youtube.com/watch?v=Lorr3RBNwFw&t=12197s,68ef37f5-226d-4edc-bacb-c1a1129e4ad6,9b76836b-6908-48f9-a346-705f16532f3c,8e2add5c-67a1-41cc-af60-39ef684bfa42:12:17,3,4,12,Mount,mount,16,Butterfly Guard,guard,1728.0,1727.4,-0.6,17,Triangle Attempt,triangle attempt,butterfly guard,butterfly-guard,guard,butterfly guard,butterfly-guard,guard,False,"[""butterfly-guard"", ""guard""]"
8e2add5c-67a1-41cc-af60-39ef684bfa42_e0016_w0006_f01,8e2add5c-67a1-41cc-af60-39ef684bfa42,https://www.youtube.com/watch?v=Lorr3RBNwFw&t=12197s,68ef37f5-226d-4edc-bacb-c1a1129e4ad6,9b76836b-6908-48f9-a346-705f16532f3c,8e2add5c-67a1-41cc-af60-39ef684bfa42:12:17,3,4,12,Mount,mount,16,Butterfly Guard,guard,1728.0,1727.7,-0.3,17,Triangle Attempt,triangle attempt,butterfly guard,butterfly-guard,guard,butterfly guard,butterfly-guard,guard,False,"[""butterfly-guard"", ""guard""]"
8e2add5c-67a1-41cc-af60-39ef684bfa42_e0016_w0006_f02,8e2add5c-67a1-41cc-af60-39ef684bfa42,https://www.youtube.com/watch?v=Lorr3RBNwFw&t=12197s,68ef37f5-226d-4edc-bacb-c1a1129e4ad6,9b76836b-6908-48f9-a346-705f16532f3c,8e2add5c-67a1-41cc-af60-39ef684bfa42:12:17,3,4,12,Mount,mount,16,Butterfly Guard,guard,1728.0,1728.0,0.0,17,Triangle Attempt,triangle attempt,butterfly guard,butterfly-guard,guard,butterfly guard,butterfly-guard,guard,False,"[""butterfly-guard"", ""guard""]"
8e2add5c-67a1-41cc-af60-39ef684bfa42_e0016_w0006_f03,8e2add5c-67a1-41cc-af60-39ef684bfa42,https://www.youtube.com/watch?v=Lorr3RBNwFw&t=12197s,68ef37f5-226d-4edc-bacb-c1a1129e4ad6,9b76836b-6908-48f9-a346-705f16532f3c,8e2add5c-67a1-41cc-af60-39ef684bfa42:12:17,3,4,12,Mount,mount,16,Butterfly Guard,guard,1728.0,1728.3,0.3,17,Triangle Attempt,triangle attempt,butterfly guard,butterfly-guard,guard,butterfly guard,butterfly-guard,guard,False,"[""butterfly-guard"", ""guard""]"
8e2add5c-67a1-41cc-af60-39ef684bfa42_e0016_w0006_f04,8e2add5c-67a1-41cc-af60-39ef684bfa42,https://www.youtube.com/watch?v=Lorr3RBNwFw&t=12197s,68ef37f5-226d-4edc-bacb-c1a1129e4ad6,9b76836b-6908-48f9-a346-705f16532f3c,8e2add5c-67a1-41cc-af60-39ef684bfa42:12:17,3,4,12,Mount,mount,16,Butterfly Guard,guard,1728.0,1728.6,0.6,17,Triangle Attempt,triangle attempt,butterfly guard,butterfly-guard,guard,butterfly guard,butterfly-guard,guard,False,"[""butterfly-guard"", ""guard""]"
7ae0b42a-8c29-4a9d-8f4c-908acd7be98a_e0013_w0000_f00,7ae0b42a-8c29-4a9d-8f4c-908acd7be98a,https://www.youtube.com/watch?v=hABPApjT64g&t=9674s,6d781d62-44a3-4a0d-9bf3-069a76dd6490,1da537e5-a994-41ca-ba08-a1535d753117,7ae0b42a-8c29-4a9d-8f4c-908acd7be98a:12:14,0,1,12,Escape to Turtle,escape to turtle,13,Escape to Turtle,control,10653.0,10652.4,-0.6,14,Straight Foot Lock,straight foot lock,escape to turtle,escape to turtle,control,escape to turtle,escape to turtle,control,False,[]
7ae0b42a-8c29-4a9d-8f4c-908acd7be98a_e0013_w0000_f01,7ae0b42a-8c29-4a9d-8f4c-908acd7be98a,https://www.youtube.com/watch?v=hABPApjT64g&t=9674s,6d781d62-44a3-4a0d-9bf3-069a76dd6490,1da537e5-a994-41ca-ba08-a1535d753117,7ae0b42a-8c29-4a9d-8f4c-908acd7be98a:12:14,0,1,12,Escape to Turtle,escape to turtle,13,Escape to Turtle,control,10653.0,10652.7,-0.3,14,Straight Foot Lock,straight foot lock,escape to turtle,escape to turtle,control,escape to turtle,escape to turtle,control,False,[]
7ae0b42a-8c29-4a9d-8f4c-908acd7be98a_e0013_w0000_f02,7ae0b42a-8c29-4a9d-8f4c-908acd7be98a,https://www.youtube.com/watch?v=hABPApjT64g&t=9674s,6d781d62-44a3-4a0d-9bf3-069a76dd6490,1da537e5-a994-41ca-ba08-a1535d753117,7ae0b42a-8c29-4a9d-8f4c-908acd7be98a:12:14,0,1,12,Escape to Turtle,escape to turtle,13,Escape to Turtle,control,10653.0,10653.0,0.0,14,Straight Foot Lock,straight foot lock,escape to turtle,escape to turtle,control,escape to turtle,escape to turtle,control,False,[]
7ae0b42a-8c29-4a9d-8f4c-908acd7be98a_e0013_w0000_f03,7ae0b42a-8c29-4a9d-8f4c-908acd7be98a,https://www.youtube.com/watch?v=hABPApjT64g&t=9674s,6d781d62-44a3-4a0d-9bf3-069a76dd6490,1da537e5-a994-41ca-ba08-a1535d753117,7ae0b42a-8c29-4a9d-8f4c-908acd7be98a:12:14,0,1,12,Escape to Turtle,escape to turtle,13,Escape to Turtle,control,10653.0,10653.3,0.3,14,Straight Foot Lock,straight foot lock,escape to turtle,escape to turtle,control,escape to turtle,escape to turtle,control,False,[]
7ae0b42a-8c29-4a9d-8f4c-908acd7be98a_e0013_w0000_f04,7ae0b42a-8c29-4a9d-8f4c-908acd7be98a,https://www.youtube.com/watch?v=hABPApjT64g&t=9674s,6d781d62-44a3-4a0d-9bf3-069a76dd6490,1da537e5-a994-41ca-ba08-a1535d753117,7ae0b42a-8c29-4a9d-8f4c-908acd7be98a:12:14,0,1,12,Escape to Turtle,escape to turtle,13,Escape to Turtle,control,10653.0,10653.6,0.6,14,Straight Foot Lock,straight foot lock,escape to turtle,escape to turtle,control,escape to turtle,escape to turtle,control,False,[]
7ae0b42a-8c29-4a9d-8f4c-908acd7be98a_e0015_w0001_f00,7ae0b42a-8c29-4a9d-8f4c-908acd7be98a,https://www.youtube.com/watch?v=hABPApjT64g&t=9674s,6d781d62-44a3-4a0d-9bf3-069a76dd6490,1da537e5-a994-41ca-ba08-a1535d753117,7ae0b42a-8c29-4a9d-8f4c-908acd7be98a:14:16,0,1,14,Straight Foot Lock,straight foot lock,15,Sweep,sweep,10719.0,10718.4,-0.6,16,Mount,mount,sweep,sweep,sweep,sweep,sweep,sweep,False,"[""sweep""]"
7ae0b42a-8c29-4a9d-8f4c-908acd7be98a_e0015_w0001_f01,7ae0b42a-8c29-4a9d-8f4c-908acd7be98a,https://www.youtube.com/watch?v=hABPApjT64g&t=9674s,6d781d62-44a3-4a0d-9bf3-069a76dd6490,1da537e5-a994-41ca-ba08-a1535d753117,7ae0b42a-8c29-4a9d-8f4c-908acd7be98a:14:16,0,1,14,Straight Foot Lock,straight foot lock,15,Sweep,sweep,10719.0,10718.7,-0.3,16,Mount,mount,sweep,sweep,sweep,sweep,sweep,sweep,False,"[""sweep""]"
7ae0b42a-8c29-4a9d-8f4c-908acd7be98a_e0015_w0001_f02,7ae0b42a-8c29-4a9d-8f4c-908acd7be98a,https://www.youtube.com/watch?v=hABPApjT64g&t=9674s,6d781d62-44a3-4a0d-9bf3-069a76dd6490,1da537e5-a994-41ca-ba08-a1535d753117,7ae0b42a-8c29-4a9d-8f4c-908acd7be98a:14:16,0,1,14,Straight Foot Lock,straight foot lock,15,Sweep,sweep,10719.0,10719.0,0.0,16,Mount,mount,sweep,sweep,sweep,sweep,sweep,sweep,False,"[""sweep""]"
7ae0b42a-8c29-4a9d-8f4c-908acd7be98a_e0015_w0001_f03,7ae0b42a-8c29-4a9d-8f4c-908acd7be98a,https://www.youtube.com/watch?v=hABPApjT64g&t=9674s,6d781d62-44a3-4a0d-9bf3-069a76dd6490,1da537e5-a994-41ca-ba08-a1535d753117,7ae0b42a-8c29-4a9d-8f4c-908acd7be98a:14:16,0,1,14,Straight Foot Lock,straight foot lock,15,Sweep,sweep,10719.0,10719.3,0.3,16,Mount,mount,sweep,sweep,sweep,sweep,sweep,sweep,False,"[""sweep""]"
7ae0b42a-8c29-4a9d-8f4c-908acd7be98a_e0015_w0001_f04,7ae0b42a-8c29-4a9d-8f4c-908acd7be98a,https://www.youtube.com/watch?v=hABPApjT64g&t=9674s,6d781d62-44a3-4a0d-9bf3-069a76dd6490,1da537e5-a994-41ca-ba08-a1535d753117,7ae0b42a-8c29-4a9d-8f4c-908acd7be98a:14:16,0,1,14,Straight Foot Lock,straight foot lock,15,Sweep,sweep,10719.0,10719.6,0.6,16,Mount,mount,sweep,sweep,sweep,sweep,sweep,sweep,False,"[""sweep""]"
7ae0b42a-8c29-4a9d-8f4c-908acd7be98a_e0021_w0002_f00,7ae0b42a-8c29-4a9d-8f4c-908acd7be98a,https://www.youtube.com/watch?v=hABPApjT64g&t=9674s,6d781d62-44a3-4a0d-9bf3-069a76dd6490,1da537e5-a994-41ca-ba08-a1535d753117,7ae0b42a-8c29-4a9d-8f4c-908acd7be98a:20:23,0,2,20,Straight Foot Lock,straight foot lock,21,Closed Guard,guard,11040.0,11039.4,-0.6,23,Straight Foot Lock,straight foot lock,closed guard,closed-guard,guard,closed guard,closed-guard,guard,False,"[""closed-guard"", ""guard""]"
7ae0b42a-8c29-4a9d-8f4c-908acd7be98a_e0021_w0002_f01,7ae0b42a-8c29-4a9d-8f4c-908acd7be98a,https://www.youtube.com/watch?v=hABPApjT64g&t=9674s,6d781d62-44a3-4a0d-9bf3-069a76dd6490,1da537e5-a994-41ca-ba08-a1535d753117,7ae0b42a-8c29-4a9d-8f4c-908acd7be98a:20:23,0,2,20,Straight Foot Lock,straight foot lock,21,Closed Guard,guard,11040.0,11039.7,-0.3,23,Straight Foot Lock,straight foot lock,closed guard,closed-guard,guard,closed guard,closed-guard,guard,False,"[""closed-guard"", ""guard""]"
7ae0b42a-8c29-4a9d-8f4c-908acd7be98a_e0021_w0002_f02,7ae0b42a-8c29-4a9d-8f4c-908acd7be98a,https://www.youtube.com/watch?v=hABPApjT64g&t=9674s,6d781d62-44a3-4a0d-9bf3-069a76dd6490,1da537e5-a994-41ca-ba08-a1535d753117,7ae0b42a-8c29-4a9d-8f4c-908acd7be98a:20:23,0,2,20,Straight Foot Lock,straight foot lock,21,Closed Guard,guard,11040.0,11040.0,0.0,23,Straight Foot Lock,straight foot lock,closed guard,closed-guard,guard,closed guard,closed-guard,guard,False,"[""closed-guard"", ""guard""]"
7ae0b42a-8c29-4a9d-8f4c-908acd7be98a_e0021_w0002_f03,7ae0b42a-8c29-4a9d-8f4c-908acd7be98a,https://www.youtube.com/watch?v=hABPApjT64g&t=9674s,6d781d62-44a3-4a0d-9bf3-069a76dd6490,1da537e5-a994-41ca-ba08-a1535d753117,7ae0b42a-8c29-4a9d-8f4c-908acd7be98a:20:23,0,2,20,Straight Foot Lock,straight foot lock,21,Closed Guard,guard,11040.0,11040.3,0.3,23,Straight Foot Lock,straight foot lock,closed guard,closed-guard,guard,closed guard,closed-guard,guard,False,"[""closed-guard"", ""guard""]"
7ae0b42a-8c29-4a9d-8f4c-908acd7be98a_e0021_w0002_f04,7ae0b42a-8c29-4a9d-8f4c-908acd7be98a,https://www.youtube.com/watch?v=hABPApjT64g&t=9674s,6d781d62-44a3-4a0d-9bf3-069a76dd6490,1da537e5-a994-41ca-ba08-a1535d753117,7ae0b42a-8c29-4a9d-8f4c-908acd7be98a:20:23,0,2,20,Straight Foot Lock,straight foot lock,21,Closed Guard,guard,11040.0,11040.6,0.6,23,Straight Foot Lock,straight foot lock,closed guard,closed-guard,guard,closed guard,closed-guard,guard,False,"[""closed-guard"", ""guard""]"
7ae0b42a-8c29-4a9d-8f4c-908acd7be98a_e0022_w0003_f00,7ae0b42a-8c29-4a9d-8f4c-908acd7be98a,https://www.youtube.com/watch?v=hABPApjT64g&t=9674s,6d781d62-44a3-4a0d-9bf3-069a76dd6490,1da537e5-a994-41ca-ba08-a1535d753117,7ae0b42a-8c29-4a9d-8f4c-908acd7be98a:20:23,1,2,20,Straight Foot Lock,straight foot lock,22,Rear Naked Choke,submission,11136.0,11135.4,-0.6,23,Straight Foot Lock,straight foot lock,rear naked choke,rear naked choke,submission,rear naked choke,rear naked choke,submission,False,[]
7ae0b42a-8c29-4a9d-8f4c-908acd7be98a_e0022_w0003_f01,7ae0b42a-8c29-4a9d-8f4c-908acd7be98a,https://www.youtube.com/watch?v=hABPApjT64g&t=9674s,6d781d62-44a3-4a0d-9bf3-069a76dd6490,1da537e5-a994-41ca-ba08-a1535d753117,7ae0b42a-8c29-4a9d-8f4c-908acd7be98a:20:23,1,2,20,Straight Foot Lock,straight foot lock,22,Rear Naked Choke,submission,11136.0,11135.7,-0.3,23,Straight Foot Lock,straight foot lock,rear naked choke,rear naked choke,submission,rear naked choke,rear naked choke,submission,False,[]
7ae0b42a-8c29-4a9d-8f4c-908acd7be98a_e0022_w0003_f02,7ae0b42a-8c29-4a9d-8f4c-908acd7be98a,https://www.youtube.com/watch?v=hABPApjT64g&t=9674s,6d781d62-44a3-4a0d-9bf3-069a76dd6490,1da537e5-a994-41ca-ba08-a1535d753117,7ae0b42a-8c29-4a9d-8f4c-908acd7be98a:20:23,1,2,20,Straight Foot Lock,straight foot lock,22,Rear Naked Choke,submission,11136.0,11136.0,0.0,23,Straight Foot Lock,straight foot lock,rear naked choke,rear naked choke,submission,rear naked choke,rear naked choke,submission,False,[]
7ae0b42a-8c29-4a9d-8f4c-908acd7be98a_e0022_w0003_f03,7ae0b42a-8c29-4a9d-8f4c-908acd7be98a,https://www.youtube.com/watch?v=hABPApjT64g&t=9674s,6d781d62-44a3-4a0d-9bf3-069a76dd6490,1da537e5-a994-41ca-ba08-a1535d753117,7ae0b42a-8c29-4a9d-8f4c-908acd7be98a:20:23,1,2,20,Straight Foot Lock,straight foot lock,22,Rear Naked Choke,submission,11136.0,11136.3,0.3,23,Straight Foot Lock,straight foot lock,rear naked choke,rear naked choke,submission,rear naked choke,rear naked choke,submission,False,[]
7ae0b42a-8c29-4a9d-8f4c-908acd7be98a_e0022_w0003_f04,7ae0b42a-8c29-4a9d-8f4c-908acd7be98a,https://www.youtube.com/watch?v=hABPApjT64g&t=9674s,6d781d62-44a3-4a0d-9bf3-069a76dd6490,1da537e5-a994-41ca-ba08-a1535d753117,7ae0b42a-8c29-4a9d-8f4c-908acd7be98a:20:23,1,2,20,Straight Foot Lock,straight foot lock,22,Rear Naked Choke,submission,11136.0,11136.6,0.6,23,Straight Foot Lock,straight foot lock,rear naked choke,rear naked choke,submission,rear naked choke,rear naked choke,submission,False,[]
9710782b-c909-4f8e-b553-65e0b0d5aad9_e0016_w0000_f00,9710782b-c909-4f8e-b553-65e0b0d5aad9,https://www.youtube.com/watch?v=tu2TiQ61Dh8&t=7159s,d227c193-9633-4ab3-9313-13881def9c0c,08a51a94-6664-47f3-93c4-a6c1d20d7866,9710782b-c909-4f8e-b553-65e0b0d5aad9:15:17,0,1,15,Sweep,sweep,16,Triangle Attempt,submission,8763.0,8762.4,-0.6,17,Hooks In,hooks in,triangle attempt,triangle attempt,submission,triangle attempt,triangle attempt,submission,True,[]
9710782b-c909-4f8e-b553-65e0b0d5aad9_e0016_w0000_f01,9710782b-c909-4f8e-b553-65e0b0d5aad9,https://www.youtube.com/watch?v=tu2TiQ61Dh8&t=7159s,d227c193-9633-4ab3-9313-13881def9c0c,08a51a94-6664-47f3-93c4-a6c1d20d7866,9710782b-c909-4f8e-b553-65e0b0d5aad9:15:17,0,1,15,Sweep,sweep,16,Triangle Attempt,submission,8763.0,8762.7,-0.3,17,Hooks In,hooks in,triangle attempt,triangle attempt,submission,triangle attempt,triangle attempt,submission,True,[]
9710782b-c909-4f8e-b553-65e0b0d5aad9_e0016_w0000_f02,9710782b-c909-4f8e-b553-65e0b0d5aad9,https://www.youtube.com/watch?v=tu2TiQ61Dh8&t=7159s,d227c193-9633-4ab3-9313-13881def9c0c,08a51a94-6664-47f3-93c4-a6c1d20d7866,9710782b-c909-4f8e-b553-65e0b0d5aad9:15:17,0,1,15,Sweep,sweep,16,Triangle Attempt,submission,8763.0,8763.0,0.0,17,Hooks In,hooks in,triangle attempt,triangle attempt,submission,triangle attempt,triangle attempt,submission,True,[]
9710782b-c909-4f8e-b553-65e0b0d5aad9_e0016_w0000_f03,9710782b-c909-4f8e-b553-65e0b0d5aad9,https://www.youtube.com/watch?v=tu2TiQ61Dh8&t=7159s,d227c193-9633-4ab3-9313-13881def9c0c,08a51a94-6664-47f3-93c4-a6c1d20d7866,9710782b-c909-4f8e-b553-65e0b0d5aad9:15:17,0,1,15,Sweep,sweep,16,Triangle Attempt,submission,8763.0,8763.3,0.3,17,Hooks In,hooks in,triangle attempt,triangle attempt,submission,triangle attempt,triangle attempt,submission,True,[]
9710782b-c909-4f8e-b553-65e0b0d5aad9_e0016_w0000_f04,9710782b-c909-4f8e-b553-65e0b0d5aad9,https://www.youtube.com/watch?v=tu2TiQ61Dh8&t=7159s,d227c193-9633-4ab3-9313-13881def9c0c,08a51a94-6664-47f3-93c4-a6c1d20d7866,9710782b-c909-4f8e-b553-65e0b0d5aad9:15:17,0,1,15,Sweep,sweep,16,Triangle Attempt,submission,8763.0,8763.6,0.6,17,Hooks In,hooks in,triangle attempt,triangle attempt,submission,triangle attempt,triangle attempt,submission,True,[]
9710782b-c909-4f8e-b553-65e0b0d5aad9_e0018_w0001_f00,9710782b-c909-4f8e-b553-65e0b0d5aad9,https://www.youtube.com/watch?v=tu2TiQ61Dh8&t=7159s,d227c193-9633-4ab3-9313-13881def9c0c,08a51a94-6664-47f3-93c4-a6c1d20d7866,9710782b-c909-4f8e-b553-65e0b0d5aad9:17:21,0,3,17,Hooks In,hooks in,18,Back Take,control,9086.0,9085.4,-0.6,21,Guillotine Attempt,guillotine attempt,back take,back-take,transition,back take,back-take,transition,False,"[""back-take"", ""transition""]"
9710782b-c909-4f8e-b553-65e0b0d5aad9_e0018_w0001_f01,9710782b-c909-4f8e-b553-65e0b0d5aad9,https://www.youtube.com/watch?v=tu2TiQ61Dh8&t=7159s,d227c193-9633-4ab3-9313-13881def9c0c,08a51a94-6664-47f3-93c4-a6c1d20d7866,9710782b-c909-4f8e-b553-65e0b0d5aad9:17:21,0,3,17,Hooks In,hooks in,18,Back Take,control,9086.0,9085.7,-0.3,21,Guillotine Attempt,guillotine attempt,back take,back-take,transition,back take,back-take,transition,False,"[""back-take"", ""transition""]"
9710782b-c909-4f8e-b553-65e0b0d5aad9_e0018_w0001_f02,9710782b-c909-4f8e-b553-65e0b0d5aad9,https://www.youtube.com/watch?v=tu2TiQ61Dh8&t=7159s,d227c193-9633-4ab3-9313-13881def9c0c,08a51a94-6664-47f3-93c4-a6c1d20d7866,9710782b-c909-4f8e-b553-65e0b0d5aad9:17:21,0,3,17,Hooks In,hooks in,18,Back Take,control,9086.0,9086.0,0.0,21,Guillotine Attempt,guillotine attempt,back take,back-take,transition,back take,back-take,transition,False,"[""back-take"", ""transition""]"
9710782b-c909-4f8e-b553-65e0b0d5aad9_e0018_w0001_f03,9710782b-c909-4f8e-b553-65e0b0d5aad9,https://www.youtube.com/watch?v=tu2TiQ61Dh8&t=7159s,d227c193-9633-4ab3-9313-13881def9c0c,08a51a94-6664-47f3-93c4-a6c1d20d7866,9710782b-c909-4f8e-b553-65e0b0d5aad9:17:21,0,3,17,Hooks In,hooks in,18,Back Take,control,9086.0,9086.3,0.3,21,Guillotine Attempt,guillotine attempt,back take,back-take,transition,back take,back-take,transition,False,"[""back-take"", ""transition""]"
9710782b-c909-4f8e-b553-65e0b0d5aad9_e0018_w0001_f04,9710782b-c909-4f8e-b553-65e0b0d5aad9,https://www.youtube.com/watch?v=tu2TiQ61Dh8&t=7159s,d227c193-9633-4ab3-9313-13881def9c0c,08a51a94-6664-47f3-93c4-a6c1d20d7866,9710782b-c909-4f8e-b553-65e0b0d5aad9:17:21,0,3,17,Hooks In,hooks in,18,Back Take,control,9086.0,9086.6,0.6,21,Guillotine Attempt,guillotine attempt,back take,back-take,transition,back take,back-take,transition,False,"[""back-take"", ""transition""]"
9710782b-c909-4f8e-b553-65e0b0d5aad9_e0019_w0002_f00,9710782b-c909-4f8e-b553-65e0b0d5aad9,https://www.youtube.com/watch?v=tu2TiQ61Dh8&t=7159s,d227c193-9633-4ab3-9313-13881def9c0c,08a51a94-6664-47f3-93c4-a6c1d20d7866,9710782b-c909-4f8e-b553-65e0b0d5aad9:17:21,1,3,17,Hooks In,hooks in,19,Rear Naked Choke,submission,9234.0,9233.4,-0.6,21,Guillotine Attempt,guillotine attempt,rear naked choke,rear naked choke,submission,rear naked choke,rear naked choke,submission,False,[]
9710782b-c909-4f8e-b553-65e0b0d5aad9_e0019_w0002_f01,9710782b-c909-4f8e-b553-65e0b0d5aad9,https://www.youtube.com/watch?v=tu2TiQ61Dh8&t=7159s,d227c193-9633-4ab3-9313-13881def9c0c,08a51a94-6664-47f3-93c4-a6c1d20d7866,9710782b-c909-4f8e-b553-65e0b0d5aad9:17:21,1,3,17,Hooks In,hooks in,19,Rear Naked Choke,submission,9234.0,9233.7,-0.3,21,Guillotine Attempt,guillotine attempt,rear naked choke,rear naked choke,submission,rear naked choke,rear naked choke,submission,False,[]
9710782b-c909-4f8e-b553-65e0b0d5aad9_e0019_w0002_f02,9710782b-c909-4f8e-b553-65e0b0d5aad9,https://www.youtube.com/watch?v=tu2TiQ61Dh8&t=7159s,d227c193-9633-4ab3-9313-13881def9c0c,08a51a94-6664-47f3-93c4-a6c1d20d7866,9710782b-c909-4f8e-b553-65e0b0d5aad9:17:21,1,3,17,Hooks In,hooks in,19,Rear Naked Choke,submission,9234.0,9234.0,0.0,21,Guillotine Attempt,guillotine attempt,rear naked choke,rear naked choke,submission,rear naked choke,rear naked choke,submission,False,[]
9710782b-c909-4f8e-b553-65e0b0d5aad9_e0019_w0002_f03,9710782b-c909-4f8e-b553-65e0b0d5aad9,https://www.youtube.com/watch?v=tu2TiQ61Dh8&t=7159s,d227c193-9633-4ab3-9313-13881def9c0c,08a51a94-6664-47f3-93c4-a6c1d20d7866,9710782b-c909-4f8e-b553-65e0b0d5aad9:17:21,1,3,17,Hooks In,hooks in,19,Rear Naked Choke,submission,9234.0,9234.3,0.3,21,Guillotine Attempt,guillotine attempt,rear naked choke,rear naked choke,submission,rear naked choke,rear naked choke,submission,False,[]
9710782b-c909-4f8e-b553-65e0b0d5aad9_e0019_w0002_f04,9710782b-c909-4f8e-b553-65e0b0d5aad9,https://www.youtube.com/watch?v=tu2TiQ61Dh8&t=7159s,d227c193-9633-4ab3-9313-13881def9c0c,08a51a94-6664-47f3-93c4-a6c1d20d7866,9710782b-c909-4f8e-b553-65e0b0d5aad9:17:21,1,3,17,Hooks In,hooks in,19,Rear Naked Choke,submission,9234.0,9234.6,0.6,21,Guillotine Attempt,guillotine attempt,rear naked choke,rear naked choke,submission,rear naked choke,rear naked choke,submission,False,[]
9710782b-c909-4f8e-b553-65e0b0d5aad9_e0020_w0003_f00,9710782b-c909-4f8e-b553-65e0b0d5aad9,https://www.youtube.com/watch?v=tu2TiQ61Dh8&t=7159s,d227c193-9633-4ab3-9313-13881def9c0c,08a51a94-6664-47f3-93c4-a6c1d20d7866,9710782b-c909-4f8e-b553-65e0b0d5aad9:17:21,2,3,17,Hooks In,hooks in,20,Rear Naked Choke,submission,9240.0,9239.4,-0.6,21,Guillotine Attempt,guillotine attempt,rear naked choke,rear naked choke,submission,rear naked choke,rear naked choke,submission,False,[]
9710782b-c909-4f8e-b553-65e0b0d5aad9_e0020_w0003_f01,9710782b-c909-4f8e-b553-65e0b0d5aad9,https://www.youtube.com/watch?v=tu2TiQ61Dh8&t=7159s,d227c193-9633-4ab3-9313-13881def9c0c,08a51a94-6664-47f3-93c4-a6c1d20d7866,9710782b-c909-4f8e-b553-65e0b0d5aad9:17:21,2,3,17,Hooks In,hooks in,20,Rear Naked Choke,submission,9240.0,9239.7,-0.3,21,Guillotine Attempt,guillotine attempt,rear naked choke,rear naked choke,submission,rear naked choke,rear naked choke,submission,False,[]
9710782b-c909-4f8e-b553-65e0b0d5aad9_e0020_w0003_f02,9710782b-c909-4f8e-b553-65e0b0d5aad9,https://www.youtube.com/watch?v=tu2TiQ61Dh8&t=7159s,d227c193-9633-4ab3-9313-13881def9c0c,08a51a94-6664-47f3-93c4-a6c1d20d7866,9710782b-c909-4f8e-b553-65e0b0d5aad9:17:21,2,3,17,Hooks In,hooks in,20,Rear Naked Choke,submission,9240.0,9240.0,0.0,21,Guillotine Attempt,guillotine attempt,rear naked choke,rear naked choke,submission,rear naked choke,rear naked choke,submission,False,[]
9710782b-c909-4f8e-b553-65e0b0d5aad9_e0020_w0003_f03,9710782b-c909-4f8e-b553-65e0b0d5aad9,https://www.youtube.com/watch?v=tu2TiQ61Dh8&t=7159s,d227c193-9633-4ab3-9313-13881def9c0c,08a51a94-6664-47f3-93c4-a6c1d20d7866,9710782b-c909-4f8e-b553-65e0b0d5aad9:17:21,2,3,17,Hooks In,hooks in,20,Rear Naked Choke,submission,9240.0,9240.3,0.3,21,Guillotine Attempt,guillotine attempt,rear naked choke,rear naked choke,submission,rear naked choke,rear naked choke,submission,False,[]
9710782b-c909-4f8e-b553-65e0b0d5aad9_e0020_w0003_f04,9710782b-c909-4f8e-b553-65e0b0d5aad9,https://www.youtube.com/watch?v=tu2TiQ61Dh8&t=7159s,d227c193-9633-4ab3-9313-13881def9c0c,08a51a94-6664-47f3-93c4-a6c1d20d7866,9710782b-c909-4f8e-b553-65e0b0d5aad9:17:21,2,3,17,Hooks In,hooks in,20,Rear Naked Choke,submission,9240.0,9240.6,0.6,21,Guillotine Attempt,guillotine attempt,rear naked choke,rear naked choke,submission,rear naked choke,rear naked choke,submission,False,[]
483824af-58b5-45a1-9e23-f4b952129dc4_e0003_w0000_f00,483824af-58b5-45a1-9e23-f4b952129dc4,https://www.youtube.com/watch?v=9Bmb-ReK3AY&t=4341s,16dd9f91-a780-46e7-b18c-32097f671c06,4f8a4187-602a-4f74-8e35-f79747ef9a76,483824af-58b5-45a1-9e23-f4b952129dc4:2:4,0,1,2,Leg Drag to Straddle,leg drag to straddle,3,North‑South,control,4694.0,4693.4,-0.6,4,Guard Recovery,guard recovery,northsouth,northsouth,control,northsouth,northsouth,control,False,[]
483824af-58b5-45a1-9e23-f4b952129dc4_e0003_w0000_f01,483824af-58b5-45a1-9e23-f4b952129dc4,https://www.youtube.com/watch?v=9Bmb-ReK3AY&t=4341s,16dd9f91-a780-46e7-b18c-32097f671c06,4f8a4187-602a-4f74-8e35-f79747ef9a76,483824af-58b5-45a1-9e23-f4b952129dc4:2:4,0,1,2,Leg Drag to Straddle,leg drag to straddle,3,North‑South,control,4694.0,4693.7,-0.3,4,Guard Recovery,guard recovery,northsouth,northsouth,control,northsouth,northsouth,control,False,[]
483824af-58b5-45a1-9e23-f4b952129dc4_e0003_w0000_f02,483824af-58b5-45a1-9e23-f4b952129dc4,https://www.youtube.com/watch?v=9Bmb-ReK3AY&t=4341s,16dd9f91-a780-46e7-b18c-32097f671c06,4f8a4187-602a-4f74-8e35-f79747ef9a76,483824af-58b5-45a1-9e23-f4b952129dc4:2:4,0,1,2,Leg Drag to Straddle,leg drag to straddle,3,North‑South,control,4694.0,4694.0,0.0,4,Guard Recovery,guard recovery,northsouth,northsouth,control,northsouth,northsouth,control,False,[]
483824af-58b5-45a1-9e23-f4b952129dc4_e0003_w0000_f03,483824af-58b5-45a1-9e23-f4b952129dc4,https://www.youtube.com/watch?v=9Bmb-ReK3AY&t=4341s,16dd9f91-a780-46e7-b18c-32097f671c06,4f8a4187-602a-4f74-8e35-f79747ef9a76,483824af-58b5-45a1-9e23-f4b952129dc4:2:4,0,1,2,Leg Drag to Straddle,leg drag to straddle,3,North‑South,control,4694.0,4694.3,0.3,4,Guard Recovery,guard recovery,northsouth,northsouth,control,northsouth,northsouth,control,False,[]
483824af-58b5-45a1-9e23-f4b952129dc4_e0003_w0000_f04,483824af-58b5-45a1-9e23-f4b952129dc4,https://www.youtube.com/watch?v=9Bmb-ReK3AY&t=4341s,16dd9f91-a780-46e7-b18c-32097f671c06,4f8a4187-602a-4f74-8e35-f79747ef9a76,483824af-58b5-45a1-9e23-f4b952129dc4:2:4,0,1,2,Leg Drag to Straddle,leg drag to straddle,3,North‑South,control,4694.0,4694.6,0.6,4,Guard Recovery,guard recovery,northsouth,northsouth,control,northsouth,northsouth,control,False,[]
483824af-58b5-45a1-9e23-f4b952129dc4_e0005_w0001_f00,483824af-58b5-45a1-9e23-f4b952129dc4,https://www.youtube.com/watch?v=9Bmb-ReK3AY&t=4341s,16dd9f91-a780-46e7-b18c-32097f671c06,4f8a4187-602a-4f74-8e35-f79747ef9a76,483824af-58b5-45a1-9e23-f4b952129dc4:4:8,0,3,4,Guard Recovery,guard recovery,5,Snatch Single Leg Takedown,transition,4878.0,4877.4,-0.6,8,Pull Guard / Inversion,pull guard inversion,snatch single leg takedown,snatch single leg takedown,transition,snatch single leg takedown,snatch single leg takedown,transition,False,[]
483824af-58b5-45a1-9e23-f4b952129dc4_e0005_w0001_f01,483824af-58b5-45a1-9e23-f4b952129dc4,https://www.youtube.com/watch?v=9Bmb-ReK3AY&t=4341s,16dd9f91-a780-46e7-b18c-32097f671c06,4f8a4187-602a-4f74-8e35-f79747ef9a76,483824af-58b5-45a1-9e23-f4b952129dc4:4:8,0,3,4,Guard Recovery,guard recovery,5,Snatch Single Leg Takedown,transition,4878.0,4877.7,-0.3,8,Pull Guard / Inversion,pull guard inversion,snatch single leg takedown,snatch single leg takedown,transition,snatch single leg takedown,snatch single leg takedown,transition,False,[]
483824af-58b5-45a1-9e23-f4b952129dc4_e0005_w0001_f02,483824af-58b5-45a1-9e23-f4b952129dc4,https://www.youtube.com/watch?v=9Bmb-ReK3AY&t=4341s,16dd9f91-a780-46e7-b18c-32097f671c06,4f8a4187-602a-4f74-8e35-f79747ef9a76,483824af-58b5-45a1-9e23-f4b952129dc4:4:8,0,3,4,Guard Recovery,guard recovery,5,Snatch Single Leg Takedown,transition,4878.0,4878.0,0.0,8,Pull Guard / Inversion,pull guard inversion,snatch single leg takedown,snatch single leg takedown,transition,snatch single leg takedown,snatch single leg takedown,transition,False,[]
483824af-58b5-45a1-9e23-f4b952129dc4_e0005_w0001_f03,483824af-58b5-45a1-9e23-f4b952129dc4,https://www.youtube.com/watch?v=9Bmb-ReK3AY&t=4341s,16dd9f91-a780-46e7-b18c-32097f671c06,4f8a4187-602a-4f74-8e35-f79747ef9a76,483824af-58b5-45a1-9e23-f4b952129dc4:4:8,0,3,4,Guard Recovery,guard recovery,5,Snatch Single Leg Takedown,transition,4878.0,4878.3,0.3,8,Pull Guard / Inversion,pull guard inversion,snatch single leg takedown,snatch single leg takedown,transition,snatch single leg takedown,snatch single leg takedown,transition,False,[]
483824af-58b5-45a1-9e23-f4b952129dc4_e0005_w0001_f04,483824af-58b5-45a1-9e23-f4b952129dc4,https://www.youtube.com/watch?v=9Bmb-ReK3AY&t=4341s,16dd9f91-a780-46e7-b18c-32097f671c06,4f8a4187-602a-4f74-8e35-f79747ef9a76,483824af-58b5-45a1-9e23-f4b952129dc4:4:8,0,3,4,Guard Recovery,guard recovery,5,Snatch Single Leg Takedown,transition,4878.0,4878.6,0.6,8,Pull Guard / Inversion,pull guard inversion,snatch single leg takedown,snatch single leg takedown,transition,snatch single leg takedown,snatch single leg takedown,transition,False,[]
483824af-58b5-45a1-9e23-f4b952129dc4_e0006_w0002_f00,483824af-58b5-45a1-9e23-f4b952129dc4,https://www.youtube.com/watch?v=9Bmb-ReK3AY&t=4341s,16dd9f91-a780-46e7-b18c-32097f671c06,4f8a4187-602a-4f74-8e35-f79747ef9a76,483824af-58b5-45a1-9e23-f4b952129dc4:4:8,1,3,4,Guard Recovery,guard recovery,6,Snatch Single Leg Takedown,transition,4885.0,4884.4,-0.6,8,Pull Guard / Inversion,pull guard inversion,snatch single leg takedown,snatch single leg takedown,transition,snatch single leg takedown,snatch single leg takedown,transition,False,[]
483824af-58b5-45a1-9e23-f4b952129dc4_e0006_w0002_f01,483824af-58b5-45a1-9e23-f4b952129dc4,https://www.youtube.com/watch?v=9Bmb-ReK3AY&t=4341s,16dd9f91-a780-46e7-b18c-32097f671c06,4f8a4187-602a-4f74-8e35-f79747ef9a76,483824af-58b5-45a1-9e23-f4b952129dc4:4:8,1,3,4,Guard Recovery,guard recovery,6,Snatch Single Leg Takedown,transition,4885.0,4884.7,-0.3,8,Pull Guard / Inversion,pull guard inversion,snatch single leg takedown,snatch single leg takedown,transition,snatch single leg takedown,snatch single leg takedown,transition,False,[]
483824af-58b5-45a1-9e23-f4b952129dc4_e0006_w0002_f02,483824af-58b5-45a1-9e23-f4b952129dc4,https://www.youtube.com/watch?v=9Bmb-ReK3AY&t=4341s,16dd9f91-a780-46e7-b18c-32097f671c06,4f8a4187-602a-4f74-8e35-f79747ef9a76,483824af-58b5-45a1-9e23-f4b952129dc4:4:8,1,3,4,Guard Recovery,guard recovery,6,Snatch Single Leg Takedown,transition,4885.0,4885.0,0.0,8,Pull Guard / Inversion,pull guard inversion,snatch single leg takedown,snatch single leg takedown,transition,snatch single leg takedown,snatch single leg takedown,transition,False,[]
483824af-58b5-45a1-9e23-f4b952129dc4_e0006_w0002_f03,483824af-58b5-45a1-9e23-f4b952129dc4,https://www.youtube.com/watch?v=9Bmb-ReK3AY&t=4341s,16dd9f91-a780-46e7-b18c-32097f671c06,4f8a4187-602a-4f74-8e35-f79747ef9a76,483824af-58b5-45a1-9e23-f4b952129dc4:4:8,1,3,4,Guard Recovery,guard recovery,6,Snatch Single Leg Takedown,transition,4885.0,4885.3,0.3,8,Pull Guard / Inversion,pull guard inversion,snatch single leg takedown,snatch single leg takedown,transition,snatch single leg takedown,snatch single leg takedown,transition,False,[]
483824af-58b5-45a1-9e23-f4b952129dc4_e0006_w0002_f04,483824af-58b5-45a1-9e23-f4b952129dc4,https://www.youtube.com/watch?v=9Bmb-ReK3AY&t=4341s,16dd9f91-a780-46e7-b18c-32097f671c06,4f8a4187-602a-4f74-8e35-f79747ef9a76,483824af-58b5-45a1-9e23-f4b952129dc4:4:8,1,3,4,Guard Recovery,guard recovery,6,Snatch Single Leg Takedown,transition,4885.0,4885.6,0.6,8,Pull Guard / Inversion,pull guard inversion,snatch single leg takedown,snatch single leg takedown,transition,snatch single leg takedown,snatch single leg takedown,transition,False,[]
483824af-58b5-45a1-9e23-f4b952129dc4_e0007_w0003_f00,483824af-58b5-45a1-9e23-f4b952129dc4,https://www.youtube.com/watch?v=9Bmb-ReK3AY&t=4341s,16dd9f91-a780-46e7-b18c-32097f671c06,4f8a4187-602a-4f74-8e35-f79747ef9a76,483824af-58b5-45a1-9e23-f4b952129dc4:4:8,2,3,4,Guard Recovery,guard recovery,7,Guard Pass,pass,4908.0,4907.4,-0.6,8,Pull Guard / Inversion,pull guard inversion,guard pass,guard pass,pass,guard pass,guard pass,pass,False,[]
483824af-58b5-45a1-9e23-f4b952129dc4_e0007_w0003_f01,483824af-58b5-45a1-9e23-f4b952129dc4,https://www.youtube.com/watch?v=9Bmb-ReK3AY&t=4341s,16dd9f91-a780-46e7-b18c-32097f671c06,4f8a4187-602a-4f74-8e35-f79747ef9a76,483824af-58b5-45a1-9e23-f4b952129dc4:4:8,2,3,4,Guard Recovery,guard recovery,7,Guard Pass,pass,4908.0,4907.7,-0.3,8,Pull Guard / Inversion,pull guard inversion,guard pass,guard pass,pass,guard pass,guard pass,pass,False,[]
483824af-58b5-45a1-9e23-f4b952129dc4_e0007_w0003_f02,483824af-58b5-45a1-9e23-f4b952129dc4,https://www.youtube.com/watch?v=9Bmb-ReK3AY&t=4341s,16dd9f91-a780-46e7-b18c-32097f671c06,4f8a4187-602a-4f74-8e35-f79747ef9a76,483824af-58b5-45a1-9e23-f4b952129dc4:4:8,2,3,4,Guard Recovery,guard recovery,7,Guard Pass,pass,4908.0,4908.0,0.0,8,Pull Guard / Inversion,pull guard inversion,guard pass,guard pass,pass,guard pass,guard pass,pass,False,[]
483824af-58b5-45a1-9e23-f4b952129dc4_e0007_w0003_f03,483824af-58b5-45a1-9e23-f4b952129dc4,https://www.youtube.com/watch?v=9Bmb-ReK3AY&t=4341s,16dd9f91-a780-46e7-b18c-32097f671c06,4f8a4187-602a-4f74-8e35-f79747ef9a76,483824af-58b5-45a1-9e23-f4b952129dc4:4:8,2,3,4,Guard Recovery,guard recovery,7,Guard Pass,pass,4908.0,4908.3,0.3,8,Pull Guard / Inversion,pull guard inversion,guard pass,guard pass,pass,guard pass,guard pass,pass,False,[]
483824af-58b5-45a1-9e23-f4b952129dc4_e0007_w0003_f04,483824af-58b5-45a1-9e23-f4b952129dc4,https://www.youtube.com/watch?v=9Bmb-ReK3AY&t=4341s,16dd9f91-a780-46e7-b18c-32097f671c06,4f8a4187-602a-4f74-8e35-f79747ef9a76,483824af-58b5-45a1-9e23-f4b952129dc4:4:8,2,3,4,Guard Recovery,guard recovery,7,Guard Pass,pass,4908.0,4908.6,0.6,8,Pull Guard / Inversion,pull guard inversion,guard pass,guard pass,pass,guard pass,guard pass,pass,False,[]
483824af-58b5-45a1-9e23-f4b952129dc4_e0010_w0004_f00,483824af-58b5-45a1-9e23-f4b952129dc4,https://www.youtube.com/watch?v=9Bmb-ReK3AY&t=4341s,16dd9f91-a780-46e7-b18c-32097f671c06,4f8a4187-602a-4f74-8e35-f79747ef9a76,483824af-58b5-45a1-9e23-f4b952129dc4:9:11,0,1,9,Guard Pass,guard pass,10,Side Control,control,5071.0,5070.4,-0.6,11,Shin to Shin Guard,shin to shin guard,side control,side control,control,side control,side control,control,False,[]
483824af-58b5-45a1-9e23-f4b952129dc4_e0010_w0004_f01,483824af-58b5-45a1-9e23-f4b952129dc4,https://www.youtube.com/watch?v=9Bmb-ReK3AY&t=4341s,16dd9f91-a780-46e7-b18c-32097f671c06,4f8a4187-602a-4f74-8e35-f79747ef9a76,483824af-58b5-45a1-9e23-f4b952129dc4:9:11,0,1,9,Guard Pass,guard pass,10,Side Control,control,5071.0,5070.7,-0.3,11,Shin to Shin Guard,shin to shin guard,side control,side control,control,side control,side control,control,False,[]
483824af-58b5-45a1-9e23-f4b952129dc4_e0010_w0004_f02,483824af-58b5-45a1-9e23-f4b952129dc4,https://www.youtube.com/watch?v=9Bmb-ReK3AY&t=4341s,16dd9f91-a780-46e7-b18c-32097f671c06,4f8a4187-602a-4f74-8e35-f79747ef9a76,483824af-58b5-45a1-9e23-f4b952129dc4:9:11,0,1,9,Guard Pass,guard pass,10,Side Control,control,5071.0,5071.0,0.0,11,Shin to Shin Guard,shin to shin guard,side control,side control,control,side control,side control,control,False,[]
483824af-58b5-45a1-9e23-f4b952129dc4_e0010_w0004_f03,483824af-58b5-45a1-9e23-f4b952129dc4,https://www.youtube.com/watch?v=9Bmb-ReK3AY&t=4341s,16dd9f91-a780-46e7-b18c-32097f671c06,4f8a4187-602a-4f74-8e35-f79747ef9a76,483824af-58b5-45a1-9e23-f4b952129dc4:9:11,0,1,9,Guard Pass,guard pass,10,Side Control,control,5071.0,5071.3,0.3,11,Shin to Shin Guard,shin to shin guard,side control,side control,control,side control,side control,control,False,[]
483824af-58b5-45a1-9e23-f4b952129dc4_e0010_w0004_f04,483824af-58b5-45a1-9e23-f4b952129dc4,https://www.youtube.com/watch?v=9Bmb-ReK3AY&t=4341s,16dd9f91-a780-46e7-b18c-32097f671c06,4f8a4187-602a-4f74-8e35-f79747ef9a76,483824af-58b5-45a1-9e23-f4b952129dc4:9:11,0,1,9,Guard Pass,guard pass,10,Side Control,control,5071.0,5071.6,0.6,11,Shin to Shin Guard,shin to shin guard,side control,side control,control,side control,side control,control,False,[]
483824af-58b5-45a1-9e23-f4b952129dc4_e0013_w0005_f00,483824af-58b5-45a1-9e23-f4b952129dc4,https://www.youtube.com/watch?v=9Bmb-ReK3AY&t=4341s,16dd9f91-a780-46e7-b18c-32097f671c06,4f8a4187-602a-4f74-8e35-f79747ef9a76,483824af-58b5-45a1-9e23-f4b952129dc4:12:14,0,1,12,Shin to Shin Guard,shin to shin guard,13,Knee Bar,submission,5342.0,5341.4,-0.6,14,Half Guard,half guard,knee bar,knee bar,submission,knee bar,knee bar,submission,False,[]
483824af-58b5-45a1-9e23-f4b952129dc4_e0013_w0005_f01,483824af-58b5-45a1-9e23-f4b952129dc4,https://www.youtube.com/watch?v=9Bmb-ReK3AY&t=4341s,16dd9f91-a780-46e7-b18c-32097f671c06,4f8a4187-602a-4f74-8e35-f79747ef9a76,483824af-58b5-45a1-9e23-f4b952129dc4:12:14,0,1,12,Shin to Shin Guard,shin to shin guard,13,Knee Bar,submission,5342.0,5341.7,-0.3,14,Half Guard,half guard,knee bar,knee bar,submission,knee bar,knee bar,submission,False,[]
483824af-58b5-45a1-9e23-f4b952129dc4_e0013_w0005_f02,483824af-58b5-45a1-9e23-f4b952129dc4,https://www.youtube.com/watch?v=9Bmb-ReK3AY&t=4341s,16dd9f91-a780-46e7-b18c-32097f671c06,4f8a4187-602a-4f74-8e35-f79747ef9a76,483824af-58b5-45a1-9e23-f4b952129dc4:12:14,0,1,12,Shin to Shin Guard,shin to shin guard,13,Knee Bar,submission,5342.0,5342.0,0.0,14,Half Guard,half guard,knee bar,knee bar,submission,knee bar,knee bar,submission,False,[]
483824af-58b5-45a1-9e23-f4b952129dc4_e0013_w0005_f03,483824af-58b5-45a1-9e23-f4b952129dc4,https://www.youtube.com/watch?v=9Bmb-ReK3AY&t=4341s,16dd9f91-a780-46e7-b18c-32097f671c06,4f8a4187-602a-4f74-8e35-f79747ef9a76,483824af-58b5-45a1-9e23-f4b952129dc4:12:14,0,1,12,Shin to Shin Guard,shin to shin guard,13,Knee Bar,submission,5342.0,5342.3,0.3,14,Half Guard,half guard,knee bar,knee bar,submission,knee bar,knee bar,submission,False,[]
483824af-58b5-45a1-9e23-f4b952129dc4_e0013_w0005_f04,483824af-58b5-45a1-9e23-f4b952129dc4,https://www.youtube.com/watch?v=9Bmb-ReK3AY&t=4341s,16dd9f91-a780-46e7-b18c-32097f671c06,4f8a4187-602a-4f74-8e35-f79747ef9a76,483824af-58b5-45a1-9e23-f4b952129dc4:12:14,0,1,12,Shin to Shin Guard,shin to shin guard,13,Knee Bar,submission,5342.0,5342.6,0.6,14,Half Guard,half guard,knee bar,knee bar,submission,knee bar,knee bar,submission,False,[]
483824af-58b5-45a1-9e23-f4b952129dc4_e0018_w0006_f00,483824af-58b5-45a1-9e23-f4b952129dc4,https://www.youtube.com/watch?v=9Bmb-ReK3AY&t=4341s,16dd9f91-a780-46e7-b18c-32097f671c06,4f8a4187-602a-4f74-8e35-f79747ef9a76,483824af-58b5-45a1-9e23-f4b952129dc4:17:19,0,1,17,Heel Hook Attempt,heel hook attempt,18,Mount,control,5507.0,5506.4,-0.6,19,Heel Hook Attempt,heel hook attempt,mount,mount,control,mount,mount,control,False,[]
483824af-58b5-45a1-9e23-f4b952129dc4_e0018_w0006_f01,483824af-58b5-45a1-9e23-f4b952129dc4,https://www.youtube.com/watch?v=9Bmb-ReK3AY&t=4341s,16dd9f91-a780-46e7-b18c-32097f671c06,4f8a4187-602a-4f74-8e35-f79747ef9a76,483824af-58b5-45a1-9e23-f4b952129dc4:17:19,0,1,17,Heel Hook Attempt,heel hook attempt,18,Mount,control,5507.0,5506.7,-0.3,19,Heel Hook Attempt,heel hook attempt,mount,mount,control,mount,mount,control,False,[]
483824af-58b5-45a1-9e23-f4b952129dc4_e0018_w0006_f02,483824af-58b5-45a1-9e23-f4b952129dc4,https://www.youtube.com/watch?v=9Bmb-ReK3AY&t=4341s,16dd9f91-a780-46e7-b18c-32097f671c06,4f8a4187-602a-4f74-8e35-f79747ef9a76,483824af-58b5-45a1-9e23-f4b952129dc4:17:19,0,1,17,Heel Hook Attempt,heel hook attempt,18,Mount,control,5507.0,5507.0,0.0,19,Heel Hook Attempt,heel hook attempt,mount,mount,control,mount,mount,control,False,[]
483824af-58b5-45a1-9e23-f4b952129dc4_e0018_w0006_f03,483824af-58b5-45a1-9e23-f4b952129dc4,https://www.youtube.com/watch?v=9Bmb-ReK3AY&t=4341s,16dd9f91-a780-46e7-b18c-32097f671c06,4f8a4187-602a-4f74-8e35-f79747ef9a76,483824af-58b5-45a1-9e23-f4b952129dc4:17:19,0,1,17,Heel Hook Attempt,heel hook attempt,18,Mount,control,5507.0,5507.3,0.3,19,Heel Hook Attempt,heel hook attempt,mount,mount,control,mount,mount,control,False,[]
483824af-58b5-45a1-9e23-f4b952129dc4_e0018_w0006_f04,483824af-58b5-45a1-9e23-f4b952129dc4,https://www.youtube.com/watch?v=9Bmb-ReK3AY&t=4341s,16dd9f91-a780-46e7-b18c-32097f671c06,4f8a4187-602a-4f74-8e35-f79747ef9a76,483824af-58b5-45a1-9e23-f4b952129dc4:17:19,0,1,17,Heel Hook Attempt,heel hook attempt,18,Mount,control,5507.0,5507.6,0.6,19,Heel Hook Attempt,heel hook attempt,mount,mount,control,mount,mount,control,False,[]
