start,end,duration,samples,track_id,athlete_id,role,position
3542.0,3543.0,1.0,1,track_0,,unknown,unknown
3542.0,3543.0,1.0,1,track_1,,unknown,unknown
3543.0,3544.0,1.0,1,track_0,,unknown,unknown
3543.0,3544.0,1.0,1,track_1,,unknown,unknown
3544.0,3545.0,1.0,1,track_0,,unknown,unknown
3544.0,3545.0,1.0,1,track_1,,unknown,unknown
3545.0,3546.0,1.0,1,track_0,,unknown,unknown
3545.0,3546.0,1.0,1,track_1,,unknown,unknown
3546.0,3547.0,1.0,1,track_0,,unknown,unknown
3546.0,3547.0,1.0,1,track_1,,unknown,unknown
3547.0,3548.0,1.0,1,track_0,,unknown,unknown
3547.0,3548.0,1.0,1,track_1,,unknown,unknown
3548.0,3549.0,1.0,1,track_0,,unknown,unknown
3548.0,3549.0,1.0,1,track_1,,unknown,unknown
3549.0,3550.0,1.0,1,track_0,,unknown,unknown
3549.0,3550.0,1.0,1,track_1,,unknown,unknown
3550.0,3551.0,1.0,1,track_0,,top,back
3550.0,3551.0,1.0,1,track_1,,unknown,unknown
3551.0,3552.0,1.0,1,track_0,,unknown,unknown
3551.0,3552.0,1.0,1,track_1,,unknown,unknown
3552.0,3553.0,1.0,1,track_0,,top,back
3552.0,3553.0,1.0,1,track_1,,unknown,unknown
3553.0,3554.0,1.0,1,track_0,,unknown,unknown
3553.0,3554.0,1.0,1,track_1,,unknown,unknown
3554.0,3555.0,1.0,1,track_0,,unknown,unknown
3554.0,3555.0,1.0,1,track_1,,unknown,unknown
3555.0,3556.0,1.0,1,track_0,,unknown,unknown
3555.0,3556.0,1.0,1,track_1,,unknown,unknown
3556.0,3557.0,1.0,1,track_0,,unknown,unknown
3556.0,3557.0,1.0,1,track_1,,unknown,unknown
3557.0,3558.0,1.0,1,track_0,,unknown,unknown
3557.0,3558.0,1.0,1,track_1,,unknown,unknown
3558.0,3559.0,1.0,1,track_0,,top,back
3558.0,3559.0,1.0,1,track_1,,unknown,unknown
3559.0,3560.0,1.0,1,track_0,,top,back
3559.0,3560.0,1.0,1,track_1,,unknown,unknown
3560.0,3561.0,1.0,1,track_0,,bottom,back
3560.0,3561.0,1.0,1,track_1,,unknown,unknown
3561.0,3562.0,1.0,1,track_0,,unknown,unknown
3561.0,3562.0,1.0,1,track_1,,unknown,unknown
3562.0,3563.0,1.0,1,track_0,,unknown,unknown
3562.0,3563.0,1.0,1,track_1,,unknown,unknown
3563.0,3564.0,1.0,1,track_0,,unknown,unknown
3563.0,3564.0,1.0,1,track_1,,unknown,unknown
3564.0,3565.0,1.0,1,track_0,,unknown,unknown
3564.0,3565.0,1.0,1,track_1,,unknown,unknown
3565.0,3566.0,1.0,1,track_0,,unknown,unknown
3565.0,3566.0,1.0,1,track_1,,unknown,unknown
3566.0,3567.0,1.0,1,track_0,,unknown,unknown
3566.0,3567.0,1.0,1,track_1,,unknown,unknown
3567.0,3568.0,1.0,1,track_0,,unknown,unknown
3567.0,3568.0,1.0,1,track_1,,unknown,unknown
3568.0,3569.0,1.0,1,track_0,,unknown,unknown
3568.0,3569.0,1.0,1,track_1,,unknown,unknown
3569.0,3570.0,1.0,1,track_0,,unknown,unknown
3569.0,3570.0,1.0,1,track_1,,unknown,unknown
3570.0,3571.0,1.0,1,track_0,,unknown,unknown
3570.0,3571.0,1.0,1,track_1,,unknown,unknown
3571.0,3572.0,1.0,1,track_0,,unknown,unknown
3571.0,3572.0,1.0,1,track_1,,unknown,unknown
3572.0,3573.0,1.0,1,track_0,,unknown,unknown
3572.0,3573.0,1.0,1,track_1,,unknown,unknown
3573.0,3574.0,1.0,1,track_0,,unknown,unknown
3573.0,3574.0,1.0,1,track_1,,unknown,unknown
3574.0,3575.0,1.0,1,track_0,,unknown,unknown
3574.0,3575.0,1.0,1,track_1,,unknown,unknown
3575.0,3576.0,1.0,1,track_0,,unknown,unknown
3575.0,3576.0,1.0,1,track_1,,unknown,unknown
3576.0,3577.0,1.0,1,track_0,,top,back
3576.0,3577.0,1.0,1,track_1,,unknown,unknown
3577.0,3578.0,1.0,1,track_0,,top,back
3577.0,3578.0,1.0,1,track_1,,unknown,unknown
3578.0,3579.0,1.0,1,track_0,,unknown,unknown
3578.0,3579.0,1.0,1,track_1,,unknown,unknown
3579.0,3580.0,1.0,1,track_0,,unknown,unknown
3579.0,3580.0,1.0,1,track_1,,unknown,unknown
3580.0,3581.0,1.0,1,track_0,,unknown,unknown
3580.0,3581.0,1.0,1,track_1,,unknown,unknown
3581.0,3582.0,1.0,1,track_0,,unknown,unknown
3581.0,3582.0,1.0,1,track_1,,unknown,unknown
3582.0,3583.0,1.0,1,track_0,,unknown,unknown
3582.0,3583.0,1.0,1,track_1,,unknown,unknown
3583.0,3584.0,1.0,1,track_0,,unknown,unknown
3583.0,3584.0,1.0,1,track_1,,unknown,unknown
3584.0,3585.0,1.0,1,track_0,,unknown,standing
3584.0,3585.0,1.0,1,track_1,,unknown,unknown
3585.0,3586.0,1.0,1,track_0,,unknown,standing
3585.0,3586.0,1.0,1,track_1,,unknown,unknown
3586.0,3587.0,1.0,1,track_0,,unknown,standing
3586.0,3587.0,1.0,1,track_1,,unknown,unknown
3587.0,3588.0,1.0,1,track_0,,unknown,unknown
3587.0,3588.0,1.0,1,track_1,,unknown,unknown
3588.0,3589.0,1.0,1,track_0,,unknown,unknown
3588.0,3589.0,1.0,1,track_1,,unknown,unknown
3589.0,3590.0,1.0,1,track_0,,unknown,unknown
3589.0,3590.0,1.0,1,track_1,,unknown,unknown
3590.0,3591.0,1.0,1,track_0,,unknown,unknown
3590.0,3591.0,1.0,1,track_1,,unknown,unknown
3591.0,3592.0,1.0,1,track_0,,unknown,unknown
3591.0,3592.0,1.0,1,track_1,,unknown,unknown
3592.0,3593.0,1.0,1,track_0,,unknown,unknown
3592.0,3593.0,1.0,1,track_1,,unknown,unknown
3593.0,3594.0,1.0,1,track_0,,unknown,unknown
3593.0,3594.0,1.0,1,track_1,,unknown,unknown
3594.0,3595.0,1.0,1,track_0,,unknown,unknown
3594.0,3595.0,1.0,1,track_1,,unknown,unknown
3595.0,3596.0,1.0,1,track_0,,unknown,unknown
3595.0,3596.0,1.0,1,track_1,,unknown,unknown
3596.0,3597.0,1.0,1,track_0,,unknown,unknown
3596.0,3597.0,1.0,1,track_1,,unknown,unknown
3597.0,3598.0,1.0,1,track_0,,unknown,unknown
3597.0,3598.0,1.0,1,track_1,,unknown,unknown
3598.0,3599.0,1.0,1,track_0,,unknown,unknown
3598.0,3599.0,1.0,1,track_1,,unknown,unknown
3599.0,3600.0,1.0,1,track_0,,unknown,unknown
3599.0,3600.0,1.0,1,track_1,,unknown,unknown
3600.0,3601.0,1.0,1,track_0,,unknown,unknown
3600.0,3601.0,1.0,1,track_1,,unknown,unknown
3601.0,3602.0,1.0,1,track_0,,unknown,unknown
3601.0,3602.0,1.0,1,track_1,,unknown,unknown
3602.0,3603.0,1.0,1,track_0,,unknown,unknown
3602.0,3603.0,1.0,1,track_1,,unknown,unknown
3603.0,3604.0,1.0,1,track_0,,unknown,unknown
3603.0,3604.0,1.0,1,track_1,,unknown,unknown
3604.0,3605.0,1.0,1,track_0,,unknown,unknown
3604.0,3605.0,1.0,1,track_1,,unknown,unknown
3605.0,3606.0,1.0,1,track_0,,top,back
3605.0,3606.0,1.0,1,track_1,,unknown,unknown
3606.0,3607.0,1.0,1,track_0,,unknown,unknown
3606.0,3607.0,1.0,1,track_1,,unknown,unknown
3607.0,3608.0,1.0,1,track_0,,unknown,unknown
3607.0,3608.0,1.0,1,track_1,,unknown,unknown
3608.0,3609.0,1.0,1,track_0,,unknown,unknown
3608.0,3609.0,1.0,1,track_1,,unknown,unknown
3609.0,3610.0,1.0,1,track_0,,unknown,standing
3609.0,3610.0,1.0,1,track_1,,unknown,unknown
3610.0,3611.0,1.0,1,track_0,,unknown,standing
3610.0,3611.0,1.0,1,track_1,,unknown,unknown
3611.0,3612.0,1.0,1,track_0,,unknown,unknown
3611.0,3612.0,1.0,1,track_1,,unknown,unknown
3612.0,3613.0,1.0,1,track_0,,unknown,unknown
3612.0,3613.0,1.0,1,track_1,,unknown,unknown
3613.0,3614.0,1.0,1,track_0,,unknown,unknown
3613.0,3614.0,1.0,1,track_1,,unknown,unknown
3614.0,3615.0,1.0,1,track_0,,unknown,unknown
3614.0,3615.0,1.0,1,track_1,,unknown,unknown
3615.0,3616.0,1.0,1,track_0,,unknown,unknown
3615.0,3616.0,1.0,1,track_1,,unknown,unknown
3616.0,3617.0,1.0,1,track_0,,unknown,unknown
3616.0,3617.0,1.0,1,track_1,,unknown,unknown
3617.0,3618.0,1.0,1,track_0,,unknown,unknown
3617.0,3618.0,1.0,1,track_1,,unknown,unknown
3618.0,3619.0,1.0,1,track_0,,unknown,unknown
3618.0,3619.0,1.0,1,track_1,,unknown,unknown
3619.0,3620.0,1.0,1,track_0,,unknown,unknown
3619.0,3620.0,1.0,1,track_1,,unknown,unknown
3620.0,3621.0,1.0,1,track_0,,unknown,unknown
3620.0,3621.0,1.0,1,track_1,,unknown,unknown
3621.0,3622.0,1.0,1,track_0,,unknown,unknown
3621.0,3622.0,1.0,1,track_1,,unknown,unknown
3622.0,3623.0,1.0,1,track_0,,unknown,unknown
3622.0,3623.0,1.0,1,track_1,,unknown,unknown
3623.0,3624.0,1.0,1,track_0,,unknown,unknown
3623.0,3624.0,1.0,1,track_1,,unknown,unknown
3624.0,3625.0,1.0,1,track_0,,unknown,unknown
3624.0,3625.0,1.0,1,track_1,,unknown,unknown
3625.0,3626.0,1.0,1,track_0,,unknown,unknown
3625.0,3626.0,1.0,1,track_1,,unknown,unknown
3626.0,3627.0,1.0,1,track_0,,unknown,unknown
3626.0,3627.0,1.0,1,track_1,,unknown,unknown
3627.0,3628.0,1.0,1,track_0,,unknown,unknown
3627.0,3628.0,1.0,1,track_1,,unknown,unknown
3628.0,3629.0,1.0,1,track_0,,unknown,unknown
3628.0,3629.0,1.0,1,track_1,,unknown,unknown
3629.0,3630.0,1.0,1,track_0,,top,back
3629.0,3630.0,1.0,1,track_1,,unknown,unknown
3630.0,3631.0,1.0,1,track_0,,unknown,unknown
3630.0,3631.0,1.0,1,track_1,,unknown,unknown
3631.0,3632.0,1.0,1,track_0,,top,back
3631.0,3632.0,1.0,1,track_1,,unknown,unknown
3632.0,3633.0,1.0,1,track_0,,unknown,unknown
3632.0,3633.0,1.0,1,track_1,,unknown,unknown
3633.0,3634.0,1.0,1,track_0,,unknown,unknown
3633.0,3634.0,1.0,1,track_1,,unknown,unknown
3634.0,3635.0,1.0,1,track_0,,unknown,unknown
3634.0,3635.0,1.0,1,track_1,,unknown,unknown
3635.0,3636.0,1.0,1,track_0,,unknown,unknown
3635.0,3636.0,1.0,1,track_1,,unknown,unknown
3636.0,3637.0,1.0,1,track_0,,unknown,unknown
3636.0,3637.0,1.0,1,track_1,,unknown,unknown
3637.0,3638.0,1.0,1,track_0,,unknown,unknown
3637.0,3638.0,1.0,1,track_1,,unknown,unknown
3638.0,3639.0,1.0,1,track_0,,unknown,unknown
3638.0,3639.0,1.0,1,track_1,,unknown,unknown
3639.0,3640.0,1.0,1,track_0,,unknown,standing
3639.0,3640.0,1.0,1,track_1,,unknown,unknown
3640.0,3641.0,1.0,1,track_0,,unknown,unknown
3640.0,3641.0,1.0,1,track_1,,unknown,unknown
3641.0,3642.0,1.0,1,track_0,,unknown,unknown
3641.0,3642.0,1.0,1,track_1,,unknown,unknown
3642.0,3643.0,1.0,1,track_0,,unknown,unknown
3642.0,3643.0,1.0,1,track_1,,unknown,unknown
3643.0,3644.0,1.0,1,track_0,,unknown,unknown
3643.0,3644.0,1.0,1,track_1,,unknown,unknown
3644.0,3645.0,1.0,1,track_0,,unknown,unknown
3644.0,3645.0,1.0,1,track_1,,unknown,unknown
3645.0,3646.0,1.0,1,track_0,,unknown,unknown
3645.0,3646.0,1.0,1,track_1,,unknown,unknown
3646.0,3647.0,1.0,1,track_0,,unknown,unknown
3646.0,3647.0,1.0,1,track_1,,unknown,unknown
3647.0,3648.0,1.0,1,track_0,,unknown,unknown
3647.0,3648.0,1.0,1,track_1,,unknown,unknown
3648.0,3649.0,1.0,1,track_0,,unknown,unknown
3648.0,3649.0,1.0,1,track_1,,unknown,unknown
3649.0,3650.0,1.0,1,track_0,,unknown,unknown
3649.0,3650.0,1.0,1,track_1,,unknown,unknown
3650.0,3651.0,1.0,1,track_0,,unknown,unknown
3650.0,3651.0,1.0,1,track_1,,unknown,unknown
3651.0,3652.0,1.0,1,track_0,,unknown,unknown
3651.0,3652.0,1.0,1,track_1,,unknown,unknown
3652.0,3653.0,1.0,1,track_0,,unknown,unknown
3652.0,3653.0,1.0,1,track_1,,unknown,unknown
3653.0,3654.0,1.0,1,track_0,,unknown,unknown
3653.0,3654.0,1.0,1,track_1,,unknown,unknown
3654.0,3655.0,1.0,1,track_0,,unknown,unknown
3654.0,3655.0,1.0,1,track_1,,unknown,unknown
3655.0,3656.0,1.0,1,track_0,,unknown,standing
3655.0,3656.0,1.0,1,track_1,,unknown,unknown
3656.0,3657.0,1.0,1,track_0,,unknown,standing
3656.0,3657.0,1.0,1,track_1,,unknown,unknown
3657.0,3658.0,1.0,1,track_0,,unknown,unknown
3657.0,3658.0,1.0,1,track_1,,unknown,unknown
3658.0,3659.0,1.0,1,track_0,,unknown,unknown
3658.0,3659.0,1.0,1,track_1,,unknown,unknown
3659.0,3660.0,1.0,1,track_0,,unknown,unknown
3659.0,3660.0,1.0,1,track_1,,unknown,unknown
3660.0,3661.0,1.0,1,track_0,,unknown,unknown
3660.0,3661.0,1.0,1,track_1,,unknown,unknown
3661.0,3662.0,1.0,1,track_0,,unknown,unknown
3661.0,3662.0,1.0,1,track_1,,unknown,unknown
3662.0,3663.0,1.0,1,track_0,,top,back
3662.0,3663.0,1.0,1,track_1,,unknown,unknown
3663.0,3664.0,1.0,1,track_0,,unknown,unknown
3663.0,3664.0,1.0,1,track_1,,unknown,unknown
3664.0,3665.0,1.0,1,track_0,,top,back
3664.0,3665.0,1.0,1,track_1,,unknown,unknown
3665.0,3666.0,1.0,1,track_0,,unknown,unknown
3665.0,3666.0,1.0,1,track_1,,unknown,unknown
3666.0,3667.0,1.0,1,track_0,,unknown,unknown
3666.0,3667.0,1.0,1,track_1,,unknown,unknown
3667.0,3668.0,1.0,1,track_0,,unknown,standing
3667.0,3668.0,1.0,1,track_1,,unknown,unknown
3668.0,3669.0,1.0,1,track_0,,unknown,standing
3668.0,3669.0,1.0,1,track_1,,unknown,unknown
3669.0,3670.0,1.0,1,track_0,,unknown,standing
3669.0,3670.0,1.0,1,track_1,,unknown,unknown
3670.0,3671.0,1.0,1,track_0,,unknown,unknown
3670.0,3671.0,1.0,1,track_1,,unknown,unknown
3671.0,3672.0,1.0,1,track_0,,unknown,unknown
3671.0,3672.0,1.0,1,track_1,,unknown,unknown
3672.0,3673.0,1.0,1,track_0,,unknown,unknown
3672.0,3673.0,1.0,1,track_1,,unknown,unknown
3673.0,3674.0,1.0,1,track_0,,unknown,unknown
3673.0,3674.0,1.0,1,track_1,,unknown,unknown
3674.0,3675.0,1.0,1,track_0,,unknown,unknown
3674.0,3675.0,1.0,1,track_1,,unknown,unknown
3675.0,3676.0,1.0,1,track_0,,unknown,unknown
3675.0,3676.0,1.0,1,track_1,,unknown,unknown
3676.0,3677.0,1.0,1,track_0,,unknown,unknown
3676.0,3677.0,1.0,1,track_1,,unknown,unknown
3677.0,3678.0,1.0,1,track_0,,unknown,unknown
3677.0,3678.0,1.0,1,track_1,,unknown,unknown
3678.0,3679.0,1.0,1,track_0,,unknown,unknown
3678.0,3679.0,1.0,1,track_1,,unknown,unknown
3679.0,3680.0,1.0,1,track_0,,unknown,unknown
3679.0,3680.0,1.0,1,track_1,,unknown,unknown
3680.0,3681.0,1.0,1,track_0,,unknown,unknown
3680.0,3681.0,1.0,1,track_1,,unknown,unknown
3681.0,3682.0,1.0,1,track_0,,unknown,unknown
3681.0,3682.0,1.0,1,track_1,,unknown,unknown
3682.0,3683.0,1.0,1,track_0,,unknown,unknown
3682.0,3683.0,1.0,1,track_1,,unknown,unknown
3683.0,3684.0,1.0,1,track_0,,unknown,unknown
3683.0,3684.0,1.0,1,track_1,,unknown,unknown
3684.0,3685.0,1.0,1,track_0,,unknown,unknown
3684.0,3685.0,1.0,1,track_1,,unknown,unknown
3685.0,3686.0,1.0,1,track_0,,unknown,unknown
3685.0,3686.0,1.0,1,track_1,,unknown,unknown
3686.0,3687.0,1.0,1,track_0,,unknown,unknown
3686.0,3687.0,1.0,1,track_1,,unknown,unknown
3687.0,3688.0,1.0,1,track_0,,top,back
3687.0,3688.0,1.0,1,track_1,,unknown,unknown
3688.0,3689.0,1.0,1,track_0,,unknown,unknown
3688.0,3689.0,1.0,1,track_1,,unknown,unknown
3689.0,3690.0,1.0,1,track_0,,unknown,unknown
3689.0,3690.0,1.0,1,track_1,,unknown,unknown
3690.0,3691.0,1.0,1,track_0,,unknown,unknown
3690.0,3691.0,1.0,1,track_1,,unknown,unknown
3691.0,3692.0,1.0,1,track_0,,unknown,unknown
3691.0,3692.0,1.0,1,track_1,,unknown,unknown
3692.0,3693.0,1.0,1,track_0,,unknown,unknown
3692.0,3693.0,1.0,1,track_1,,unknown,unknown
3693.0,3694.0,1.0,1,track_0,,unknown,unknown
3693.0,3694.0,1.0,1,track_1,,unknown,unknown
3694.0,3695.0,1.0,1,track_0,,unknown,unknown
3694.0,3695.0,1.0,1,track_1,,unknown,unknown
3695.0,3696.0,1.0,1,track_0,,unknown,unknown
3695.0,3696.0,1.0,1,track_1,,unknown,unknown
3696.0,3697.0,1.0,1,track_0,,unknown,unknown
3696.0,3697.0,1.0,1,track_1,,unknown,unknown
3697.0,3698.0,1.0,1,track_0,,unknown,unknown
3697.0,3698.0,1.0,1,track_1,,unknown,unknown
3698.0,3699.0,1.0,1,track_0,,unknown,unknown
3698.0,3699.0,1.0,1,track_1,,unknown,unknown
3699.0,3700.0,1.0,1,track_0,,unknown,unknown
3699.0,3700.0,1.0,1,track_1,,unknown,unknown
3700.0,3701.0,1.0,1,track_0,,unknown,unknown
3700.0,3701.0,1.0,1,track_1,,unknown,unknown
3701.0,3702.0,1.0,1,track_0,,unknown,unknown
3701.0,3702.0,1.0,1,track_1,,unknown,unknown
3702.0,3703.0,1.0,1,track_0,,unknown,unknown
3702.0,3703.0,1.0,1,track_1,,unknown,unknown
3703.0,3704.0,1.0,1,track_0,,unknown,unknown
3703.0,3704.0,1.0,1,track_1,,unknown,unknown
3704.0,3705.0,1.0,1,track_0,,unknown,unknown
3704.0,3705.0,1.0,1,track_1,,unknown,unknown
3705.0,3706.0,1.0,1,track_0,,unknown,unknown
3705.0,3706.0,1.0,1,track_1,,unknown,unknown
3706.0,3707.0,1.0,1,track_0,,unknown,unknown
3706.0,3707.0,1.0,1,track_1,,unknown,unknown
3707.0,3708.0,1.0,1,track_0,,unknown,unknown
3707.0,3708.0,1.0,1,track_1,,unknown,unknown
3708.0,3709.0,1.0,1,track_0,,top,back
3708.0,3709.0,1.0,1,track_1,,unknown,unknown
3709.0,3710.0,1.0,1,track_0,,unknown,unknown
3709.0,3710.0,1.0,1,track_1,,unknown,unknown
3710.0,3711.0,1.0,1,track_0,,unknown,unknown
3710.0,3711.0,1.0,1,track_1,,unknown,unknown
3711.0,3712.0,1.0,1,track_0,,unknown,unknown
3711.0,3712.0,1.0,1,track_1,,unknown,unknown
3712.0,3713.0,1.0,1,track_0,,unknown,unknown
3712.0,3713.0,1.0,1,track_1,,unknown,unknown
3713.0,3714.0,1.0,1,track_0,,unknown,unknown
3713.0,3714.0,1.0,1,track_1,,unknown,unknown
3714.0,3715.0,1.0,1,track_0,,unknown,unknown
3714.0,3715.0,1.0,1,track_1,,unknown,unknown
3715.0,3716.0,1.0,1,track_0,,unknown,unknown
3715.0,3716.0,1.0,1,track_1,,unknown,unknown
3716.0,3717.0,1.0,1,track_0,,unknown,unknown
3716.0,3717.0,1.0,1,track_1,,unknown,unknown
3717.0,3718.0,1.0,1,track_0,,unknown,unknown
3717.0,3718.0,1.0,1,track_1,,unknown,unknown
3718.0,3719.0,1.0,1,track_0,,unknown,unknown
3718.0,3719.0,1.0,1,track_1,,unknown,unknown
3719.0,3720.0,1.0,1,track_0,,unknown,unknown
3719.0,3720.0,1.0,1,track_1,,unknown,unknown
3720.0,3721.0,1.0,1,track_0,,unknown,unknown
3720.0,3721.0,1.0,1,track_1,,unknown,unknown
3721.0,3722.0,1.0,1,track_0,,unknown,unknown
3721.0,3722.0,1.0,1,track_1,,unknown,unknown
3722.0,3723.0,1.0,1,track_0,,unknown,unknown
3722.0,3723.0,1.0,1,track_1,,unknown,unknown
3723.0,3724.0,1.0,1,track_0,,unknown,unknown
3723.0,3724.0,1.0,1,track_1,,unknown,unknown
3724.0,3725.0,1.0,1,track_0,,unknown,unknown
3724.0,3725.0,1.0,1,track_1,,unknown,unknown
3725.0,3726.0,1.0,1,track_0,,unknown,unknown
3725.0,3726.0,1.0,1,track_1,,unknown,unknown
3726.0,3727.0,1.0,1,track_0,,unknown,unknown
3726.0,3727.0,1.0,1,track_1,,unknown,unknown
3727.0,3728.0,1.0,1,track_0,,unknown,unknown
3727.0,3728.0,1.0,1,track_1,,unknown,unknown
3728.0,3729.0,1.0,1,track_0,,unknown,unknown
3728.0,3729.0,1.0,1,track_1,,unknown,unknown
3729.0,3730.0,1.0,1,track_0,,unknown,unknown
3729.0,3730.0,1.0,1,track_1,,unknown,unknown
3730.0,3731.0,1.0,1,track_0,,unknown,unknown
3730.0,3731.0,1.0,1,track_1,,unknown,unknown
3731.0,3732.0,1.0,1,track_0,,unknown,unknown
3731.0,3732.0,1.0,1,track_1,,unknown,unknown
3732.0,3733.0,1.0,1,track_0,,unknown,unknown
3732.0,3733.0,1.0,1,track_1,,unknown,unknown
3733.0,3734.0,1.0,1,track_0,,unknown,unknown
3733.0,3734.0,1.0,1,track_1,,unknown,unknown
3734.0,3735.0,1.0,1,track_0,,unknown,unknown
3734.0,3735.0,1.0,1,track_1,,unknown,unknown
3735.0,3736.0,1.0,1,track_0,,unknown,unknown
3735.0,3736.0,1.0,1,track_1,,unknown,unknown
3736.0,3737.0,1.0,1,track_0,,unknown,unknown
3736.0,3737.0,1.0,1,track_1,,unknown,unknown
3737.0,3738.0,1.0,1,track_0,,unknown,unknown
3737.0,3738.0,1.0,1,track_1,,unknown,unknown
3738.0,3739.0,1.0,1,track_0,,unknown,unknown
3738.0,3739.0,1.0,1,track_1,,unknown,unknown
3739.0,3740.0,1.0,1,track_0,,unknown,unknown
3739.0,3740.0,1.0,1,track_1,,unknown,unknown
3740.0,3741.0,1.0,1,track_0,,unknown,unknown
3740.0,3741.0,1.0,1,track_1,,unknown,unknown
3741.0,3742.0,1.0,1,track_0,,unknown,unknown
3741.0,3742.0,1.0,1,track_1,,unknown,unknown
3742.0,3743.0,1.0,1,track_0,,unknown,unknown
3742.0,3743.0,1.0,1,track_1,,unknown,unknown
3743.0,3744.0,1.0,1,track_0,,unknown,unknown
3743.0,3744.0,1.0,1,track_1,,unknown,unknown
3744.0,3745.0,1.0,1,track_0,,unknown,unknown
3744.0,3745.0,1.0,1,track_1,,unknown,unknown
3745.0,3746.0,1.0,1,track_0,,unknown,unknown
3745.0,3746.0,1.0,1,track_1,,unknown,unknown
3746.0,3747.0,1.0,1,track_0,,unknown,unknown
3746.0,3747.0,1.0,1,track_1,,unknown,unknown
3747.0,3748.0,1.0,1,track_0,,unknown,unknown
3747.0,3748.0,1.0,1,track_1,,unknown,unknown
3748.0,3749.0,1.0,1,track_0,,top,back
3748.0,3749.0,1.0,1,track_1,,unknown,unknown
3749.0,3750.0,1.0,1,track_0,,unknown,unknown
3749.0,3750.0,1.0,1,track_1,,unknown,unknown
3750.0,3751.0,1.0,1,track_0,,unknown,unknown
3750.0,3751.0,1.0,1,track_1,,unknown,unknown
3751.0,3752.0,1.0,1,track_0,,top,back
3751.0,3752.0,1.0,1,track_1,,unknown,unknown
3752.0,3753.0,1.0,1,track_0,,top,back
3752.0,3753.0,1.0,1,track_1,,unknown,unknown
3753.0,3754.0,1.0,1,track_0,,unknown,unknown
3753.0,3754.0,1.0,1,track_1,,unknown,unknown
3754.0,3755.0,1.0,1,track_0,,unknown,unknown
3754.0,3755.0,1.0,1,track_1,,unknown,unknown
3755.0,3756.0,1.0,1,track_0,,unknown,unknown
3755.0,3756.0,1.0,1,track_1,,unknown,unknown
3756.0,3757.0,1.0,1,track_0,,top,back
3756.0,3757.0,1.0,1,track_1,,unknown,unknown
3757.0,3758.0,1.0,1,track_0,,unknown,unknown
3757.0,3758.0,1.0,1,track_1,,unknown,unknown
3758.0,3759.0,1.0,1,track_0,,unknown,unknown
3758.0,3759.0,1.0,1,track_1,,unknown,unknown
3759.0,3760.0,1.0,1,track_0,,top,back
3759.0,3760.0,1.0,1,track_1,,unknown,unknown
3760.0,3761.0,1.0,1,track_0,,unknown,unknown
3760.0,3761.0,1.0,1,track_1,,unknown,unknown
3761.0,3762.0,1.0,1,track_0,,unknown,unknown
3761.0,3762.0,1.0,1,track_1,,unknown,unknown
3762.0,3763.0,1.0,1,track_0,,unknown,unknown
3762.0,3763.0,1.0,1,track_1,,unknown,unknown
3763.0,3764.0,1.0,1,track_0,,unknown,unknown
3763.0,3764.0,1.0,1,track_1,,unknown,unknown
3764.0,3765.0,1.0,1,track_0,,unknown,unknown
3764.0,3765.0,1.0,1,track_1,,unknown,unknown
3765.0,3766.0,1.0,1,track_0,,unknown,unknown
3765.0,3766.0,1.0,1,track_1,,unknown,unknown
3766.0,3767.0,1.0,1,track_0,,unknown,unknown
3766.0,3767.0,1.0,1,track_1,,unknown,unknown
3767.0,3768.0,1.0,1,track_0,,unknown,unknown
3767.0,3768.0,1.0,1,track_1,,unknown,unknown
3768.0,3769.0,1.0,1,track_0,,unknown,unknown
3768.0,3769.0,1.0,1,track_1,,unknown,unknown
3769.0,3770.0,1.0,1,track_0,,unknown,unknown
3769.0,3770.0,1.0,1,track_1,,unknown,unknown
3770.0,3771.0,1.0,1,track_0,,unknown,unknown
3770.0,3771.0,1.0,1,track_1,,unknown,unknown
3771.0,3772.0,1.0,1,track_0,,unknown,unknown
3771.0,3772.0,1.0,1,track_1,,unknown,unknown
3772.0,3773.0,1.0,1,track_0,,unknown,unknown
3772.0,3773.0,1.0,1,track_1,,unknown,unknown
3773.0,3774.0,1.0,1,track_0,,unknown,unknown
3773.0,3774.0,1.0,1,track_1,,unknown,unknown
3774.0,3775.0,1.0,1,track_0,,unknown,unknown
3774.0,3775.0,1.0,1,track_1,,unknown,unknown
3775.0,3776.0,1.0,1,track_0,,unknown,unknown
3775.0,3776.0,1.0,1,track_1,,unknown,unknown
3776.0,3777.0,1.0,1,track_0,,unknown,unknown
3776.0,3777.0,1.0,1,track_1,,unknown,unknown
3777.0,3778.0,1.0,1,track_0,,unknown,unknown
3777.0,3778.0,1.0,1,track_1,,unknown,unknown
3778.0,3779.0,1.0,1,track_0,,unknown,unknown
3778.0,3779.0,1.0,1,track_1,,unknown,unknown
3779.0,3780.0,1.0,1,track_0,,unknown,unknown
3779.0,3780.0,1.0,1,track_1,,unknown,unknown
3780.0,3781.0,1.0,1,track_0,,unknown,unknown
3780.0,3781.0,1.0,1,track_1,,unknown,unknown
3781.0,3782.0,1.0,1,track_0,,unknown,unknown
3781.0,3782.0,1.0,1,track_1,,unknown,unknown
3782.0,3783.0,1.0,1,track_0,,unknown,unknown
3782.0,3783.0,1.0,1,track_1,,unknown,unknown
3783.0,3784.0,1.0,1,track_0,,unknown,unknown
3783.0,3784.0,1.0,1,track_1,,unknown,unknown
3784.0,3785.0,1.0,1,track_0,,unknown,unknown
3784.0,3785.0,1.0,1,track_1,,unknown,unknown
3785.0,3786.0,1.0,1,track_0,,unknown,unknown
3785.0,3786.0,1.0,1,track_1,,unknown,unknown
3786.0,3787.0,1.0,1,track_0,,unknown,unknown
3786.0,3787.0,1.0,1,track_1,,unknown,unknown
3787.0,3788.0,1.0,1,track_0,,unknown,unknown
3787.0,3788.0,1.0,1,track_1,,unknown,unknown
3788.0,3789.0,1.0,1,track_0,,unknown,unknown
3788.0,3789.0,1.0,1,track_1,,unknown,unknown
3789.0,3790.0,1.0,1,track_0,,unknown,unknown
3789.0,3790.0,1.0,1,track_1,,unknown,unknown
3790.0,3791.0,1.0,1,track_0,,unknown,standing
3790.0,3791.0,1.0,1,track_1,,unknown,unknown
3791.0,3792.0,1.0,1,track_0,,unknown,unknown
3791.0,3792.0,1.0,1,track_1,,unknown,unknown
3792.0,3793.0,1.0,1,track_0,,unknown,standing
3792.0,3793.0,1.0,1,track_1,,unknown,unknown
3793.0,3794.0,1.0,1,track_0,,unknown,standing
3793.0,3794.0,1.0,1,track_1,,unknown,unknown
3794.0,3795.0,1.0,1,track_0,,unknown,unknown
3794.0,3795.0,1.0,1,track_1,,unknown,unknown
3795.0,3796.0,1.0,1,track_0,,unknown,unknown
3795.0,3796.0,1.0,1,track_1,,unknown,unknown
3796.0,3797.0,1.0,1,track_0,,unknown,unknown
3796.0,3797.0,1.0,1,track_1,,unknown,unknown
3797.0,3798.0,1.0,1,track_0,,unknown,unknown
3797.0,3798.0,1.0,1,track_1,,unknown,unknown
3798.0,3799.0,1.0,1,track_0,,unknown,unknown
3798.0,3799.0,1.0,1,track_1,,unknown,unknown
3799.0,3800.0,1.0,1,track_0,,unknown,unknown
3799.0,3800.0,1.0,1,track_1,,unknown,unknown
3800.0,3801.0,1.0,1,track_0,,unknown,unknown
3800.0,3801.0,1.0,1,track_1,,unknown,unknown
3801.0,3802.0,1.0,1,track_0,,unknown,unknown
3801.0,3802.0,1.0,1,track_1,,unknown,unknown
3802.0,3803.0,1.0,1,track_0,,unknown,unknown
3802.0,3803.0,1.0,1,track_1,,unknown,unknown
3803.0,3804.0,1.0,1,track_0,,unknown,unknown
3803.0,3804.0,1.0,1,track_1,,unknown,unknown
3804.0,3805.0,1.0,1,track_0,,unknown,unknown
3804.0,3805.0,1.0,1,track_1,,unknown,unknown
3805.0,3806.0,1.0,1,track_0,,unknown,unknown
3805.0,3806.0,1.0,1,track_1,,unknown,unknown
3806.0,3807.0,1.0,1,track_0,,unknown,unknown
3806.0,3807.0,1.0,1,track_1,,unknown,unknown
3807.0,3808.0,1.0,1,track_0,,unknown,unknown
3807.0,3808.0,1.0,1,track_1,,unknown,unknown
3808.0,3809.0,1.0,1,track_0,,unknown,unknown
3808.0,3809.0,1.0,1,track_1,,unknown,unknown
3809.0,3810.0,1.0,1,track_0,,unknown,unknown
3809.0,3810.0,1.0,1,track_1,,unknown,unknown
3810.0,3811.0,1.0,1,track_0,,unknown,unknown
3810.0,3811.0,1.0,1,track_1,,unknown,unknown
3811.0,3812.0,1.0,1,track_0,,top,back
3811.0,3812.0,1.0,1,track_1,,unknown,unknown
3812.0,3813.0,1.0,1,track_0,,unknown,unknown
3812.0,3813.0,1.0,1,track_1,,unknown,unknown
3813.0,3814.0,1.0,1,track_0,,unknown,unknown
3813.0,3814.0,1.0,1,track_1,,unknown,unknown
3814.0,3815.0,1.0,1,track_0,,unknown,unknown
3814.0,3815.0,1.0,1,track_1,,unknown,unknown
3815.0,3816.0,1.0,1,track_0,,unknown,unknown
3815.0,3816.0,1.0,1,track_1,,unknown,unknown
3816.0,3817.0,1.0,1,track_0,,unknown,unknown
3816.0,3817.0,1.0,1,track_1,,unknown,unknown
3817.0,3818.0,1.0,1,track_0,,unknown,unknown
3817.0,3818.0,1.0,1,track_1,,unknown,unknown
3818.0,3819.0,1.0,1,track_0,,unknown,unknown
3818.0,3819.0,1.0,1,track_1,,unknown,unknown
3819.0,3820.0,1.0,1,track_0,,top,back
3819.0,3820.0,1.0,1,track_1,,unknown,unknown
3820.0,3821.0,1.0,1,track_0,,top,back
3820.0,3821.0,1.0,1,track_1,,unknown,unknown
3821.0,3822.0,1.0,1,track_0,,unknown,unknown
3821.0,3822.0,1.0,1,track_1,,unknown,unknown
3822.0,3823.0,1.0,1,track_0,,top,back
3822.0,3823.0,1.0,1,track_1,,unknown,unknown
3823.0,3824.0,1.0,1,track_0,,top,back
3823.0,3824.0,1.0,1,track_1,,unknown,unknown
3824.0,3825.0,1.0,1,track_0,,unknown,unknown
3824.0,3825.0,1.0,1,track_1,,unknown,unknown
3825.0,3826.0,1.0,1,track_0,,unknown,unknown
3825.0,3826.0,1.0,1,track_1,,unknown,unknown
3826.0,3827.0,1.0,1,track_0,,unknown,unknown
3826.0,3827.0,1.0,1,track_1,,unknown,unknown
3827.0,3828.0,1.0,1,track_0,,unknown,unknown
3827.0,3828.0,1.0,1,track_1,,unknown,unknown
3828.0,3829.0,1.0,1,track_0,,unknown,unknown
3828.0,3829.0,1.0,1,track_1,,unknown,unknown
3829.0,3830.0,1.0,1,track_0,,unknown,unknown
3829.0,3830.0,1.0,1,track_1,,unknown,unknown
3830.0,3831.0,1.0,1,track_0,,unknown,unknown
3830.0,3831.0,1.0,1,track_1,,unknown,unknown
3831.0,3832.0,1.0,1,track_0,,unknown,unknown
3831.0,3832.0,1.0,1,track_1,,unknown,unknown
3832.0,3833.0,1.0,1,track_0,,unknown,unknown
3832.0,3833.0,1.0,1,track_1,,unknown,unknown
3833.0,3834.0,1.0,1,track_0,,unknown,unknown
3833.0,3834.0,1.0,1,track_1,,unknown,unknown
3834.0,3835.0,1.0,1,track_0,,unknown,unknown
3834.0,3835.0,1.0,1,track_1,,unknown,unknown
3835.0,3836.0,1.0,1,track_0,,unknown,unknown
3835.0,3836.0,1.0,1,track_1,,unknown,unknown
3836.0,3837.0,1.0,1,track_0,,unknown,unknown
3836.0,3837.0,1.0,1,track_1,,unknown,unknown
3837.0,3838.0,1.0,1,track_0,,unknown,standing
3837.0,3838.0,1.0,1,track_1,,unknown,unknown
3838.0,3839.0,1.0,1,track_0,,unknown,unknown
3838.0,3839.0,1.0,1,track_1,,unknown,unknown
3839.0,3840.0,1.0,1,track_0,,unknown,standing
3839.0,3840.0,1.0,1,track_1,,unknown,unknown
3840.0,3841.0,1.0,1,track_0,,unknown,unknown
3840.0,3841.0,1.0,1,track_1,,unknown,unknown
3841.0,3842.0,1.0,1,track_0,,unknown,unknown
3841.0,3842.0,1.0,1,track_1,,unknown,unknown
3842.0,3843.0,1.0,1,track_0,,unknown,unknown
3842.0,3843.0,1.0,1,track_1,,unknown,unknown
3843.0,3844.0,1.0,1,track_0,,unknown,unknown
3843.0,3844.0,1.0,1,track_1,,unknown,unknown
3844.0,3845.0,1.0,1,track_0,,unknown,unknown
3844.0,3845.0,1.0,1,track_1,,unknown,unknown
3845.0,3846.0,1.0,1,track_0,,unknown,unknown
3845.0,3846.0,1.0,1,track_1,,unknown,unknown
3846.0,3847.0,1.0,1,track_0,,unknown,unknown
3846.0,3847.0,1.0,1,track_1,,unknown,unknown
3847.0,3848.0,1.0,1,track_0,,unknown,unknown
3847.0,3848.0,1.0,1,track_1,,unknown,unknown
3848.0,3849.0,1.0,1,track_0,,unknown,unknown
3848.0,3849.0,1.0,1,track_1,,unknown,unknown
3849.0,3850.0,1.0,1,track_0,,unknown,unknown
3849.0,3850.0,1.0,1,track_1,,unknown,unknown
3850.0,3851.0,1.0,1,track_0,,unknown,unknown
3850.0,3851.0,1.0,1,track_1,,unknown,unknown
3851.0,3852.0,1.0,1,track_0,,unknown,unknown
3851.0,3852.0,1.0,1,track_1,,unknown,unknown
3852.0,3853.0,1.0,1,track_0,,unknown,unknown
3852.0,3853.0,1.0,1,track_1,,unknown,unknown
3853.0,3854.0,1.0,1,track_0,,unknown,unknown
3853.0,3854.0,1.0,1,track_1,,unknown,unknown
3854.0,3855.0,1.0,1,track_0,,unknown,unknown
3854.0,3855.0,1.0,1,track_1,,unknown,unknown
3855.0,3856.0,1.0,1,track_0,,unknown,unknown
3855.0,3856.0,1.0,1,track_1,,unknown,unknown
3856.0,3857.0,1.0,1,track_0,,unknown,unknown
3856.0,3857.0,1.0,1,track_1,,unknown,unknown
3857.0,3858.0,1.0,1,track_0,,unknown,unknown
3857.0,3858.0,1.0,1,track_1,,unknown,unknown
3858.0,3859.0,1.0,1,track_0,,unknown,unknown
3858.0,3859.0,1.0,1,track_1,,unknown,unknown
3859.0,3860.0,1.0,1,track_0,,unknown,unknown
3859.0,3860.0,1.0,1,track_1,,unknown,unknown
3860.0,3861.0,1.0,1,track_0,,unknown,unknown
3860.0,3861.0,1.0,1,track_1,,unknown,unknown
3861.0,3862.0,1.0,1,track_0,,unknown,unknown
3861.0,3862.0,1.0,1,track_1,,unknown,unknown
3862.0,3863.0,1.0,1,track_0,,unknown,unknown
3862.0,3863.0,1.0,1,track_1,,unknown,unknown
3863.0,3864.0,1.0,1,track_0,,unknown,unknown
3863.0,3864.0,1.0,1,track_1,,unknown,unknown
3864.0,3865.0,1.0,1,track_0,,unknown,unknown
3864.0,3865.0,1.0,1,track_1,,unknown,unknown
3865.0,3866.0,1.0,1,track_0,,unknown,unknown
3865.0,3866.0,1.0,1,track_1,,unknown,unknown
3866.0,3867.0,1.0,1,track_0,,top,back
3866.0,3867.0,1.0,1,track_1,,unknown,unknown
3867.0,3868.0,1.0,1,track_0,,top,back
3867.0,3868.0,1.0,1,track_1,,unknown,unknown
3868.0,3869.0,1.0,1,track_0,,unknown,unknown
3868.0,3869.0,1.0,1,track_1,,unknown,unknown
3869.0,3870.0,1.0,1,track_0,,unknown,unknown
3869.0,3870.0,1.0,1,track_1,,unknown,unknown
3870.0,3871.0,1.0,1,track_0,,top,takedown
3870.0,3871.0,1.0,1,track_1,,unknown,unknown
3871.0,3872.0,1.0,1,track_0,,unknown,unknown
3871.0,3872.0,1.0,1,track_1,,unknown,unknown
3872.0,3873.0,1.0,1,track_0,,unknown,standing
3872.0,3873.0,1.0,1,track_1,,unknown,unknown
3873.0,3874.0,1.0,1,track_0,,bottom,takedown
3873.0,3874.0,1.0,1,track_1,,unknown,unknown
3874.0,3875.0,1.0,1,track_0,,unknown,unknown
3874.0,3875.0,1.0,1,track_1,,unknown,unknown
3875.0,3876.0,1.0,1,track_0,,unknown,unknown
3875.0,3876.0,1.0,1,track_1,,unknown,unknown
3876.0,3877.0,1.0,1,track_0,,unknown,unknown
3876.0,3877.0,1.0,1,track_1,,unknown,unknown
3877.0,3878.0,1.0,1,track_0,,unknown,unknown
3877.0,3878.0,1.0,1,track_1,,unknown,unknown
3878.0,3879.0,1.0,1,track_0,,unknown,unknown
3878.0,3879.0,1.0,1,track_1,,unknown,unknown
3879.0,3880.0,1.0,1,track_0,,unknown,unknown
3879.0,3880.0,1.0,1,track_1,,unknown,unknown
3880.0,3881.0,1.0,1,track_0,,unknown,unknown
3880.0,3881.0,1.0,1,track_1,,unknown,unknown
3881.0,3882.0,1.0,1,track_0,,unknown,unknown
3881.0,3882.0,1.0,1,track_1,,unknown,unknown
3882.0,3883.0,1.0,1,track_0,,unknown,unknown
3882.0,3883.0,1.0,1,track_1,,unknown,unknown
3883.0,3884.0,1.0,1,track_0,,unknown,unknown
3883.0,3884.0,1.0,1,track_1,,unknown,unknown
3884.0,3885.0,1.0,1,track_0,,unknown,unknown
3884.0,3885.0,1.0,1,track_1,,unknown,unknown
3885.0,3886.0,1.0,1,track_0,,unknown,unknown
3885.0,3886.0,1.0,1,track_1,,unknown,unknown
3886.0,3887.0,1.0,1,track_0,,unknown,unknown
3886.0,3887.0,1.0,1,track_1,,unknown,unknown
3887.0,3888.0,1.0,1,track_0,,unknown,unknown
3887.0,3888.0,1.0,1,track_1,,unknown,unknown
3888.0,3889.0,1.0,1,track_0,,unknown,unknown
3888.0,3889.0,1.0,1,track_1,,unknown,unknown
3889.0,3890.0,1.0,1,track_0,,unknown,unknown
3889.0,3890.0,1.0,1,track_1,,unknown,unknown
3890.0,3891.0,1.0,1,track_0,,unknown,unknown
3890.0,3891.0,1.0,1,track_1,,unknown,unknown
3891.0,3892.0,1.0,1,track_0,,unknown,unknown
3891.0,3892.0,1.0,1,track_1,,unknown,unknown
3892.0,3893.0,1.0,1,track_0,,unknown,unknown
3892.0,3893.0,1.0,1,track_1,,unknown,unknown
3893.0,3894.0,1.0,1,track_0,,unknown,unknown
3893.0,3894.0,1.0,1,track_1,,unknown,unknown
3894.0,3895.0,1.0,1,track_0,,unknown,unknown
3894.0,3895.0,1.0,1,track_1,,unknown,unknown
3895.0,3896.0,1.0,1,track_0,,unknown,unknown
3895.0,3896.0,1.0,1,track_1,,unknown,unknown
3896.0,3897.0,1.0,1,track_0,,unknown,unknown
3896.0,3897.0,1.0,1,track_1,,unknown,unknown
3897.0,3898.0,1.0,1,track_0,,unknown,unknown
3897.0,3898.0,1.0,1,track_1,,unknown,unknown
3898.0,3899.0,1.0,1,track_0,,unknown,unknown
3898.0,3899.0,1.0,1,track_1,,unknown,unknown
3899.0,3900.0,1.0,1,track_0,,unknown,unknown
3899.0,3900.0,1.0,1,track_1,,unknown,unknown
3900.0,3901.0,1.0,1,track_0,,unknown,unknown
3900.0,3901.0,1.0,1,track_1,,unknown,unknown
3901.0,3902.0,1.0,1,track_0,,unknown,unknown
3901.0,3902.0,1.0,1,track_1,,unknown,unknown
3902.0,3903.0,1.0,1,track_0,,unknown,unknown
3902.0,3903.0,1.0,1,track_1,,unknown,unknown
3903.0,3904.0,1.0,1,track_0,,unknown,unknown
3903.0,3904.0,1.0,1,track_1,,unknown,unknown
3904.0,3905.0,1.0,1,track_0,,unknown,unknown
3904.0,3905.0,1.0,1,track_1,,unknown,unknown
3905.0,3906.0,1.0,1,track_0,,unknown,unknown
3905.0,3906.0,1.0,1,track_1,,unknown,unknown
3906.0,3907.0,1.0,1,track_0,,unknown,unknown
3906.0,3907.0,1.0,1,track_1,,unknown,unknown
3907.0,3908.0,1.0,1,track_0,,top,back
3907.0,3908.0,1.0,1,track_1,,unknown,unknown
3908.0,3909.0,1.0,1,track_0,,top,back
3908.0,3909.0,1.0,1,track_1,,unknown,unknown
3909.0,3910.0,1.0,1,track_0,,unknown,unknown
3909.0,3910.0,1.0,1,track_1,,unknown,unknown
3910.0,3911.0,1.0,1,track_0,,top,back
3910.0,3911.0,1.0,1,track_1,,unknown,unknown
3911.0,3912.0,1.0,1,track_0,,unknown,unknown
3911.0,3912.0,1.0,1,track_1,,unknown,unknown
3912.0,3913.0,1.0,1,track_0,,unknown,unknown
3912.0,3913.0,1.0,1,track_1,,unknown,unknown
3913.0,3914.0,1.0,1,track_0,,unknown,unknown
3913.0,3914.0,1.0,1,track_1,,unknown,unknown
3914.0,3915.0,1.0,1,track_0,,unknown,unknown
3914.0,3915.0,1.0,1,track_1,,unknown,unknown
3915.0,3916.0,1.0,1,track_0,,bottom,open guard
3915.0,3916.0,1.0,1,track_1,,unknown,unknown
3916.0,3917.0,1.0,1,track_0,,unknown,unknown
3916.0,3917.0,1.0,1,track_1,,unknown,unknown
3917.0,3918.0,1.0,1,track_0,,unknown,unknown
3917.0,3918.0,1.0,1,track_1,,unknown,unknown
3918.0,3919.0,1.0,1,track_0,,unknown,unknown
3918.0,3919.0,1.0,1,track_1,,unknown,unknown
3919.0,3920.0,1.0,1,track_0,,unknown,unknown
3919.0,3920.0,1.0,1,track_1,,unknown,unknown
3920.0,3921.0,1.0,1,track_0,,unknown,standing
3920.0,3921.0,1.0,1,track_1,,unknown,unknown
3921.0,3922.0,1.0,1,track_0,,unknown,unknown
3921.0,3922.0,1.0,1,track_1,,unknown,unknown
3922.0,3923.0,1.0,1,track_0,,unknown,unknown
3922.0,3923.0,1.0,1,track_1,,unknown,unknown
3923.0,3924.0,1.0,1,track_0,,unknown,unknown
3923.0,3924.0,1.0,1,track_1,,unknown,unknown
3924.0,3925.0,1.0,1,track_0,,unknown,unknown
3924.0,3925.0,1.0,1,track_1,,unknown,unknown
3925.0,3926.0,1.0,1,track_0,,unknown,unknown
3925.0,3926.0,1.0,1,track_1,,unknown,unknown
3926.0,3927.0,1.0,1,track_0,,unknown,unknown
3926.0,3927.0,1.0,1,track_1,,unknown,unknown
3927.0,3928.0,1.0,1,track_0,,unknown,unknown
3927.0,3928.0,1.0,1,track_1,,unknown,unknown
3928.0,3929.0,1.0,1,track_0,,unknown,unknown
3928.0,3929.0,1.0,1,track_1,,unknown,unknown
3929.0,3930.0,1.0,1,track_0,,unknown,unknown
3929.0,3930.0,1.0,1,track_1,,unknown,unknown
3930.0,3931.0,1.0,1,track_0,,unknown,unknown
3930.0,3931.0,1.0,1,track_1,,unknown,unknown
3931.0,3932.0,1.0,1,track_0,,unknown,unknown
3931.0,3932.0,1.0,1,track_1,,unknown,unknown
3932.0,3933.0,1.0,1,track_0,,unknown,unknown
3932.0,3933.0,1.0,1,track_1,,unknown,unknown
3933.0,3934.0,1.0,1,track_0,,unknown,unknown
3933.0,3934.0,1.0,1,track_1,,unknown,unknown
3934.0,3935.0,1.0,1,track_0,,unknown,unknown
3934.0,3935.0,1.0,1,track_1,,unknown,unknown
3935.0,3936.0,1.0,1,track_0,,unknown,unknown
3935.0,3936.0,1.0,1,track_1,,unknown,unknown
3936.0,3937.0,1.0,1,track_0,,unknown,unknown
3936.0,3937.0,1.0,1,track_1,,unknown,unknown
3937.0,3938.0,1.0,1,track_0,,unknown,unknown
3937.0,3938.0,1.0,1,track_1,,unknown,unknown
3938.0,3939.0,1.0,1,track_0,,unknown,unknown
3938.0,3939.0,1.0,1,track_1,,unknown,unknown
3939.0,3940.0,1.0,1,track_0,,unknown,unknown
3939.0,3940.0,1.0,1,track_1,,unknown,unknown
3940.0,3941.0,1.0,1,track_0,,unknown,unknown
3940.0,3941.0,1.0,1,track_1,,unknown,unknown
3941.0,3942.0,1.0,1,track_0,,unknown,unknown
3941.0,3942.0,1.0,1,track_1,,unknown,unknown
3942.0,3943.0,1.0,1,track_0,,unknown,unknown
3942.0,3943.0,1.0,1,track_1,,unknown,unknown
3943.0,3944.0,1.0,1,track_0,,unknown,unknown
3943.0,3944.0,1.0,1,track_1,,unknown,unknown
3944.0,3945.0,1.0,1,track_0,,unknown,unknown
3944.0,3945.0,1.0,1,track_1,,unknown,unknown
3945.0,3946.0,1.0,1,track_0,,unknown,unknown
3945.0,3946.0,1.0,1,track_1,,unknown,unknown
3946.0,3947.0,1.0,1,track_0,,unknown,unknown
3946.0,3947.0,1.0,1,track_1,,unknown,unknown
3947.0,3948.0,1.0,1,track_0,,unknown,unknown
3947.0,3948.0,1.0,1,track_1,,unknown,unknown
3948.0,3949.0,1.0,1,track_0,,unknown,unknown
3948.0,3949.0,1.0,1,track_1,,unknown,unknown
3949.0,3950.0,1.0,1,track_0,,top,back
3949.0,3950.0,1.0,1,track_1,,unknown,unknown
3950.0,3951.0,1.0,1,track_0,,top,back
3950.0,3951.0,1.0,1,track_1,,unknown,unknown
3951.0,3952.0,1.0,1,track_0,,unknown,unknown
3951.0,3952.0,1.0,1,track_1,,unknown,unknown
3952.0,3953.0,1.0,1,track_0,,unknown,standing
3952.0,3953.0,1.0,1,track_1,,unknown,unknown
3953.0,3954.0,1.0,1,track_0,,unknown,unknown
3953.0,3954.0,1.0,1,track_1,,unknown,unknown
3954.0,3955.0,1.0,1,track_0,,unknown,standing
3954.0,3955.0,1.0,1,track_1,,unknown,unknown
3955.0,3956.0,1.0,1,track_0,,unknown,standing
3955.0,3956.0,1.0,1,track_1,,unknown,unknown
3956.0,3957.0,1.0,1,track_0,,unknown,unknown
3956.0,3957.0,1.0,1,track_1,,unknown,unknown
3957.0,3958.0,1.0,1,track_0,,unknown,unknown
3957.0,3958.0,1.0,1,track_1,,unknown,unknown
3958.0,3959.0,1.0,1,track_0,,unknown,unknown
3958.0,3959.0,1.0,1,track_1,,unknown,unknown
3959.0,3960.0,1.0,1,track_0,,top,back
3959.0,3960.0,1.0,1,track_1,,unknown,unknown
3960.0,3961.0,1.0,1,track_0,,unknown,unknown
3960.0,3961.0,1.0,1,track_1,,unknown,unknown
3961.0,3962.0,1.0,1,track_0,,unknown,unknown
3961.0,3962.0,1.0,1,track_1,,unknown,unknown
3962.0,3963.0,1.0,1,track_0,,unknown,unknown
3962.0,3963.0,1.0,1,track_1,,unknown,unknown
3963.0,3964.0,1.0,1,track_0,,unknown,unknown
3963.0,3964.0,1.0,1,track_1,,unknown,unknown
3964.0,3965.0,1.0,1,track_0,,unknown,unknown
3964.0,3965.0,1.0,1,track_1,,unknown,unknown
3965.0,3966.0,1.0,1,track_0,,unknown,unknown
3965.0,3966.0,1.0,1,track_1,,unknown,unknown
3966.0,3967.0,1.0,1,track_0,,unknown,unknown
3966.0,3967.0,1.0,1,track_1,,unknown,unknown
3967.0,3968.0,1.0,1,track_0,,unknown,unknown
3967.0,3968.0,1.0,1,track_1,,unknown,unknown
3968.0,3969.0,1.0,1,track_0,,unknown,unknown
3968.0,3969.0,1.0,1,track_1,,unknown,unknown
3969.0,3970.0,1.0,1,track_0,,unknown,unknown
3969.0,3970.0,1.0,1,track_1,,unknown,unknown
3970.0,3971.0,1.0,1,track_0,,unknown,unknown
3970.0,3971.0,1.0,1,track_1,,unknown,unknown
3971.0,3972.0,1.0,1,track_0,,unknown,unknown
3971.0,3972.0,1.0,1,track_1,,unknown,unknown
3972.0,3973.0,1.0,1,track_0,,unknown,unknown
3972.0,3973.0,1.0,1,track_1,,unknown,unknown
3973.0,3974.0,1.0,1,track_0,,unknown,unknown
3973.0,3974.0,1.0,1,track_1,,unknown,unknown
3974.0,3975.0,1.0,1,track_0,,unknown,unknown
3974.0,3975.0,1.0,1,track_1,,unknown,unknown
3975.0,3976.0,1.0,1,track_0,,unknown,unknown
3975.0,3976.0,1.0,1,track_1,,unknown,unknown
3976.0,3977.0,1.0,1,track_0,,unknown,unknown
3976.0,3977.0,1.0,1,track_1,,unknown,unknown
3977.0,3978.0,1.0,1,track_0,,unknown,unknown
3977.0,3978.0,1.0,1,track_1,,unknown,unknown
3978.0,3979.0,1.0,1,track_0,,unknown,unknown
3978.0,3979.0,1.0,1,track_1,,unknown,unknown
3979.0,3980.0,1.0,1,track_0,,unknown,unknown
3979.0,3980.0,1.0,1,track_1,,unknown,unknown
3980.0,3981.0,1.0,1,track_0,,unknown,unknown
3980.0,3981.0,1.0,1,track_1,,unknown,unknown
3981.0,3982.0,1.0,1,track_0,,unknown,unknown
3981.0,3982.0,1.0,1,track_1,,unknown,unknown
3982.0,3983.0,1.0,1,track_0,,unknown,unknown
3982.0,3983.0,1.0,1,track_1,,unknown,unknown
3983.0,3984.0,1.0,1,track_0,,unknown,unknown
3983.0,3984.0,1.0,1,track_1,,unknown,unknown
3984.0,3985.0,1.0,1,track_0,,unknown,unknown
3984.0,3985.0,1.0,1,track_1,,unknown,unknown
3985.0,3986.0,1.0,1,track_0,,unknown,unknown
3985.0,3986.0,1.0,1,track_1,,unknown,unknown
3986.0,3987.0,1.0,1,track_0,,unknown,unknown
3986.0,3987.0,1.0,1,track_1,,unknown,unknown
3987.0,3988.0,1.0,1,track_0,,unknown,unknown
3987.0,3988.0,1.0,1,track_1,,unknown,unknown
3988.0,3989.0,1.0,1,track_0,,unknown,unknown
3988.0,3989.0,1.0,1,track_1,,unknown,unknown
3989.0,3990.0,1.0,1,track_0,,unknown,unknown
3989.0,3990.0,1.0,1,track_1,,unknown,unknown
3990.0,3991.0,1.0,1,track_0,,unknown,unknown
3990.0,3991.0,1.0,1,track_1,,unknown,unknown
3991.0,3992.0,1.0,1,track_0,,unknown,unknown
3991.0,3992.0,1.0,1,track_1,,unknown,unknown
3992.0,3993.0,1.0,1,track_0,,unknown,standing
3992.0,3993.0,1.0,1,track_1,,unknown,unknown
3993.0,3994.0,1.0,1,track_0,,unknown,unknown
3993.0,3994.0,1.0,1,track_1,,unknown,unknown
3994.0,3995.0,1.0,1,track_0,,unknown,unknown
3994.0,3995.0,1.0,1,track_1,,unknown,unknown
3995.0,3996.0,1.0,1,track_0,,unknown,unknown
3995.0,3996.0,1.0,1,track_1,,unknown,unknown
3996.0,3997.0,1.0,1,track_0,,unknown,unknown
3996.0,3997.0,1.0,1,track_1,,unknown,unknown
3997.0,3998.0,1.0,1,track_0,,unknown,unknown
3997.0,3998.0,1.0,1,track_1,,unknown,unknown
3998.0,3999.0,1.0,1,track_0,,unknown,unknown
3998.0,3999.0,1.0,1,track_1,,unknown,unknown
3999.0,4000.0,1.0,1,track_0,,unknown,unknown
3999.0,4000.0,1.0,1,track_1,,unknown,unknown
4000.0,4001.0,1.0,1,track_0,,unknown,unknown
4000.0,4001.0,1.0,1,track_1,,unknown,unknown
4001.0,4002.0,1.0,1,track_0,,unknown,unknown
4001.0,4002.0,1.0,1,track_1,,unknown,unknown
4002.0,4003.0,1.0,1,track_0,,unknown,unknown
4002.0,4003.0,1.0,1,track_1,,unknown,unknown
4003.0,4004.0,1.0,1,track_0,,unknown,unknown
4003.0,4004.0,1.0,1,track_1,,unknown,unknown
4004.0,4005.0,1.0,1,track_0,,unknown,unknown
4004.0,4005.0,1.0,1,track_1,,unknown,unknown
4005.0,4006.0,1.0,1,track_0,,unknown,unknown
4005.0,4006.0,1.0,1,track_1,,unknown,unknown
4006.0,4007.0,1.0,1,track_0,,unknown,unknown
4006.0,4007.0,1.0,1,track_1,,unknown,unknown
4007.0,4008.0,1.0,1,track_0,,unknown,unknown
4007.0,4008.0,1.0,1,track_1,,unknown,unknown
4008.0,4009.0,1.0,1,track_0,,unknown,unknown
4008.0,4009.0,1.0,1,track_1,,unknown,unknown
4009.0,4010.0,1.0,1,track_0,,unknown,standing
4009.0,4010.0,1.0,1,track_1,,unknown,unknown
4010.0,4011.0,1.0,1,track_0,,unknown,unknown
4010.0,4011.0,1.0,1,track_1,,unknown,unknown
4011.0,4012.0,1.0,1,track_0,,unknown,unknown
4011.0,4012.0,1.0,1,track_1,,unknown,unknown
4012.0,4013.0,1.0,1,track_0,,unknown,unknown
4012.0,4013.0,1.0,1,track_1,,unknown,unknown
4013.0,4014.0,1.0,1,track_0,,unknown,unknown
4013.0,4014.0,1.0,1,track_1,,unknown,unknown
4014.0,4015.0,1.0,1,track_0,,unknown,unknown
4014.0,4015.0,1.0,1,track_1,,unknown,unknown
4015.0,4016.0,1.0,1,track_0,,unknown,unknown
4015.0,4016.0,1.0,1,track_1,,unknown,unknown
4016.0,4017.0,1.0,1,track_0,,unknown,unknown
4016.0,4017.0,1.0,1,track_1,,unknown,unknown
4017.0,4018.0,1.0,1,track_0,,unknown,unknown
4017.0,4018.0,1.0,1,track_1,,unknown,unknown
4018.0,4019.0,1.0,1,track_0,,unknown,unknown
4018.0,4019.0,1.0,1,track_1,,unknown,unknown
4019.0,4020.0,1.0,1,track_0,,unknown,unknown
4019.0,4020.0,1.0,1,track_1,,unknown,unknown
4020.0,4021.0,1.0,1,track_0,,unknown,unknown
4020.0,4021.0,1.0,1,track_1,,unknown,unknown
4021.0,4022.0,1.0,1,track_0,,unknown,unknown
4021.0,4022.0,1.0,1,track_1,,unknown,unknown
4022.0,4023.0,1.0,1,track_0,,unknown,unknown
4022.0,4023.0,1.0,1,track_1,,unknown,unknown
4023.0,4024.0,1.0,1,track_0,,unknown,standing
4023.0,4024.0,1.0,1,track_1,,unknown,unknown
4024.0,4025.0,1.0,1,track_0,,unknown,unknown
4024.0,4025.0,1.0,1,track_1,,unknown,unknown
4025.0,4026.0,1.0,1,track_0,,unknown,unknown
4025.0,4026.0,1.0,1,track_1,,unknown,unknown
4026.0,4027.0,1.0,1,track_0,,unknown,unknown
4026.0,4027.0,1.0,1,track_1,,unknown,unknown
4027.0,4028.0,1.0,1,track_0,,unknown,unknown
4027.0,4028.0,1.0,1,track_1,,unknown,unknown
4028.0,4029.0,1.0,1,track_0,,unknown,unknown
4028.0,4029.0,1.0,1,track_1,,unknown,unknown
4029.0,4030.0,1.0,1,track_0,,unknown,unknown
4029.0,4030.0,1.0,1,track_1,,unknown,unknown
4030.0,4031.0,1.0,1,track_0,,unknown,unknown
4030.0,4031.0,1.0,1,track_1,,unknown,unknown
4031.0,4032.0,1.0,1,track_0,,unknown,unknown
4031.0,4032.0,1.0,1,track_1,,unknown,unknown
4032.0,4033.0,1.0,1,track_0,,unknown,unknown
4032.0,4033.0,1.0,1,track_1,,unknown,unknown
4033.0,4034.0,1.0,1,track_0,,unknown,unknown
4033.0,4034.0,1.0,1,track_1,,unknown,unknown
4034.0,4035.0,1.0,1,track_0,,unknown,unknown
4034.0,4035.0,1.0,1,track_1,,unknown,unknown
4035.0,4036.0,1.0,1,track_0,,unknown,unknown
4035.0,4036.0,1.0,1,track_1,,unknown,unknown
4036.0,4037.0,1.0,1,track_0,,unknown,unknown
4036.0,4037.0,1.0,1,track_1,,unknown,unknown
4037.0,4038.0,1.0,1,track_0,,unknown,unknown
4037.0,4038.0,1.0,1,track_1,,unknown,unknown
4038.0,4039.0,1.0,1,track_0,,unknown,unknown
4038.0,4039.0,1.0,1,track_1,,unknown,unknown
4039.0,4040.0,1.0,1,track_0,,unknown,unknown
4039.0,4040.0,1.0,1,track_1,,unknown,unknown
4040.0,4041.0,1.0,1,track_0,,unknown,unknown
4040.0,4041.0,1.0,1,track_1,,unknown,unknown
4041.0,4042.0,1.0,1,track_0,,unknown,unknown
4041.0,4042.0,1.0,1,track_1,,unknown,unknown
4042.0,4043.0,1.0,1,track_0,,unknown,unknown
4042.0,4043.0,1.0,1,track_1,,unknown,unknown
4043.0,4044.0,1.0,1,track_0,,unknown,unknown
4043.0,4044.0,1.0,1,track_1,,unknown,unknown
4044.0,4045.0,1.0,1,track_0,,top,back
4044.0,4045.0,1.0,1,track_1,,unknown,unknown
4045.0,4046.0,1.0,1,track_0,,unknown,unknown
4045.0,4046.0,1.0,1,track_1,,unknown,unknown
4046.0,4047.0,1.0,1,track_0,,unknown,unknown
4046.0,4047.0,1.0,1,track_1,,unknown,unknown
4047.0,4048.0,1.0,1,track_0,,unknown,unknown
4047.0,4048.0,1.0,1,track_1,,unknown,unknown
4048.0,4049.0,1.0,1,track_0,,unknown,unknown
4048.0,4049.0,1.0,1,track_1,,unknown,unknown
4049.0,4050.0,1.0,1,track_0,,unknown,unknown
4049.0,4050.0,1.0,1,track_1,,unknown,unknown
4050.0,4051.0,1.0,1,track_0,,unknown,unknown
4050.0,4051.0,1.0,1,track_1,,unknown,unknown
4051.0,4052.0,1.0,1,track_0,,unknown,unknown
4051.0,4052.0,1.0,1,track_1,,unknown,unknown
4052.0,4053.0,1.0,1,track_0,,top,back
4052.0,4053.0,1.0,1,track_1,,unknown,unknown
4053.0,4054.0,1.0,1,track_0,,top,back
4053.0,4054.0,1.0,1,track_1,,unknown,unknown
4054.0,4055.0,1.0,1,track_0,,unknown,unknown
4054.0,4055.0,1.0,1,track_1,,unknown,unknown
4055.0,4056.0,1.0,1,track_0,,unknown,unknown
4055.0,4056.0,1.0,1,track_1,,unknown,unknown
4056.0,4057.0,1.0,1,track_0,,unknown,unknown
4056.0,4057.0,1.0,1,track_1,,unknown,unknown
4057.0,4058.0,1.0,1,track_0,,top,back
4057.0,4058.0,1.0,1,track_1,,unknown,unknown
4058.0,4059.0,1.0,1,track_0,,unknown,unknown
4058.0,4059.0,1.0,1,track_1,,unknown,unknown
4059.0,4060.0,1.0,1,track_0,,unknown,unknown
4059.0,4060.0,1.0,1,track_1,,unknown,unknown
4060.0,4061.0,1.0,1,track_0,,unknown,unknown
4060.0,4061.0,1.0,1,track_1,,unknown,unknown
4061.0,4062.0,1.0,1,track_0,,unknown,unknown
4061.0,4062.0,1.0,1,track_1,,unknown,unknown
4062.0,4063.0,1.0,1,track_0,,unknown,unknown
4062.0,4063.0,1.0,1,track_1,,unknown,unknown
4063.0,4064.0,1.0,1,track_0,,unknown,unknown
4063.0,4064.0,1.0,1,track_1,,unknown,unknown
4064.0,4065.0,1.0,1,track_0,,unknown,unknown
4064.0,4065.0,1.0,1,track_1,,unknown,unknown
4065.0,4066.0,1.0,1,track_0,,unknown,unknown
4065.0,4066.0,1.0,1,track_1,,unknown,unknown
4066.0,4067.0,1.0,1,track_0,,unknown,unknown
4066.0,4067.0,1.0,1,track_1,,unknown,unknown
4067.0,4068.0,1.0,1,track_0,,unknown,unknown
4067.0,4068.0,1.0,1,track_1,,unknown,unknown
4068.0,4069.0,1.0,1,track_0,,unknown,unknown
4068.0,4069.0,1.0,1,track_1,,unknown,unknown
4069.0,4070.0,1.0,1,track_0,,unknown,unknown
4069.0,4070.0,1.0,1,track_1,,unknown,unknown
4070.0,4071.0,1.0,1,track_0,,unknown,unknown
4070.0,4071.0,1.0,1,track_1,,unknown,unknown
4071.0,4072.0,1.0,1,track_0,,top,back
4071.0,4072.0,1.0,1,track_1,,unknown,unknown
4072.0,4073.0,1.0,1,track_0,,unknown,unknown
4072.0,4073.0,1.0,1,track_1,,unknown,unknown
4073.0,4074.0,1.0,1,track_0,,unknown,unknown
4073.0,4074.0,1.0,1,track_1,,unknown,unknown
4074.0,4075.0,1.0,1,track_0,,unknown,unknown
4074.0,4075.0,1.0,1,track_1,,unknown,unknown
4075.0,4076.0,1.0,1,track_0,,unknown,unknown
4075.0,4076.0,1.0,1,track_1,,unknown,unknown
4076.0,4077.0,1.0,1,track_0,,unknown,unknown
4076.0,4077.0,1.0,1,track_1,,unknown,unknown
4077.0,4078.0,1.0,1,track_0,,unknown,unknown
4077.0,4078.0,1.0,1,track_1,,unknown,unknown
4078.0,4079.0,1.0,1,track_0,,top,back
4078.0,4079.0,1.0,1,track_1,,unknown,unknown
4079.0,4080.0,1.0,1,track_0,,unknown,unknown
4079.0,4080.0,1.0,1,track_1,,unknown,unknown
4080.0,4081.0,1.0,1,track_0,,unknown,unknown
4080.0,4081.0,1.0,1,track_1,,unknown,unknown
4081.0,4082.0,1.0,1,track_0,,unknown,unknown
4081.0,4082.0,1.0,1,track_1,,unknown,unknown
4082.0,4083.0,1.0,1,track_0,,top,back
4082.0,4083.0,1.0,1,track_1,,unknown,unknown
4083.0,4084.0,1.0,1,track_0,,top,back
4083.0,4084.0,1.0,1,track_1,,unknown,unknown
4084.0,4085.0,1.0,1,track_0,,unknown,unknown
4084.0,4085.0,1.0,1,track_1,,unknown,unknown
4085.0,4086.0,1.0,1,track_0,,unknown,unknown
4085.0,4086.0,1.0,1,track_1,,unknown,unknown
4086.0,4087.0,1.0,1,track_0,,unknown,unknown
4086.0,4087.0,1.0,1,track_1,,unknown,unknown
4087.0,4088.0,1.0,1,track_0,,unknown,unknown
4087.0,4088.0,1.0,1,track_1,,unknown,unknown
4088.0,4089.0,1.0,1,track_0,,unknown,standing
4088.0,4089.0,1.0,1,track_1,,unknown,unknown
4089.0,4090.0,1.0,1,track_0,,unknown,unknown
4089.0,4090.0,1.0,1,track_1,,unknown,unknown
4090.0,4091.0,1.0,1,track_0,,unknown,unknown
4090.0,4091.0,1.0,1,track_1,,unknown,unknown
4091.0,4092.0,1.0,1,track_0,,unknown,unknown
4091.0,4092.0,1.0,1,track_1,,unknown,unknown
4092.0,4093.0,1.0,1,track_0,,unknown,unknown
4092.0,4093.0,1.0,1,track_1,,unknown,unknown
4093.0,4094.0,1.0,1,track_0,,unknown,unknown
4093.0,4094.0,1.0,1,track_1,,unknown,unknown
4094.0,4095.0,1.0,1,track_0,,unknown,unknown
4094.0,4095.0,1.0,1,track_1,,unknown,unknown
4095.0,4096.0,1.0,1,track_0,,unknown,unknown
4095.0,4096.0,1.0,1,track_1,,unknown,unknown
4096.0,4097.0,1.0,1,track_0,,unknown,unknown
4096.0,4097.0,1.0,1,track_1,,unknown,unknown
4097.0,4098.0,1.0,1,track_0,,unknown,unknown
4097.0,4098.0,1.0,1,track_1,,unknown,unknown
4098.0,4099.0,1.0,1,track_0,,unknown,unknown
4098.0,4099.0,1.0,1,track_1,,unknown,unknown
4099.0,4100.0,1.0,1,track_0,,unknown,unknown
4099.0,4100.0,1.0,1,track_1,,unknown,unknown
4100.0,4101.0,1.0,1,track_0,,unknown,unknown
4100.0,4101.0,1.0,1,track_1,,unknown,unknown
4101.0,4102.0,1.0,1,track_0,,unknown,unknown
4101.0,4102.0,1.0,1,track_1,,unknown,unknown
4102.0,4103.0,1.0,1,track_0,,unknown,unknown
4102.0,4103.0,1.0,1,track_1,,unknown,unknown
4103.0,4104.0,1.0,1,track_0,,unknown,unknown
4103.0,4104.0,1.0,1,track_1,,unknown,unknown
4104.0,4105.0,1.0,1,track_0,,unknown,unknown
4104.0,4105.0,1.0,1,track_1,,unknown,unknown
4105.0,4106.0,1.0,1,track_0,,unknown,unknown
4105.0,4106.0,1.0,1,track_1,,unknown,unknown
4106.0,4107.0,1.0,1,track_0,,unknown,unknown
4106.0,4107.0,1.0,1,track_1,,unknown,unknown
4107.0,4108.0,1.0,1,track_0,,unknown,unknown
4107.0,4108.0,1.0,1,track_1,,unknown,unknown
4108.0,4109.0,1.0,1,track_0,,unknown,unknown
4108.0,4109.0,1.0,1,track_1,,unknown,unknown
4109.0,4110.0,1.0,1,track_0,,unknown,unknown
4109.0,4110.0,1.0,1,track_1,,unknown,unknown
4110.0,4111.0,1.0,1,track_0,,unknown,unknown
4110.0,4111.0,1.0,1,track_1,,unknown,unknown
4111.0,4112.0,1.0,1,track_0,,unknown,unknown
4111.0,4112.0,1.0,1,track_1,,unknown,unknown
4112.0,4113.0,1.0,1,track_0,,unknown,unknown
4112.0,4113.0,1.0,1,track_1,,unknown,unknown
4113.0,4114.0,1.0,1,track_0,,unknown,unknown
4113.0,4114.0,1.0,1,track_1,,unknown,unknown
4114.0,4115.0,1.0,1,track_0,,unknown,unknown
4114.0,4115.0,1.0,1,track_1,,unknown,unknown
4115.0,4116.0,1.0,1,track_0,,unknown,unknown
4115.0,4116.0,1.0,1,track_1,,unknown,unknown
4116.0,4117.0,1.0,1,track_0,,unknown,unknown
4116.0,4117.0,1.0,1,track_1,,unknown,unknown
4117.0,4118.0,1.0,1,track_0,,unknown,unknown
4117.0,4118.0,1.0,1,track_1,,unknown,unknown
4118.0,4119.0,1.0,1,track_0,,unknown,unknown
4118.0,4119.0,1.0,1,track_1,,unknown,unknown
4119.0,4120.0,1.0,1,track_0,,unknown,unknown
4119.0,4120.0,1.0,1,track_1,,unknown,unknown
4120.0,4121.0,1.0,1,track_0,,unknown,unknown
4120.0,4121.0,1.0,1,track_1,,unknown,unknown
4121.0,4122.0,1.0,1,track_0,,unknown,unknown
4121.0,4122.0,1.0,1,track_1,,unknown,unknown
4122.0,4123.0,1.0,1,track_0,,unknown,unknown
4122.0,4123.0,1.0,1,track_1,,unknown,unknown
4123.0,4124.0,1.0,1,track_0,,unknown,unknown
4123.0,4124.0,1.0,1,track_1,,unknown,unknown
4124.0,4125.0,1.0,1,track_0,,unknown,unknown
4124.0,4125.0,1.0,1,track_1,,unknown,unknown
4125.0,4126.0,1.0,1,track_0,,unknown,unknown
4125.0,4126.0,1.0,1,track_1,,unknown,unknown
4126.0,4127.0,1.0,1,track_0,,unknown,unknown
4126.0,4127.0,1.0,1,track_1,,unknown,unknown
4127.0,4128.0,1.0,1,track_0,,unknown,unknown
4127.0,4128.0,1.0,1,track_1,,unknown,unknown
4128.0,4129.0,1.0,1,track_0,,unknown,unknown
4128.0,4129.0,1.0,1,track_1,,unknown,unknown
4129.0,4130.0,1.0,1,track_0,,unknown,unknown
4129.0,4130.0,1.0,1,track_1,,unknown,unknown
4130.0,4131.0,1.0,1,track_0,,unknown,unknown
4130.0,4131.0,1.0,1,track_1,,unknown,unknown
4131.0,4132.0,1.0,1,track_0,,unknown,unknown
4131.0,4132.0,1.0,1,track_1,,unknown,unknown
4132.0,4133.0,1.0,1,track_0,,unknown,unknown
4132.0,4133.0,1.0,1,track_1,,unknown,unknown
4133.0,4134.0,1.0,1,track_0,,unknown,unknown
4133.0,4134.0,1.0,1,track_1,,unknown,unknown
4134.0,4135.0,1.0,1,track_0,,unknown,unknown
4134.0,4135.0,1.0,1,track_1,,unknown,unknown
4135.0,4136.0,1.0,1,track_0,,unknown,unknown
4135.0,4136.0,1.0,1,track_1,,unknown,unknown
4136.0,4137.0,1.0,1,track_0,,unknown,unknown
4136.0,4137.0,1.0,1,track_1,,unknown,unknown
4137.0,4138.0,1.0,1,track_0,,unknown,unknown
4137.0,4138.0,1.0,1,track_1,,unknown,unknown
4138.0,4139.0,1.0,1,track_0,,unknown,unknown
4138.0,4139.0,1.0,1,track_1,,unknown,unknown
4139.0,4140.0,1.0,1,track_0,,unknown,unknown
4139.0,4140.0,1.0,1,track_1,,unknown,unknown
4140.0,4141.0,1.0,1,track_0,,unknown,unknown
4140.0,4141.0,1.0,1,track_1,,unknown,unknown
4141.0,4142.0,1.0,1,track_0,,unknown,unknown
4141.0,4142.0,1.0,1,track_1,,unknown,unknown
4142.0,4143.0,1.0,1,track_0,,unknown,unknown
4142.0,4143.0,1.0,1,track_1,,unknown,unknown
4143.0,4144.0,1.0,1,track_0,,bottom,takedown
4143.0,4144.0,1.0,1,track_1,,unknown,unknown
4144.0,4145.0,1.0,1,track_0,,unknown,unknown
4144.0,4145.0,1.0,1,track_1,,unknown,unknown
4145.0,4146.0,1.0,1,track_0,,unknown,unknown
4145.0,4146.0,1.0,1,track_1,,unknown,unknown
4146.0,4147.0,1.0,1,track_0,,unknown,standing
4146.0,4147.0,1.0,1,track_1,,unknown,unknown
4147.0,4148.0,1.0,1,track_0,,unknown,unknown
4147.0,4148.0,1.0,1,track_1,,unknown,unknown
4148.0,4149.0,1.0,1,track_0,,unknown,unknown
4148.0,4149.0,1.0,1,track_1,,unknown,unknown
4149.0,4150.0,1.0,1,track_0,,unknown,unknown
4149.0,4150.0,1.0,1,track_1,,unknown,unknown
4150.0,4151.0,1.0,1,track_0,,unknown,unknown
4150.0,4151.0,1.0,1,track_1,,unknown,unknown
4151.0,4152.0,1.0,1,track_0,,unknown,unknown
4151.0,4152.0,1.0,1,track_1,,unknown,unknown
4152.0,4153.0,1.0,1,track_0,,unknown,unknown
4152.0,4153.0,1.0,1,track_1,,unknown,unknown
4153.0,4154.0,1.0,1,track_0,,unknown,unknown
4153.0,4154.0,1.0,1,track_1,,unknown,unknown
4154.0,4155.0,1.0,1,track_0,,unknown,unknown
4154.0,4155.0,1.0,1,track_1,,unknown,unknown
4155.0,4156.0,1.0,1,track_0,,unknown,unknown
4155.0,4156.0,1.0,1,track_1,,unknown,unknown
4156.0,4157.0,1.0,1,track_0,,unknown,unknown
4156.0,4157.0,1.0,1,track_1,,unknown,unknown
4157.0,4158.0,1.0,1,track_0,,unknown,unknown
4157.0,4158.0,1.0,1,track_1,,unknown,unknown
4158.0,4159.0,1.0,1,track_0,,unknown,unknown
4158.0,4159.0,1.0,1,track_1,,unknown,unknown
4159.0,4160.0,1.0,1,track_0,,unknown,unknown
4159.0,4160.0,1.0,1,track_1,,unknown,unknown
4160.0,4161.0,1.0,1,track_0,,unknown,unknown
4160.0,4161.0,1.0,1,track_1,,unknown,unknown
4161.0,4162.0,1.0,1,track_0,,unknown,unknown
4161.0,4162.0,1.0,1,track_1,,unknown,unknown
4162.0,4163.0,1.0,1,track_0,,unknown,unknown
4162.0,4163.0,1.0,1,track_1,,unknown,unknown
4163.0,4164.0,1.0,1,track_0,,unknown,unknown
4163.0,4164.0,1.0,1,track_1,,unknown,unknown
4164.0,4165.0,1.0,1,track_0,,unknown,unknown
4164.0,4165.0,1.0,1,track_1,,unknown,unknown
4165.0,4166.0,1.0,1,track_0,,unknown,unknown
4165.0,4166.0,1.0,1,track_1,,unknown,unknown
4166.0,4167.0,1.0,1,track_0,,unknown,unknown
4166.0,4167.0,1.0,1,track_1,,unknown,unknown
4167.0,4168.0,1.0,1,track_0,,unknown,unknown
4167.0,4168.0,1.0,1,track_1,,unknown,unknown
4168.0,4169.0,1.0,1,track_0,,unknown,unknown
4168.0,4169.0,1.0,1,track_1,,unknown,unknown
4169.0,4170.0,1.0,1,track_0,,unknown,unknown
4169.0,4170.0,1.0,1,track_1,,unknown,unknown
4170.0,4171.0,1.0,1,track_0,,unknown,unknown
4170.0,4171.0,1.0,1,track_1,,unknown,unknown
4171.0,4172.0,1.0,1,track_0,,unknown,unknown
4171.0,4172.0,1.0,1,track_1,,unknown,unknown
4172.0,4173.0,1.0,1,track_0,,unknown,unknown
4172.0,4173.0,1.0,1,track_1,,unknown,unknown
4173.0,4174.0,1.0,1,track_0,,unknown,unknown
4173.0,4174.0,1.0,1,track_1,,unknown,unknown
4174.0,4175.0,1.0,1,track_0,,unknown,unknown
4174.0,4175.0,1.0,1,track_1,,unknown,unknown
4175.0,4176.0,1.0,1,track_0,,unknown,unknown
4175.0,4176.0,1.0,1,track_1,,unknown,unknown
4176.0,4177.0,1.0,1,track_0,,unknown,unknown
4176.0,4177.0,1.0,1,track_1,,unknown,unknown
4177.0,4178.0,1.0,1,track_0,,unknown,unknown
4177.0,4178.0,1.0,1,track_1,,unknown,unknown
4178.0,4179.0,1.0,1,track_0,,unknown,unknown
4178.0,4179.0,1.0,1,track_1,,unknown,unknown
4179.0,4180.0,1.0,1,track_0,,unknown,unknown
4179.0,4180.0,1.0,1,track_1,,unknown,unknown
4180.0,4181.0,1.0,1,track_0,,unknown,unknown
4180.0,4181.0,1.0,1,track_1,,unknown,unknown
4181.0,4182.0,1.0,1,track_0,,unknown,unknown
4181.0,4182.0,1.0,1,track_1,,unknown,unknown
4182.0,4183.0,1.0,1,track_0,,unknown,unknown
4182.0,4183.0,1.0,1,track_1,,unknown,unknown
4183.0,4184.0,1.0,1,track_0,,unknown,unknown
4183.0,4184.0,1.0,1,track_1,,unknown,unknown
4184.0,4185.0,1.0,1,track_0,,unknown,unknown
4184.0,4185.0,1.0,1,track_1,,unknown,unknown
4185.0,4186.0,1.0,1,track_0,,unknown,unknown
4185.0,4186.0,1.0,1,track_1,,unknown,unknown
4186.0,4187.0,1.0,1,track_0,,unknown,unknown
4186.0,4187.0,1.0,1,track_1,,unknown,unknown
4187.0,4188.0,1.0,1,track_0,,unknown,unknown
4187.0,4188.0,1.0,1,track_1,,unknown,unknown
4188.0,4189.0,1.0,1,track_0,,unknown,unknown
4188.0,4189.0,1.0,1,track_1,,unknown,unknown
4189.0,4190.0,1.0,1,track_0,,unknown,unknown
4189.0,4190.0,1.0,1,track_1,,unknown,unknown
4190.0,4191.0,1.0,1,track_0,,unknown,unknown
4190.0,4191.0,1.0,1,track_1,,unknown,unknown
4191.0,4192.0,1.0,1,track_0,,unknown,unknown
4191.0,4192.0,1.0,1,track_1,,unknown,unknown
4192.0,4193.0,1.0,1,track_0,,unknown,unknown
4192.0,4193.0,1.0,1,track_1,,unknown,unknown
4193.0,4194.0,1.0,1,track_0,,unknown,unknown
4193.0,4194.0,1.0,1,track_1,,unknown,unknown
4194.0,4195.0,1.0,1,track_0,,unknown,unknown
4194.0,4195.0,1.0,1,track_1,,unknown,unknown
4195.0,4196.0,1.0,1,track_0,,unknown,unknown
4195.0,4196.0,1.0,1,track_1,,unknown,unknown
4196.0,4197.0,1.0,1,track_0,,unknown,unknown
4196.0,4197.0,1.0,1,track_1,,unknown,unknown
4197.0,4198.0,1.0,1,track_0,,unknown,unknown
4197.0,4198.0,1.0,1,track_1,,unknown,unknown
4198.0,4199.0,1.0,1,track_0,,unknown,unknown
4198.0,4199.0,1.0,1,track_1,,unknown,unknown
4199.0,4200.0,1.0,1,track_0,,unknown,unknown
4199.0,4200.0,1.0,1,track_1,,unknown,unknown
4200.0,4201.0,1.0,1,track_0,,unknown,unknown
4200.0,4201.0,1.0,1,track_1,,unknown,unknown
4201.0,4202.0,1.0,1,track_0,,unknown,unknown
4201.0,4202.0,1.0,1,track_1,,unknown,unknown
4202.0,4203.0,1.0,1,track_0,,unknown,unknown
4202.0,4203.0,1.0,1,track_1,,unknown,unknown
4203.0,4204.0,1.0,1,track_0,,unknown,standing
4203.0,4204.0,1.0,1,track_1,,unknown,unknown
4204.0,4205.0,1.0,1,track_0,,unknown,unknown
4204.0,4205.0,1.0,1,track_1,,unknown,unknown
4205.0,4206.0,1.0,1,track_0,,unknown,unknown
4205.0,4206.0,1.0,1,track_1,,unknown,unknown
4206.0,4207.0,1.0,1,track_0,,unknown,unknown
4206.0,4207.0,1.0,1,track_1,,unknown,unknown
4207.0,4208.0,1.0,1,track_0,,unknown,unknown
4207.0,4208.0,1.0,1,track_1,,unknown,unknown
4208.0,4209.0,1.0,1,track_0,,unknown,unknown
4208.0,4209.0,1.0,1,track_1,,unknown,unknown
4209.0,4210.0,1.0,1,track_0,,unknown,unknown
4209.0,4210.0,1.0,1,track_1,,unknown,unknown
4210.0,4211.0,1.0,1,track_0,,unknown,unknown
4210.0,4211.0,1.0,1,track_1,,unknown,unknown
4211.0,4212.0,1.0,1,track_0,,unknown,unknown
4211.0,4212.0,1.0,1,track_1,,unknown,unknown
4212.0,4213.0,1.0,1,track_0,,unknown,unknown
4212.0,4213.0,1.0,1,track_1,,unknown,unknown
4213.0,4214.0,1.0,1,track_0,,unknown,unknown
4213.0,4214.0,1.0,1,track_1,,unknown,unknown
4214.0,4215.0,1.0,1,track_0,,unknown,unknown
4214.0,4215.0,1.0,1,track_1,,unknown,unknown
4215.0,4216.0,1.0,1,track_0,,unknown,unknown
4215.0,4216.0,1.0,1,track_1,,unknown,unknown
4216.0,4217.0,1.0,1,track_0,,unknown,unknown
4216.0,4217.0,1.0,1,track_1,,unknown,unknown
4217.0,4218.0,1.0,1,track_0,,unknown,unknown
4217.0,4218.0,1.0,1,track_1,,unknown,unknown
4218.0,4219.0,1.0,1,track_0,,unknown,unknown
4218.0,4219.0,1.0,1,track_1,,unknown,unknown
4219.0,4220.0,1.0,1,track_0,,unknown,unknown
4219.0,4220.0,1.0,1,track_1,,unknown,unknown
4220.0,4221.0,1.0,1,track_0,,unknown,standing
4220.0,4221.0,1.0,1,track_1,,unknown,unknown
4221.0,4222.0,1.0,1,track_0,,unknown,unknown
4221.0,4222.0,1.0,1,track_1,,unknown,unknown
4222.0,4223.0,1.0,1,track_0,,unknown,unknown
4222.0,4223.0,1.0,1,track_1,,unknown,unknown
4223.0,4224.0,1.0,1,track_0,,unknown,unknown
4223.0,4224.0,1.0,1,track_1,,unknown,unknown
4224.0,4225.0,1.0,1,track_0,,unknown,unknown
4224.0,4225.0,1.0,1,track_1,,unknown,unknown
4225.0,4226.0,1.0,1,track_0,,unknown,unknown
4225.0,4226.0,1.0,1,track_1,,unknown,unknown
4226.0,4227.0,1.0,1,track_0,,unknown,unknown
4226.0,4227.0,1.0,1,track_1,,unknown,unknown
4227.0,4228.0,1.0,1,track_0,,unknown,unknown
4227.0,4228.0,1.0,1,track_1,,unknown,unknown
4228.0,4229.0,1.0,1,track_0,,unknown,unknown
4228.0,4229.0,1.0,1,track_1,,unknown,unknown
4229.0,4230.0,1.0,1,track_0,,unknown,unknown
4229.0,4230.0,1.0,1,track_1,,unknown,unknown
4230.0,4231.0,1.0,1,track_0,,unknown,unknown
4230.0,4231.0,1.0,1,track_1,,unknown,unknown
4231.0,4232.0,1.0,1,track_0,,unknown,unknown
4231.0,4232.0,1.0,1,track_1,,unknown,unknown
4232.0,4233.0,1.0,1,track_0,,unknown,unknown
4232.0,4233.0,1.0,1,track_1,,unknown,unknown
4233.0,4234.0,1.0,1,track_0,,unknown,unknown
4233.0,4234.0,1.0,1,track_1,,unknown,unknown
4234.0,4235.0,1.0,1,track_0,,unknown,unknown
4234.0,4235.0,1.0,1,track_1,,unknown,unknown
4235.0,4236.0,1.0,1,track_0,,unknown,unknown
4235.0,4236.0,1.0,1,track_1,,unknown,unknown
4236.0,4237.0,1.0,1,track_0,,unknown,unknown
4236.0,4237.0,1.0,1,track_1,,unknown,unknown
4237.0,4238.0,1.0,1,track_0,,bottom,open guard
4237.0,4238.0,1.0,1,track_1,,unknown,unknown
4238.0,4239.0,1.0,1,track_0,,bottom,open guard
4238.0,4239.0,1.0,1,track_1,,unknown,unknown
4239.0,4240.0,1.0,1,track_0,,unknown,unknown
4239.0,4240.0,1.0,1,track_1,,unknown,unknown
4240.0,4241.0,1.0,1,track_0,,unknown,unknown
4240.0,4241.0,1.0,1,track_1,,unknown,unknown
4241.0,4242.0,1.0,1,track_0,,unknown,unknown
4241.0,4242.0,1.0,1,track_1,,unknown,unknown
4242.0,4243.0,1.0,1,track_0,,unknown,unknown
4242.0,4243.0,1.0,1,track_1,,unknown,unknown
4243.0,4244.0,1.0,1,track_0,,unknown,unknown
4243.0,4244.0,1.0,1,track_1,,unknown,unknown
4244.0,4245.0,1.0,1,track_0,,unknown,unknown
4244.0,4245.0,1.0,1,track_1,,unknown,unknown
4245.0,4246.0,1.0,1,track_0,,unknown,unknown
4245.0,4246.0,1.0,1,track_1,,unknown,unknown
4246.0,4247.0,1.0,1,track_0,,unknown,unknown
4246.0,4247.0,1.0,1,track_1,,unknown,unknown
4247.0,4248.0,1.0,1,track_0,,unknown,unknown
4247.0,4248.0,1.0,1,track_1,,unknown,unknown
4248.0,4249.0,1.0,1,track_0,,unknown,unknown
4248.0,4249.0,1.0,1,track_1,,unknown,unknown
4249.0,4250.0,1.0,1,track_0,,unknown,unknown
4249.0,4250.0,1.0,1,track_1,,unknown,unknown
4250.0,4251.0,1.0,1,track_0,,unknown,unknown
4250.0,4251.0,1.0,1,track_1,,unknown,unknown
4251.0,4252.0,1.0,1,track_0,,unknown,unknown
4251.0,4252.0,1.0,1,track_1,,unknown,unknown
4252.0,4253.0,1.0,1,track_0,,bottom,takedown
4252.0,4253.0,1.0,1,track_1,,unknown,unknown
4253.0,4254.0,1.0,1,track_0,,unknown,unknown
4253.0,4254.0,1.0,1,track_1,,unknown,unknown
4254.0,4255.0,1.0,1,track_0,,unknown,unknown
4254.0,4255.0,1.0,1,track_1,,unknown,unknown
4255.0,4256.0,1.0,1,track_0,,unknown,unknown
4255.0,4256.0,1.0,1,track_1,,unknown,unknown
4256.0,4257.0,1.0,1,track_0,,unknown,unknown
4256.0,4257.0,1.0,1,track_1,,unknown,unknown
4257.0,4258.0,1.0,1,track_0,,unknown,unknown
4257.0,4258.0,1.0,1,track_1,,unknown,unknown
4258.0,4259.0,1.0,1,track_0,,unknown,unknown
4258.0,4259.0,1.0,1,track_1,,unknown,unknown
4259.0,4260.0,1.0,1,track_0,,unknown,unknown
4259.0,4260.0,1.0,1,track_1,,unknown,unknown
4260.0,4261.0,1.0,1,track_0,,unknown,unknown
4260.0,4261.0,1.0,1,track_1,,unknown,unknown
4261.0,4262.0,1.0,1,track_0,,unknown,unknown
4261.0,4262.0,1.0,1,track_1,,unknown,unknown
4262.0,4263.0,1.0,1,track_0,,unknown,unknown
4262.0,4263.0,1.0,1,track_1,,unknown,unknown
4263.0,4264.0,1.0,1,track_0,,unknown,unknown
4263.0,4264.0,1.0,1,track_1,,unknown,unknown
4264.0,4265.0,1.0,1,track_0,,unknown,unknown
4264.0,4265.0,1.0,1,track_1,,unknown,unknown
4265.0,4266.0,1.0,1,track_0,,unknown,unknown
4265.0,4266.0,1.0,1,track_1,,unknown,unknown
4266.0,4267.0,1.0,1,track_0,,unknown,unknown
4266.0,4267.0,1.0,1,track_1,,unknown,unknown
4267.0,4268.0,1.0,1,track_0,,unknown,unknown
4267.0,4268.0,1.0,1,track_1,,unknown,unknown
4268.0,4269.0,1.0,1,track_0,,unknown,unknown
4268.0,4269.0,1.0,1,track_1,,unknown,unknown
4269.0,4270.0,1.0,1,track_0,,unknown,unknown
4269.0,4270.0,1.0,1,track_1,,unknown,unknown
4270.0,4271.0,1.0,1,track_0,,unknown,unknown
4270.0,4271.0,1.0,1,track_1,,unknown,unknown
4271.0,4272.0,1.0,1,track_0,,unknown,unknown
4271.0,4272.0,1.0,1,track_1,,unknown,unknown
4272.0,4273.0,1.0,1,track_0,,unknown,unknown
4272.0,4273.0,1.0,1,track_1,,unknown,unknown
4273.0,4274.0,1.0,1,track_0,,unknown,unknown
4273.0,4274.0,1.0,1,track_1,,unknown,unknown
4274.0,4275.0,1.0,1,track_0,,unknown,unknown
4274.0,4275.0,1.0,1,track_1,,unknown,unknown
4275.0,4276.0,1.0,1,track_0,,unknown,unknown
4275.0,4276.0,1.0,1,track_1,,unknown,unknown
4276.0,4277.0,1.0,1,track_0,,bottom,open guard
4276.0,4277.0,1.0,1,track_1,,unknown,unknown
4277.0,4278.0,1.0,1,track_0,,bottom,open guard
4277.0,4278.0,1.0,1,track_1,,unknown,unknown
4278.0,4279.0,1.0,1,track_0,,unknown,unknown
4278.0,4279.0,1.0,1,track_1,,unknown,unknown
4279.0,4280.0,1.0,1,track_0,,unknown,unknown
4279.0,4280.0,1.0,1,track_1,,unknown,unknown
4280.0,4281.0,1.0,1,track_0,,bottom,open guard
4280.0,4281.0,1.0,1,track_1,,unknown,unknown
4281.0,4282.0,1.0,1,track_0,,bottom,open guard
4281.0,4282.0,1.0,1,track_1,,unknown,unknown
4282.0,4283.0,1.0,1,track_0,,bottom,open guard
4282.0,4283.0,1.0,1,track_1,,unknown,unknown
4283.0,4284.0,1.0,1,track_0,,bottom,open guard
4283.0,4284.0,1.0,1,track_1,,unknown,unknown
4284.0,4285.0,1.0,1,track_0,,bottom,open guard
4284.0,4285.0,1.0,1,track_1,,unknown,unknown
4285.0,4286.0,1.0,1,track_0,,unknown,unknown
4285.0,4286.0,1.0,1,track_1,,unknown,unknown
4286.0,4287.0,1.0,1,track_0,,unknown,unknown
4286.0,4287.0,1.0,1,track_1,,unknown,unknown
4287.0,4288.0,1.0,1,track_0,,unknown,unknown
4287.0,4288.0,1.0,1,track_1,,unknown,unknown
4288.0,4289.0,1.0,1,track_0,,unknown,unknown
4288.0,4289.0,1.0,1,track_1,,unknown,unknown
4289.0,4290.0,1.0,1,track_0,,unknown,unknown
4289.0,4290.0,1.0,1,track_1,,unknown,unknown
4290.0,4291.0,1.0,1,track_0,,unknown,unknown
4290.0,4291.0,1.0,1,track_1,,unknown,unknown
4291.0,4292.0,1.0,1,track_0,,unknown,unknown
4291.0,4292.0,1.0,1,track_1,,unknown,unknown
4292.0,4293.0,1.0,1,track_0,,unknown,unknown
4292.0,4293.0,1.0,1,track_1,,unknown,unknown
4293.0,4294.0,1.0,1,track_0,,unknown,unknown
4293.0,4294.0,1.0,1,track_1,,unknown,unknown
4294.0,4295.0,1.0,1,track_0,,unknown,unknown
4294.0,4295.0,1.0,1,track_1,,unknown,unknown
4295.0,4296.0,1.0,1,track_0,,unknown,unknown
4295.0,4296.0,1.0,1,track_1,,unknown,unknown
4296.0,4297.0,1.0,1,track_0,,unknown,unknown
4296.0,4297.0,1.0,1,track_1,,unknown,unknown
4297.0,4298.0,1.0,1,track_0,,unknown,unknown
4297.0,4298.0,1.0,1,track_1,,unknown,unknown
4298.0,4299.0,1.0,1,track_0,,unknown,unknown
4298.0,4299.0,1.0,1,track_1,,unknown,unknown
4299.0,4300.0,1.0,1,track_0,,unknown,unknown
4299.0,4300.0,1.0,1,track_1,,unknown,unknown
4300.0,4301.0,1.0,1,track_0,,unknown,unknown
4300.0,4301.0,1.0,1,track_1,,unknown,unknown
4301.0,4302.0,1.0,1,track_0,,unknown,unknown
4301.0,4302.0,1.0,1,track_1,,unknown,unknown
4302.0,4303.0,1.0,1,track_0,,unknown,unknown
4302.0,4303.0,1.0,1,track_1,,unknown,unknown
4303.0,4304.0,1.0,1,track_0,,unknown,unknown
4303.0,4304.0,1.0,1,track_1,,unknown,unknown
4304.0,4305.0,1.0,1,track_0,,unknown,unknown
4304.0,4305.0,1.0,1,track_1,,unknown,unknown
4305.0,4306.0,1.0,1,track_0,,unknown,unknown
4305.0,4306.0,1.0,1,track_1,,unknown,unknown
4306.0,4307.0,1.0,1,track_0,,unknown,unknown
4306.0,4307.0,1.0,1,track_1,,unknown,unknown
4307.0,4308.0,1.0,1,track_0,,unknown,unknown
4307.0,4308.0,1.0,1,track_1,,unknown,unknown
4308.0,4309.0,1.0,1,track_0,,unknown,unknown
4308.0,4309.0,1.0,1,track_1,,unknown,unknown
4309.0,4310.0,1.0,1,track_0,,unknown,unknown
4309.0,4310.0,1.0,1,track_1,,unknown,unknown
4310.0,4311.0,1.0,1,track_0,,unknown,unknown
4310.0,4311.0,1.0,1,track_1,,unknown,unknown
4311.0,4312.0,1.0,1,track_0,,unknown,standing
4311.0,4312.0,1.0,1,track_1,,unknown,unknown
4312.0,4313.0,1.0,1,track_0,,unknown,unknown
4312.0,4313.0,1.0,1,track_1,,unknown,unknown
4313.0,4314.0,1.0,1,track_0,,unknown,unknown
4313.0,4314.0,1.0,1,track_1,,unknown,unknown
4314.0,4315.0,1.0,1,track_0,,unknown,unknown
4314.0,4315.0,1.0,1,track_1,,unknown,unknown
4315.0,4316.0,1.0,1,track_0,,unknown,unknown
4315.0,4316.0,1.0,1,track_1,,unknown,unknown
4316.0,4317.0,1.0,1,track_0,,unknown,unknown
4316.0,4317.0,1.0,1,track_1,,unknown,unknown
4317.0,4318.0,1.0,1,track_0,,unknown,standing
4317.0,4318.0,1.0,1,track_1,,unknown,unknown
4318.0,4319.0,1.0,1,track_0,,unknown,unknown
4318.0,4319.0,1.0,1,track_1,,unknown,unknown
4319.0,4320.0,1.0,1,track_0,,unknown,unknown
4319.0,4320.0,1.0,1,track_1,,unknown,unknown
4320.0,4321.0,1.0,1,track_0,,unknown,unknown
4320.0,4321.0,1.0,1,track_1,,unknown,unknown
4321.0,4322.0,1.0,1,track_0,,unknown,unknown
4321.0,4322.0,1.0,1,track_1,,unknown,unknown
4322.0,4323.0,1.0,1,track_0,,unknown,standing
4322.0,4323.0,1.0,1,track_1,,unknown,unknown
4323.0,4324.0,1.0,1,track_0,,unknown,unknown
4323.0,4324.0,1.0,1,track_1,,unknown,unknown
4324.0,4325.0,1.0,1,track_0,,unknown,unknown
4324.0,4325.0,1.0,1,track_1,,unknown,unknown
4325.0,4326.0,1.0,1,track_0,,unknown,unknown
4325.0,4326.0,1.0,1,track_1,,unknown,unknown
4326.0,4327.0,1.0,1,track_0,,unknown,unknown
4326.0,4327.0,1.0,1,track_1,,unknown,unknown
4327.0,4328.0,1.0,1,track_0,,unknown,unknown
4327.0,4328.0,1.0,1,track_1,,unknown,unknown
4328.0,4329.0,1.0,1,track_0,,unknown,unknown
4328.0,4329.0,1.0,1,track_1,,unknown,unknown
4329.0,4330.0,1.0,1,track_0,,unknown,unknown
4329.0,4330.0,1.0,1,track_1,,unknown,unknown
4330.0,4331.0,1.0,1,track_0,,unknown,unknown
4330.0,4331.0,1.0,1,track_1,,unknown,unknown
4331.0,4332.0,1.0,1,track_0,,unknown,unknown
4331.0,4332.0,1.0,1,track_1,,unknown,unknown
4332.0,4333.0,1.0,1,track_0,,unknown,unknown
4332.0,4333.0,1.0,1,track_1,,unknown,unknown
4333.0,4334.0,1.0,1,track_0,,unknown,unknown
4333.0,4334.0,1.0,1,track_1,,unknown,unknown
4334.0,4335.0,1.0,1,track_0,,unknown,unknown
4334.0,4335.0,1.0,1,track_1,,unknown,unknown
4335.0,4336.0,1.0,1,track_0,,unknown,unknown
4335.0,4336.0,1.0,1,track_1,,unknown,unknown
4336.0,4337.0,1.0,1,track_0,,unknown,unknown
4336.0,4337.0,1.0,1,track_1,,unknown,unknown
4337.0,4338.0,1.0,1,track_0,,unknown,unknown
4337.0,4338.0,1.0,1,track_1,,unknown,unknown
4338.0,4339.0,1.0,1,track_0,,unknown,unknown
4338.0,4339.0,1.0,1,track_1,,unknown,unknown
4339.0,4340.0,1.0,1,track_0,,unknown,unknown
4339.0,4340.0,1.0,1,track_1,,unknown,unknown
4340.0,4341.0,1.0,1,track_0,,unknown,unknown
4340.0,4341.0,1.0,1,track_1,,unknown,unknown
4341.0,4342.0,1.0,1,track_0,,unknown,unknown
4341.0,4342.0,1.0,1,track_1,,unknown,unknown
4342.0,4343.0,1.0,1,track_0,,unknown,unknown
4342.0,4343.0,1.0,1,track_1,,unknown,unknown
4343.0,4344.0,1.0,1,track_0,,unknown,unknown
4343.0,4344.0,1.0,1,track_1,,unknown,unknown
4344.0,4345.0,1.0,1,track_0,,unknown,unknown
4344.0,4345.0,1.0,1,track_1,,unknown,unknown
4345.0,4346.0,1.0,1,track_0,,unknown,unknown
4345.0,4346.0,1.0,1,track_1,,unknown,unknown
4346.0,4347.0,1.0,1,track_0,,unknown,unknown
4346.0,4347.0,1.0,1,track_1,,unknown,unknown
4347.0,4348.0,1.0,1,track_0,,unknown,unknown
4347.0,4348.0,1.0,1,track_1,,unknown,unknown
4348.0,4349.0,1.0,1,track_0,,unknown,unknown
4348.0,4349.0,1.0,1,track_1,,unknown,unknown
4349.0,4350.0,1.0,1,track_0,,unknown,unknown
4349.0,4350.0,1.0,1,track_1,,unknown,unknown
4350.0,4351.0,1.0,1,track_0,,unknown,unknown
4350.0,4351.0,1.0,1,track_1,,unknown,unknown
4351.0,4352.0,1.0,1,track_0,,unknown,unknown
4351.0,4352.0,1.0,1,track_1,,unknown,unknown
4352.0,4353.0,1.0,1,track_0,,unknown,unknown
4352.0,4353.0,1.0,1,track_1,,unknown,unknown
4353.0,4354.0,1.0,1,track_0,,unknown,unknown
4353.0,4354.0,1.0,1,track_1,,unknown,unknown
4354.0,4355.0,1.0,1,track_0,,unknown,unknown
4354.0,4355.0,1.0,1,track_1,,unknown,unknown
4355.0,4356.0,1.0,1,track_0,,unknown,unknown
4355.0,4356.0,1.0,1,track_1,,unknown,unknown
4356.0,4357.0,1.0,1,track_0,,bottom,open guard
4356.0,4357.0,1.0,1,track_1,,unknown,unknown
4357.0,4358.0,1.0,1,track_0,,unknown,unknown
4357.0,4358.0,1.0,1,track_1,,unknown,unknown
4358.0,4359.0,1.0,1,track_0,,unknown,unknown
4358.0,4359.0,1.0,1,track_1,,unknown,unknown
4359.0,4360.0,1.0,1,track_0,,unknown,unknown
4359.0,4360.0,1.0,1,track_1,,unknown,unknown
4360.0,4361.0,1.0,1,track_0,,unknown,unknown
4360.0,4361.0,1.0,1,track_1,,unknown,unknown
4361.0,4362.0,1.0,1,track_0,,unknown,unknown
4361.0,4362.0,1.0,1,track_1,,unknown,unknown
4362.0,4363.0,1.0,1,track_0,,unknown,unknown
4362.0,4363.0,1.0,1,track_1,,unknown,unknown
4363.0,4364.0,1.0,1,track_0,,unknown,unknown
4363.0,4364.0,1.0,1,track_1,,unknown,unknown
4364.0,4365.0,1.0,1,track_0,,unknown,unknown
4364.0,4365.0,1.0,1,track_1,,unknown,unknown
4365.0,4366.0,1.0,1,track_0,,unknown,unknown
4365.0,4366.0,1.0,1,track_1,,unknown,unknown
4366.0,4367.0,1.0,1,track_0,,unknown,unknown
4366.0,4367.0,1.0,1,track_1,,unknown,unknown
4367.0,4368.0,1.0,1,track_0,,unknown,unknown
4367.0,4368.0,1.0,1,track_1,,unknown,unknown
4368.0,4369.0,1.0,1,track_0,,unknown,unknown
4368.0,4369.0,1.0,1,track_1,,unknown,unknown
4369.0,4370.0,1.0,1,track_0,,unknown,unknown
4369.0,4370.0,1.0,1,track_1,,unknown,unknown
4370.0,4371.0,1.0,1,track_0,,unknown,unknown
4370.0,4371.0,1.0,1,track_1,,unknown,unknown
4371.0,4372.0,1.0,1,track_0,,unknown,unknown
4371.0,4372.0,1.0,1,track_1,,unknown,unknown
4372.0,4373.0,1.0,1,track_0,,unknown,unknown
4372.0,4373.0,1.0,1,track_1,,unknown,unknown
4373.0,4374.0,1.0,1,track_0,,unknown,unknown
4373.0,4374.0,1.0,1,track_1,,unknown,unknown
4374.0,4375.0,1.0,1,track_0,,unknown,unknown
4374.0,4375.0,1.0,1,track_1,,unknown,unknown
4375.0,4376.0,1.0,1,track_0,,unknown,unknown
4375.0,4376.0,1.0,1,track_1,,unknown,unknown
4376.0,4377.0,1.0,1,track_0,,unknown,unknown
4376.0,4377.0,1.0,1,track_1,,unknown,unknown
4377.0,4378.0,1.0,1,track_0,,unknown,unknown
4377.0,4378.0,1.0,1,track_1,,unknown,unknown
4378.0,4379.0,1.0,1,track_0,,unknown,unknown
4378.0,4379.0,1.0,1,track_1,,unknown,unknown
4379.0,4380.0,1.0,1,track_0,,unknown,unknown
4379.0,4380.0,1.0,1,track_1,,unknown,unknown
4380.0,4381.0,1.0,1,track_0,,unknown,unknown
4380.0,4381.0,1.0,1,track_1,,unknown,unknown
4381.0,4382.0,1.0,1,track_0,,unknown,unknown
4381.0,4382.0,1.0,1,track_1,,unknown,unknown
4382.0,4383.0,1.0,1,track_0,,unknown,unknown
4382.0,4383.0,1.0,1,track_1,,unknown,unknown
4383.0,4384.0,1.0,1,track_0,,unknown,unknown
4383.0,4384.0,1.0,1,track_1,,unknown,unknown
4384.0,4385.0,1.0,1,track_0,,unknown,unknown
4384.0,4385.0,1.0,1,track_1,,unknown,unknown
4385.0,4386.0,1.0,1,track_0,,unknown,unknown
4385.0,4386.0,1.0,1,track_1,,unknown,unknown
4386.0,4387.0,1.0,1,track_0,,unknown,unknown
4386.0,4387.0,1.0,1,track_1,,unknown,unknown
4387.0,4388.0,1.0,1,track_0,,unknown,unknown
4387.0,4388.0,1.0,1,track_1,,unknown,unknown
4388.0,4389.0,1.0,1,track_0,,unknown,unknown
4388.0,4389.0,1.0,1,track_1,,unknown,unknown
4389.0,4390.0,1.0,1,track_0,,unknown,unknown
4389.0,4390.0,1.0,1,track_1,,unknown,unknown
4390.0,4391.0,1.0,1,track_0,,unknown,unknown
4390.0,4391.0,1.0,1,track_1,,unknown,unknown
4391.0,4392.0,1.0,1,track_0,,unknown,unknown
4391.0,4392.0,1.0,1,track_1,,unknown,unknown
4392.0,4393.0,1.0,1,track_0,,unknown,unknown
4392.0,4393.0,1.0,1,track_1,,unknown,unknown
4393.0,4394.0,1.0,1,track_0,,unknown,unknown
4393.0,4394.0,1.0,1,track_1,,unknown,unknown
4394.0,4395.0,1.0,1,track_0,,unknown,unknown
4394.0,4395.0,1.0,1,track_1,,unknown,unknown
4395.0,4396.0,1.0,1,track_0,,unknown,unknown
4395.0,4396.0,1.0,1,track_1,,unknown,unknown
4396.0,4397.0,1.0,1,track_0,,unknown,unknown
4396.0,4397.0,1.0,1,track_1,,unknown,unknown
4397.0,4398.0,1.0,1,track_0,,unknown,unknown
4397.0,4398.0,1.0,1,track_1,,unknown,unknown
4398.0,4399.0,1.0,1,track_0,,unknown,unknown
4398.0,4399.0,1.0,1,track_1,,unknown,unknown
4399.0,4400.0,1.0,1,track_0,,unknown,unknown
4399.0,4400.0,1.0,1,track_1,,unknown,unknown
4400.0,4401.0,1.0,1,track_0,,unknown,standing
4400.0,4401.0,1.0,1,track_1,,unknown,unknown
4401.0,4402.0,1.0,1,track_0,,unknown,unknown
4401.0,4402.0,1.0,1,track_1,,unknown,unknown
4402.0,4403.0,1.0,1,track_0,,unknown,unknown
4402.0,4403.0,1.0,1,track_1,,unknown,unknown
4403.0,4404.0,1.0,1,track_0,,unknown,unknown
4403.0,4404.0,1.0,1,track_1,,unknown,unknown
4404.0,4405.0,1.0,1,track_0,,unknown,unknown
4404.0,4405.0,1.0,1,track_1,,unknown,unknown
4405.0,4406.0,1.0,1,track_0,,unknown,unknown
4405.0,4406.0,1.0,1,track_1,,unknown,unknown
4406.0,4407.0,1.0,1,track_0,,unknown,unknown
4406.0,4407.0,1.0,1,track_1,,unknown,unknown
4407.0,4408.0,1.0,1,track_0,,unknown,unknown
4407.0,4408.0,1.0,1,track_1,,unknown,unknown
4408.0,4409.0,1.0,1,track_0,,unknown,unknown
4408.0,4409.0,1.0,1,track_1,,unknown,unknown
4409.0,4410.0,1.0,1,track_0,,unknown,unknown
4409.0,4410.0,1.0,1,track_1,,unknown,unknown
4410.0,4411.0,1.0,1,track_0,,unknown,unknown
4410.0,4411.0,1.0,1,track_1,,unknown,unknown
4411.0,4412.0,1.0,1,track_0,,unknown,unknown
4411.0,4412.0,1.0,1,track_1,,unknown,unknown
4412.0,4413.0,1.0,1,track_0,,unknown,unknown
4412.0,4413.0,1.0,1,track_1,,unknown,unknown
4413.0,4414.0,1.0,1,track_0,,unknown,unknown
4413.0,4414.0,1.0,1,track_1,,unknown,unknown
4414.0,4415.0,1.0,1,track_0,,unknown,unknown
4414.0,4415.0,1.0,1,track_1,,unknown,unknown
4415.0,4416.0,1.0,1,track_0,,unknown,unknown
4415.0,4416.0,1.0,1,track_1,,unknown,unknown
4416.0,4417.0,1.0,1,track_0,,unknown,unknown
4416.0,4417.0,1.0,1,track_1,,unknown,unknown
4417.0,4418.0,1.0,1,track_0,,unknown,unknown
4417.0,4418.0,1.0,1,track_1,,unknown,unknown
4418.0,4419.0,1.0,1,track_0,,unknown,unknown
4418.0,4419.0,1.0,1,track_1,,unknown,unknown
4419.0,4420.0,1.0,1,track_0,,unknown,unknown
4419.0,4420.0,1.0,1,track_1,,unknown,unknown
4420.0,4421.0,1.0,1,track_0,,unknown,unknown
4420.0,4421.0,1.0,1,track_1,,unknown,unknown
4421.0,4422.0,1.0,1,track_0,,unknown,unknown
4421.0,4422.0,1.0,1,track_1,,unknown,unknown
4422.0,4423.0,1.0,1,track_0,,unknown,unknown
4422.0,4423.0,1.0,1,track_1,,unknown,unknown
4423.0,4424.0,1.0,1,track_0,,unknown,unknown
4423.0,4424.0,1.0,1,track_1,,unknown,unknown
4424.0,4425.0,1.0,1,track_0,,unknown,unknown
4424.0,4425.0,1.0,1,track_1,,unknown,unknown
4425.0,4426.0,1.0,1,track_0,,unknown,unknown
4425.0,4426.0,1.0,1,track_1,,unknown,unknown
4426.0,4427.0,1.0,1,track_0,,unknown,unknown
4426.0,4427.0,1.0,1,track_1,,unknown,unknown
4427.0,4428.0,1.0,1,track_0,,unknown,unknown
4427.0,4428.0,1.0,1,track_1,,unknown,unknown
4428.0,4429.0,1.0,1,track_0,,unknown,unknown
4428.0,4429.0,1.0,1,track_1,,unknown,unknown
4429.0,4430.0,1.0,1,track_0,,unknown,unknown
4429.0,4430.0,1.0,1,track_1,,unknown,unknown
4430.0,4431.0,1.0,1,track_0,,unknown,unknown
4430.0,4431.0,1.0,1,track_1,,unknown,unknown
4431.0,4432.0,1.0,1,track_0,,unknown,unknown
4431.0,4432.0,1.0,1,track_1,,unknown,unknown
4432.0,4433.0,1.0,1,track_0,,unknown,unknown
4432.0,4433.0,1.0,1,track_1,,unknown,unknown
4433.0,4434.0,1.0,1,track_0,,unknown,unknown
4433.0,4434.0,1.0,1,track_1,,unknown,unknown
4434.0,4435.0,1.0,1,track_0,,unknown,unknown
4434.0,4435.0,1.0,1,track_1,,unknown,unknown
4435.0,4436.0,1.0,1,track_0,,unknown,unknown
4435.0,4436.0,1.0,1,track_1,,unknown,unknown
4436.0,4437.0,1.0,1,track_0,,unknown,standing
4436.0,4437.0,1.0,1,track_1,,unknown,unknown
4437.0,4438.0,1.0,1,track_0,,unknown,unknown
4437.0,4438.0,1.0,1,track_1,,unknown,unknown
4438.0,4439.0,1.0,1,track_0,,unknown,unknown
4438.0,4439.0,1.0,1,track_1,,unknown,unknown
4439.0,4440.0,1.0,1,track_0,,unknown,unknown
4439.0,4440.0,1.0,1,track_1,,unknown,unknown
4440.0,4441.0,1.0,1,track_0,,unknown,standing
4440.0,4441.0,1.0,1,track_1,,unknown,unknown
4441.0,4442.0,1.0,1,track_0,,unknown,unknown
4441.0,4442.0,1.0,1,track_1,,unknown,unknown
4442.0,4443.0,1.0,1,track_0,,unknown,standing
4442.0,4443.0,1.0,1,track_1,,unknown,unknown
4443.0,4444.0,1.0,1,track_0,,unknown,unknown
4443.0,4444.0,1.0,1,track_1,,unknown,unknown
4444.0,4445.0,1.0,1,track_0,,unknown,unknown
4444.0,4445.0,1.0,1,track_1,,unknown,unknown
4445.0,4446.0,1.0,1,track_0,,unknown,unknown
4445.0,4446.0,1.0,1,track_1,,unknown,unknown
4446.0,4447.0,1.0,1,track_0,,unknown,unknown
4446.0,4447.0,1.0,1,track_1,,unknown,unknown
4447.0,4448.0,1.0,1,track_0,,unknown,unknown
4447.0,4448.0,1.0,1,track_1,,unknown,unknown
4448.0,4449.0,1.0,1,track_0,,unknown,unknown
4448.0,4449.0,1.0,1,track_1,,unknown,unknown
4449.0,4450.0,1.0,1,track_0,,unknown,unknown
4449.0,4450.0,1.0,1,track_1,,unknown,unknown
4450.0,4451.0,1.0,1,track_0,,unknown,unknown
4450.0,4451.0,1.0,1,track_1,,unknown,unknown
4451.0,4452.0,1.0,1,track_0,,unknown,unknown
4451.0,4452.0,1.0,1,track_1,,unknown,unknown
4452.0,4453.0,1.0,1,track_0,,unknown,unknown
4452.0,4453.0,1.0,1,track_1,,unknown,unknown
4453.0,4454.0,1.0,1,track_0,,unknown,unknown
4453.0,4454.0,1.0,1,track_1,,unknown,unknown
4454.0,4455.0,1.0,1,track_0,,unknown,unknown
4454.0,4455.0,1.0,1,track_1,,unknown,unknown
4455.0,4456.0,1.0,1,track_0,,unknown,unknown
4455.0,4456.0,1.0,1,track_1,,unknown,unknown
4456.0,4457.0,1.0,1,track_0,,unknown,unknown
4456.0,4457.0,1.0,1,track_1,,unknown,unknown
4457.0,4458.0,1.0,1,track_0,,unknown,unknown
4457.0,4458.0,1.0,1,track_1,,unknown,unknown
4458.0,4459.0,1.0,1,track_0,,unknown,unknown
4458.0,4459.0,1.0,1,track_1,,unknown,unknown
4459.0,4460.0,1.0,1,track_0,,unknown,unknown
4459.0,4460.0,1.0,1,track_1,,unknown,unknown
4460.0,4461.0,1.0,1,track_0,,unknown,unknown
4460.0,4461.0,1.0,1,track_1,,unknown,unknown
4461.0,4462.0,1.0,1,track_0,,unknown,unknown
4461.0,4462.0,1.0,1,track_1,,unknown,unknown
4462.0,4463.0,1.0,1,track_0,,unknown,unknown
4462.0,4463.0,1.0,1,track_1,,unknown,unknown
4463.0,4464.0,1.0,1,track_0,,unknown,unknown
4463.0,4464.0,1.0,1,track_1,,unknown,unknown
4464.0,4465.0,1.0,1,track_0,,unknown,unknown
4464.0,4465.0,1.0,1,track_1,,unknown,unknown
4465.0,4466.0,1.0,1,track_0,,unknown,unknown
4465.0,4466.0,1.0,1,track_1,,unknown,unknown
4466.0,4467.0,1.0,1,track_0,,unknown,unknown
4466.0,4467.0,1.0,1,track_1,,unknown,unknown
4467.0,4468.0,1.0,1,track_0,,unknown,unknown
4467.0,4468.0,1.0,1,track_1,,unknown,unknown
4468.0,4469.0,1.0,1,track_0,,unknown,unknown
4468.0,4469.0,1.0,1,track_1,,unknown,unknown
4469.0,4470.0,1.0,1,track_0,,unknown,unknown
4469.0,4470.0,1.0,1,track_1,,unknown,unknown
4470.0,4471.0,1.0,1,track_0,,unknown,unknown
4470.0,4471.0,1.0,1,track_1,,unknown,unknown
4471.0,4472.0,1.0,1,track_0,,unknown,unknown
4471.0,4472.0,1.0,1,track_1,,unknown,unknown
4472.0,4473.0,1.0,1,track_0,,unknown,unknown
4472.0,4473.0,1.0,1,track_1,,unknown,unknown
4473.0,4474.0,1.0,1,track_0,,unknown,unknown
4473.0,4474.0,1.0,1,track_1,,unknown,unknown
4474.0,4475.0,1.0,1,track_0,,unknown,unknown
4474.0,4475.0,1.0,1,track_1,,unknown,unknown
4475.0,4476.0,1.0,1,track_0,,unknown,unknown
4475.0,4476.0,1.0,1,track_1,,unknown,unknown
4476.0,4477.0,1.0,1,track_0,,unknown,unknown
4476.0,4477.0,1.0,1,track_1,,unknown,unknown
4477.0,4478.0,1.0,1,track_0,,unknown,unknown
4477.0,4478.0,1.0,1,track_1,,unknown,unknown
4478.0,4479.0,1.0,1,track_0,,unknown,unknown
4478.0,4479.0,1.0,1,track_1,,unknown,unknown
4479.0,4480.0,1.0,1,track_0,,unknown,unknown
4479.0,4480.0,1.0,1,track_1,,unknown,unknown
4480.0,4481.0,1.0,1,track_0,,unknown,unknown
4480.0,4481.0,1.0,1,track_1,,unknown,unknown
4481.0,4482.0,1.0,1,track_0,,unknown,unknown
4481.0,4482.0,1.0,1,track_1,,unknown,unknown
4482.0,4483.0,1.0,1,track_0,,unknown,unknown
4482.0,4483.0,1.0,1,track_1,,unknown,unknown
4483.0,4484.0,1.0,1,track_0,,unknown,unknown
4483.0,4484.0,1.0,1,track_1,,unknown,unknown
4484.0,4485.0,1.0,1,track_0,,unknown,unknown
4484.0,4485.0,1.0,1,track_1,,unknown,unknown
4485.0,4486.0,1.0,1,track_0,,unknown,unknown
4485.0,4486.0,1.0,1,track_1,,unknown,unknown
4486.0,4487.0,1.0,1,track_0,,unknown,unknown
4486.0,4487.0,1.0,1,track_1,,unknown,unknown
4487.0,4488.0,1.0,1,track_0,,unknown,unknown
4487.0,4488.0,1.0,1,track_1,,unknown,unknown
4488.0,4489.0,1.0,1,track_0,,unknown,unknown
4488.0,4489.0,1.0,1,track_1,,unknown,unknown
4489.0,4490.0,1.0,1,track_0,,unknown,unknown
4489.0,4490.0,1.0,1,track_1,,unknown,unknown
4490.0,4491.0,1.0,1,track_0,,unknown,unknown
4490.0,4491.0,1.0,1,track_1,,unknown,unknown
4491.0,4492.0,1.0,1,track_0,,unknown,unknown
4491.0,4492.0,1.0,1,track_1,,unknown,unknown
4492.0,4493.0,1.0,1,track_0,,unknown,unknown
4492.0,4493.0,1.0,1,track_1,,unknown,unknown
4493.0,4494.0,1.0,1,track_0,,unknown,unknown
4493.0,4494.0,1.0,1,track_1,,unknown,unknown
4494.0,4495.0,1.0,1,track_0,,unknown,unknown
4494.0,4495.0,1.0,1,track_1,,unknown,unknown
4495.0,4496.0,1.0,1,track_0,,unknown,unknown
4495.0,4496.0,1.0,1,track_1,,unknown,unknown
4496.0,4497.0,1.0,1,track_0,,unknown,unknown
4496.0,4497.0,1.0,1,track_1,,unknown,unknown
4497.0,4498.0,1.0,1,track_0,,unknown,unknown
4497.0,4498.0,1.0,1,track_1,,unknown,unknown
4498.0,4499.0,1.0,1,track_0,,unknown,standing
4498.0,4499.0,1.0,1,track_1,,unknown,unknown
4499.0,4500.0,1.0,1,track_0,,unknown,unknown
4499.0,4500.0,1.0,1,track_1,,unknown,unknown
4500.0,4501.0,1.0,1,track_0,,unknown,unknown
4500.0,4501.0,1.0,1,track_1,,unknown,unknown
4501.0,4502.0,1.0,1,track_0,,unknown,unknown
4501.0,4502.0,1.0,1,track_1,,unknown,unknown
4502.0,4503.0,1.0,1,track_0,,unknown,unknown
4502.0,4503.0,1.0,1,track_1,,unknown,unknown
4503.0,4504.0,1.0,1,track_0,,unknown,unknown
4503.0,4504.0,1.0,1,track_1,,unknown,unknown
4504.0,4505.0,1.0,1,track_0,,unknown,unknown
4504.0,4505.0,1.0,1,track_1,,unknown,unknown
4505.0,4506.0,1.0,1,track_0,,unknown,unknown
4505.0,4506.0,1.0,1,track_1,,unknown,unknown
4506.0,4507.0,1.0,1,track_0,,unknown,unknown
4506.0,4507.0,1.0,1,track_1,,unknown,unknown
4507.0,4508.0,1.0,1,track_0,,unknown,unknown
4507.0,4508.0,1.0,1,track_1,,unknown,unknown
4508.0,4509.0,1.0,1,track_0,,unknown,unknown
4508.0,4509.0,1.0,1,track_1,,unknown,unknown
4509.0,4510.0,1.0,1,track_0,,unknown,unknown
4509.0,4510.0,1.0,1,track_1,,unknown,unknown
4510.0,4511.0,1.0,1,track_0,,unknown,unknown
4510.0,4511.0,1.0,1,track_1,,unknown,unknown
4511.0,4512.0,1.0,1,track_0,,unknown,unknown
4511.0,4512.0,1.0,1,track_1,,unknown,unknown
4512.0,4513.0,1.0,1,track_0,,unknown,unknown
4512.0,4513.0,1.0,1,track_1,,unknown,unknown
4513.0,4514.0,1.0,1,track_0,,unknown,unknown
4513.0,4514.0,1.0,1,track_1,,unknown,unknown
4514.0,4515.0,1.0,1,track_0,,unknown,unknown
4514.0,4515.0,1.0,1,track_1,,unknown,unknown
4515.0,4516.0,1.0,1,track_0,,unknown,unknown
4515.0,4516.0,1.0,1,track_1,,unknown,unknown
4516.0,4517.0,1.0,1,track_0,,unknown,unknown
4516.0,4517.0,1.0,1,track_1,,unknown,unknown
4517.0,4518.0,1.0,1,track_0,,unknown,unknown
4517.0,4518.0,1.0,1,track_1,,unknown,unknown
4518.0,4519.0,1.0,1,track_0,,unknown,unknown
4518.0,4519.0,1.0,1,track_1,,unknown,unknown
4519.0,4520.0,1.0,1,track_0,,unknown,unknown
4519.0,4520.0,1.0,1,track_1,,unknown,unknown
4520.0,4521.0,1.0,1,track_0,,unknown,unknown
4520.0,4521.0,1.0,1,track_1,,unknown,unknown
4521.0,4522.0,1.0,1,track_0,,unknown,unknown
4521.0,4522.0,1.0,1,track_1,,unknown,unknown
4522.0,4523.0,1.0,1,track_0,,unknown,unknown
4522.0,4523.0,1.0,1,track_1,,unknown,unknown
4523.0,4524.0,1.0,1,track_0,,unknown,unknown
4523.0,4524.0,1.0,1,track_1,,unknown,unknown
4524.0,4525.0,1.0,1,track_0,,unknown,unknown
4524.0,4525.0,1.0,1,track_1,,unknown,unknown
4525.0,4526.0,1.0,1,track_0,,bottom,open guard
4525.0,4526.0,1.0,1,track_1,,unknown,unknown
4526.0,4527.0,1.0,1,track_0,,bottom,open guard
4526.0,4527.0,1.0,1,track_1,,unknown,unknown
4527.0,4528.0,1.0,1,track_0,,bottom,open guard
4527.0,4528.0,1.0,1,track_1,,unknown,unknown
4528.0,4529.0,1.0,1,track_0,,unknown,unknown
4528.0,4529.0,1.0,1,track_1,,unknown,unknown
4529.0,4530.0,1.0,1,track_0,,bottom,open guard
4529.0,4530.0,1.0,1,track_1,,unknown,unknown
4530.0,4531.0,1.0,1,track_0,,unknown,unknown
4530.0,4531.0,1.0,1,track_1,,unknown,unknown
4531.0,4532.0,1.0,1,track_0,,unknown,standing
4531.0,4532.0,1.0,1,track_1,,unknown,unknown
4532.0,4533.0,1.0,1,track_0,,bottom,open guard
4532.0,4533.0,1.0,1,track_1,,unknown,unknown
4533.0,4534.0,1.0,1,track_0,,unknown,unknown
4533.0,4534.0,1.0,1,track_1,,unknown,unknown
4534.0,4535.0,1.0,1,track_0,,unknown,unknown
4534.0,4535.0,1.0,1,track_1,,unknown,unknown
4535.0,4536.0,1.0,1,track_0,,unknown,unknown
4535.0,4536.0,1.0,1,track_1,,unknown,unknown
4536.0,4537.0,1.0,1,track_0,,unknown,unknown
4536.0,4537.0,1.0,1,track_1,,unknown,unknown
4537.0,4538.0,1.0,1,track_0,,unknown,unknown
4537.0,4538.0,1.0,1,track_1,,unknown,unknown
4538.0,4539.0,1.0,1,track_0,,unknown,unknown
4538.0,4539.0,1.0,1,track_1,,unknown,unknown
4539.0,4540.0,1.0,1,track_0,,unknown,unknown
4539.0,4540.0,1.0,1,track_1,,unknown,unknown
4540.0,4541.0,1.0,1,track_0,,unknown,unknown
4540.0,4541.0,1.0,1,track_1,,unknown,unknown
4541.0,4542.0,1.0,1,track_0,,unknown,unknown
4541.0,4542.0,1.0,1,track_1,,unknown,unknown
4542.0,4543.0,1.0,1,track_0,,unknown,unknown
4542.0,4543.0,1.0,1,track_1,,unknown,unknown
4543.0,4544.0,1.0,1,track_0,,unknown,unknown
4543.0,4544.0,1.0,1,track_1,,unknown,unknown
4544.0,4545.0,1.0,1,track_0,,unknown,unknown
4544.0,4545.0,1.0,1,track_1,,unknown,unknown
4545.0,4546.0,1.0,1,track_0,,unknown,unknown
4545.0,4546.0,1.0,1,track_1,,unknown,unknown
4546.0,4547.0,1.0,1,track_0,,unknown,unknown
4546.0,4547.0,1.0,1,track_1,,unknown,unknown
4547.0,4548.0,1.0,1,track_0,,unknown,unknown
4547.0,4548.0,1.0,1,track_1,,unknown,unknown
4548.0,4549.0,1.0,1,track_0,,unknown,unknown
4548.0,4549.0,1.0,1,track_1,,unknown,unknown
4549.0,4550.0,1.0,1,track_0,,unknown,unknown
4549.0,4550.0,1.0,1,track_1,,unknown,unknown
4550.0,4551.0,1.0,1,track_0,,unknown,unknown
4550.0,4551.0,1.0,1,track_1,,unknown,unknown
4551.0,4552.0,1.0,1,track_0,,unknown,unknown
4551.0,4552.0,1.0,1,track_1,,unknown,unknown
4552.0,4553.0,1.0,1,track_0,,unknown,unknown
4552.0,4553.0,1.0,1,track_1,,unknown,unknown
4553.0,4554.0,1.0,1,track_0,,unknown,unknown
4553.0,4554.0,1.0,1,track_1,,unknown,unknown
4554.0,4555.0,1.0,1,track_0,,unknown,unknown
4554.0,4555.0,1.0,1,track_1,,unknown,unknown
4555.0,4556.0,1.0,1,track_0,,unknown,unknown
4555.0,4556.0,1.0,1,track_1,,unknown,unknown
4556.0,4557.0,1.0,1,track_0,,unknown,unknown
4556.0,4557.0,1.0,1,track_1,,unknown,unknown
4557.0,4558.0,1.0,1,track_0,,unknown,unknown
4557.0,4558.0,1.0,1,track_1,,unknown,unknown
4558.0,4559.0,1.0,1,track_0,,unknown,unknown
4558.0,4559.0,1.0,1,track_1,,unknown,unknown
4559.0,4560.0,1.0,1,track_0,,unknown,unknown
4559.0,4560.0,1.0,1,track_1,,unknown,unknown
4560.0,4561.0,1.0,1,track_0,,unknown,unknown
4560.0,4561.0,1.0,1,track_1,,unknown,unknown
4561.0,4562.0,1.0,1,track_0,,unknown,unknown
4561.0,4562.0,1.0,1,track_1,,unknown,unknown
4562.0,4563.0,1.0,1,track_0,,unknown,unknown
4562.0,4563.0,1.0,1,track_1,,unknown,unknown
4563.0,4564.0,1.0,1,track_0,,unknown,unknown
4563.0,4564.0,1.0,1,track_1,,unknown,unknown
4564.0,4565.0,1.0,1,track_0,,unknown,unknown
4564.0,4565.0,1.0,1,track_1,,unknown,unknown
4565.0,4566.0,1.0,1,track_0,,unknown,unknown
4565.0,4566.0,1.0,1,track_1,,unknown,unknown
4566.0,4567.0,1.0,1,track_0,,unknown,unknown
4566.0,4567.0,1.0,1,track_1,,unknown,unknown
4567.0,4568.0,1.0,1,track_0,,unknown,unknown
4567.0,4568.0,1.0,1,track_1,,unknown,unknown
4568.0,4569.0,1.0,1,track_0,,unknown,unknown
4568.0,4569.0,1.0,1,track_1,,unknown,unknown
4569.0,4570.0,1.0,1,track_0,,unknown,unknown
4569.0,4570.0,1.0,1,track_1,,unknown,unknown
4570.0,4571.0,1.0,1,track_0,,bottom,takedown
4570.0,4571.0,1.0,1,track_1,,unknown,unknown
4571.0,4572.0,1.0,1,track_0,,unknown,unknown
4571.0,4572.0,1.0,1,track_1,,unknown,unknown
4572.0,4573.0,1.0,1,track_0,,unknown,unknown
4572.0,4573.0,1.0,1,track_1,,unknown,unknown
4573.0,4574.0,1.0,1,track_0,,unknown,unknown
4573.0,4574.0,1.0,1,track_1,,unknown,unknown
4574.0,4575.0,1.0,1,track_0,,unknown,unknown
4574.0,4575.0,1.0,1,track_1,,unknown,unknown
4575.0,4576.0,1.0,1,track_0,,unknown,unknown
4575.0,4576.0,1.0,1,track_1,,unknown,unknown
4576.0,4577.0,1.0,1,track_0,,unknown,unknown
4576.0,4577.0,1.0,1,track_1,,unknown,unknown
4577.0,4578.0,1.0,1,track_0,,unknown,unknown
4577.0,4578.0,1.0,1,track_1,,unknown,unknown
4578.0,4579.0,1.0,1,track_0,,unknown,unknown
4578.0,4579.0,1.0,1,track_1,,unknown,unknown
4579.0,4580.0,1.0,1,track_0,,unknown,unknown
4579.0,4580.0,1.0,1,track_1,,unknown,unknown
4580.0,4581.0,1.0,1,track_0,,unknown,unknown
4580.0,4581.0,1.0,1,track_1,,unknown,unknown
4581.0,4582.0,1.0,1,track_0,,unknown,unknown
4581.0,4582.0,1.0,1,track_1,,unknown,unknown
4582.0,4583.0,1.0,1,track_0,,unknown,unknown
4582.0,4583.0,1.0,1,track_1,,unknown,unknown
4583.0,4584.0,1.0,1,track_0,,unknown,unknown
4583.0,4584.0,1.0,1,track_1,,unknown,unknown
4584.0,4585.0,1.0,1,track_0,,bottom,open guard
4584.0,4585.0,1.0,1,track_1,,unknown,unknown
4585.0,4586.0,1.0,1,track_0,,unknown,unknown
4585.0,4586.0,1.0,1,track_1,,unknown,unknown
4586.0,4587.0,1.0,1,track_0,,bottom,open guard
4586.0,4587.0,1.0,1,track_1,,unknown,unknown
4587.0,4588.0,1.0,1,track_0,,unknown,unknown
4587.0,4588.0,1.0,1,track_1,,unknown,unknown
4588.0,4589.0,1.0,1,track_0,,unknown,unknown
4588.0,4589.0,1.0,1,track_1,,unknown,unknown
4589.0,4590.0,1.0,1,track_0,,unknown,unknown
4589.0,4590.0,1.0,1,track_1,,unknown,unknown
4590.0,4591.0,1.0,1,track_0,,unknown,unknown
4590.0,4591.0,1.0,1,track_1,,unknown,unknown
4591.0,4592.0,1.0,1,track_0,,unknown,unknown
4591.0,4592.0,1.0,1,track_1,,unknown,unknown
4592.0,4593.0,1.0,1,track_0,,unknown,unknown
4592.0,4593.0,1.0,1,track_1,,unknown,unknown
4593.0,4594.0,1.0,1,track_0,,unknown,unknown
4593.0,4594.0,1.0,1,track_1,,unknown,unknown
4594.0,4595.0,1.0,1,track_0,,unknown,unknown
4594.0,4595.0,1.0,1,track_1,,unknown,unknown
4595.0,4596.0,1.0,1,track_0,,unknown,unknown
4595.0,4596.0,1.0,1,track_1,,unknown,unknown
4596.0,4597.0,1.0,1,track_0,,unknown,unknown
4596.0,4597.0,1.0,1,track_1,,unknown,unknown
4597.0,4598.0,1.0,1,track_0,,unknown,unknown
4597.0,4598.0,1.0,1,track_1,,unknown,unknown
4598.0,4599.0,1.0,1,track_0,,unknown,unknown
4598.0,4599.0,1.0,1,track_1,,unknown,unknown
4599.0,4600.0,1.0,1,track_0,,unknown,unknown
4599.0,4600.0,1.0,1,track_1,,unknown,unknown
4600.0,4601.0,1.0,1,track_0,,unknown,unknown
4600.0,4601.0,1.0,1,track_1,,unknown,unknown
4601.0,4602.0,1.0,1,track_0,,unknown,unknown
4601.0,4602.0,1.0,1,track_1,,unknown,unknown
4602.0,4603.0,1.0,1,track_0,,unknown,unknown
4602.0,4603.0,1.0,1,track_1,,unknown,unknown
4603.0,4604.0,1.0,1,track_0,,unknown,unknown
4603.0,4604.0,1.0,1,track_1,,unknown,unknown
4604.0,4605.0,1.0,1,track_0,,unknown,unknown
4604.0,4605.0,1.0,1,track_1,,unknown,unknown
4605.0,4606.0,1.0,1,track_0,,unknown,unknown
4605.0,4606.0,1.0,1,track_1,,unknown,unknown
4606.0,4607.0,1.0,1,track_0,,unknown,unknown
4606.0,4607.0,1.0,1,track_1,,unknown,unknown
4607.0,4608.0,1.0,1,track_0,,unknown,unknown
4607.0,4608.0,1.0,1,track_1,,unknown,unknown
4608.0,4609.0,1.0,1,track_0,,unknown,unknown
4608.0,4609.0,1.0,1,track_1,,unknown,unknown
4609.0,4610.0,1.0,1,track_0,,unknown,unknown
4609.0,4610.0,1.0,1,track_1,,unknown,unknown
4610.0,4611.0,1.0,1,track_0,,unknown,unknown
4610.0,4611.0,1.0,1,track_1,,unknown,unknown
4611.0,4612.0,1.0,1,track_0,,unknown,unknown
4611.0,4612.0,1.0,1,track_1,,unknown,unknown
4612.0,4613.0,1.0,1,track_0,,unknown,unknown
4612.0,4613.0,1.0,1,track_1,,unknown,unknown
4613.0,4614.0,1.0,1,track_0,,unknown,unknown
4613.0,4614.0,1.0,1,track_1,,unknown,unknown
4614.0,4615.0,1.0,1,track_0,,unknown,unknown
4614.0,4615.0,1.0,1,track_1,,unknown,unknown
4615.0,4616.0,1.0,1,track_0,,unknown,unknown
4615.0,4616.0,1.0,1,track_1,,unknown,unknown
4616.0,4617.0,1.0,1,track_0,,unknown,unknown
4616.0,4617.0,1.0,1,track_1,,unknown,unknown
4617.0,4618.0,1.0,1,track_0,,unknown,unknown
4617.0,4618.0,1.0,1,track_1,,unknown,unknown
4618.0,4619.0,1.0,1,track_0,,unknown,unknown
4618.0,4619.0,1.0,1,track_1,,unknown,unknown
4619.0,4620.0,1.0,1,track_0,,unknown,unknown
4619.0,4620.0,1.0,1,track_1,,unknown,unknown
4620.0,4621.0,1.0,1,track_0,,unknown,unknown
4620.0,4621.0,1.0,1,track_1,,unknown,unknown
4621.0,4622.0,1.0,1,track_0,,unknown,unknown
4621.0,4622.0,1.0,1,track_1,,unknown,unknown
4622.0,4623.0,1.0,1,track_0,,unknown,unknown
4622.0,4623.0,1.0,1,track_1,,unknown,unknown
4623.0,4624.0,1.0,1,track_0,,unknown,unknown
4623.0,4624.0,1.0,1,track_1,,unknown,unknown
4624.0,4625.0,1.0,1,track_0,,unknown,unknown
4624.0,4625.0,1.0,1,track_1,,unknown,unknown
4625.0,4626.0,1.0,1,track_0,,unknown,unknown
4625.0,4626.0,1.0,1,track_1,,unknown,unknown
4626.0,4627.0,1.0,1,track_0,,unknown,unknown
4626.0,4627.0,1.0,1,track_1,,unknown,unknown
4627.0,4628.0,1.0,1,track_0,,unknown,unknown
4627.0,4628.0,1.0,1,track_1,,unknown,unknown
4628.0,4629.0,1.0,1,track_0,,unknown,unknown
4628.0,4629.0,1.0,1,track_1,,unknown,unknown
4629.0,4630.0,1.0,1,track_0,,unknown,unknown
4629.0,4630.0,1.0,1,track_1,,unknown,unknown
4630.0,4631.0,1.0,1,track_0,,unknown,unknown
4630.0,4631.0,1.0,1,track_1,,unknown,unknown
4631.0,4632.0,1.0,1,track_0,,unknown,unknown
4631.0,4632.0,1.0,1,track_1,,unknown,unknown
4632.0,4633.0,1.0,1,track_0,,unknown,unknown
4632.0,4633.0,1.0,1,track_1,,unknown,unknown
4633.0,4634.0,1.0,1,track_0,,unknown,unknown
4633.0,4634.0,1.0,1,track_1,,unknown,unknown
4634.0,4635.0,1.0,1,track_0,,bottom,open guard
4634.0,4635.0,1.0,1,track_1,,unknown,unknown
4635.0,4636.0,1.0,1,track_0,,unknown,unknown
4635.0,4636.0,1.0,1,track_1,,unknown,unknown
4636.0,4637.0,1.0,1,track_0,,unknown,unknown
4636.0,4637.0,1.0,1,track_1,,unknown,unknown
4637.0,4638.0,1.0,1,track_0,,unknown,unknown
4637.0,4638.0,1.0,1,track_1,,unknown,unknown
4638.0,4639.0,1.0,1,track_0,,unknown,unknown
4638.0,4639.0,1.0,1,track_1,,unknown,unknown
4639.0,4640.0,1.0,1,track_0,,unknown,unknown
4639.0,4640.0,1.0,1,track_1,,unknown,unknown
4640.0,4641.0,1.0,1,track_0,,unknown,unknown
4640.0,4641.0,1.0,1,track_1,,unknown,unknown
4641.0,4642.0,1.0,1,track_0,,unknown,unknown
4641.0,4642.0,1.0,1,track_1,,unknown,unknown
4642.0,4643.0,1.0,1,track_0,,unknown,unknown
4642.0,4643.0,1.0,1,track_1,,unknown,unknown
4643.0,4644.0,1.0,1,track_0,,unknown,unknown
4643.0,4644.0,1.0,1,track_1,,unknown,unknown
4644.0,4645.0,1.0,1,track_0,,unknown,unknown
4644.0,4645.0,1.0,1,track_1,,unknown,unknown
4645.0,4646.0,1.0,1,track_0,,bottom,open guard
4645.0,4646.0,1.0,1,track_1,,unknown,unknown
4646.0,4647.0,1.0,1,track_0,,unknown,standing
4646.0,4647.0,1.0,1,track_1,,unknown,unknown
4647.0,4648.0,1.0,1,track_0,,bottom,takedown
4647.0,4648.0,1.0,1,track_1,,unknown,unknown
4648.0,4649.0,1.0,1,track_0,,unknown,unknown
4648.0,4649.0,1.0,1,track_1,,unknown,unknown
4649.0,4650.0,1.0,1,track_0,,unknown,unknown
4649.0,4650.0,1.0,1,track_1,,unknown,unknown
4650.0,4651.0,1.0,1,track_0,,unknown,unknown
4650.0,4651.0,1.0,1,track_1,,unknown,unknown
4651.0,4652.0,1.0,1,track_0,,unknown,unknown
4651.0,4652.0,1.0,1,track_1,,unknown,unknown
4652.0,4653.0,1.0,1,track_0,,unknown,unknown
4652.0,4653.0,1.0,1,track_1,,unknown,unknown
4653.0,4654.0,1.0,1,track_0,,unknown,unknown
4653.0,4654.0,1.0,1,track_1,,unknown,unknown
4654.0,4655.0,1.0,1,track_0,,bottom,takedown
4654.0,4655.0,1.0,1,track_1,,unknown,unknown
4655.0,4656.0,1.0,1,track_0,,bottom,takedown
4655.0,4656.0,1.0,1,track_1,,unknown,unknown
4656.0,4657.0,1.0,1,track_0,,unknown,unknown
4656.0,4657.0,1.0,1,track_1,,unknown,unknown
4657.0,4658.0,1.0,1,track_0,,unknown,unknown
4657.0,4658.0,1.0,1,track_1,,unknown,unknown
4658.0,4659.0,1.0,1,track_0,,unknown,unknown
4658.0,4659.0,1.0,1,track_1,,unknown,unknown
4659.0,4660.0,1.0,1,track_0,,unknown,unknown
4659.0,4660.0,1.0,1,track_1,,unknown,unknown
4660.0,4661.0,1.0,1,track_0,,unknown,unknown
4660.0,4661.0,1.0,1,track_1,,unknown,unknown
4661.0,4662.0,1.0,1,track_0,,unknown,unknown
4661.0,4662.0,1.0,1,track_1,,unknown,unknown
4662.0,4663.0,1.0,1,track_0,,unknown,unknown
4662.0,4663.0,1.0,1,track_1,,unknown,unknown
4663.0,4664.0,1.0,1,track_0,,unknown,unknown
4663.0,4664.0,1.0,1,track_1,,unknown,unknown
4664.0,4665.0,1.0,1,track_0,,unknown,unknown
4664.0,4665.0,1.0,1,track_1,,unknown,unknown
4665.0,4666.0,1.0,1,track_0,,unknown,unknown
4665.0,4666.0,1.0,1,track_1,,unknown,unknown
4666.0,4667.0,1.0,1,track_0,,unknown,unknown
4666.0,4667.0,1.0,1,track_1,,unknown,unknown
4667.0,4668.0,1.0,1,track_0,,unknown,unknown
4667.0,4668.0,1.0,1,track_1,,unknown,unknown
4668.0,4669.0,1.0,1,track_0,,unknown,unknown
4668.0,4669.0,1.0,1,track_1,,unknown,unknown
4669.0,4670.0,1.0,1,track_0,,unknown,unknown
4669.0,4670.0,1.0,1,track_1,,unknown,unknown
4670.0,4671.0,1.0,1,track_0,,unknown,unknown
4670.0,4671.0,1.0,1,track_1,,unknown,unknown
4671.0,4672.0,1.0,1,track_0,,unknown,unknown
4671.0,4672.0,1.0,1,track_1,,unknown,unknown
4672.0,4673.0,1.0,1,track_0,,unknown,unknown
4672.0,4673.0,1.0,1,track_1,,unknown,unknown
4673.0,4674.0,1.0,1,track_0,,unknown,unknown
4673.0,4674.0,1.0,1,track_1,,unknown,unknown
4674.0,4675.0,1.0,1,track_0,,unknown,unknown
4674.0,4675.0,1.0,1,track_1,,unknown,unknown
4675.0,4676.0,1.0,1,track_0,,unknown,unknown
4675.0,4676.0,1.0,1,track_1,,unknown,unknown
4676.0,4677.0,1.0,1,track_0,,bottom,takedown
4676.0,4677.0,1.0,1,track_1,,unknown,unknown
4677.0,4678.0,1.0,1,track_0,,unknown,unknown
4677.0,4678.0,1.0,1,track_1,,unknown,unknown
4678.0,4679.0,1.0,1,track_0,,bottom,takedown
4678.0,4679.0,1.0,1,track_1,,unknown,unknown
4679.0,4680.0,1.0,1,track_0,,unknown,unknown
4679.0,4680.0,1.0,1,track_1,,unknown,unknown
4680.0,4681.0,1.0,1,track_0,,unknown,unknown
4680.0,4681.0,1.0,1,track_1,,unknown,unknown
4681.0,4682.0,1.0,1,track_0,,unknown,unknown
4681.0,4682.0,1.0,1,track_1,,unknown,unknown
4682.0,4683.0,1.0,1,track_0,,unknown,unknown
4682.0,4683.0,1.0,1,track_1,,unknown,unknown
4683.0,4684.0,1.0,1,track_0,,unknown,unknown
4683.0,4684.0,1.0,1,track_1,,unknown,unknown
4684.0,4685.0,1.0,1,track_0,,unknown,unknown
4684.0,4685.0,1.0,1,track_1,,unknown,unknown
4685.0,4686.0,1.0,1,track_0,,unknown,unknown
4685.0,4686.0,1.0,1,track_1,,unknown,unknown
4686.0,4687.0,1.0,1,track_0,,unknown,unknown
4686.0,4687.0,1.0,1,track_1,,unknown,unknown
4687.0,4688.0,1.0,1,track_0,,unknown,unknown
4687.0,4688.0,1.0,1,track_1,,unknown,unknown
4688.0,4689.0,1.0,1,track_0,,unknown,unknown
4688.0,4689.0,1.0,1,track_1,,unknown,unknown
4689.0,4690.0,1.0,1,track_0,,unknown,unknown
4689.0,4690.0,1.0,1,track_1,,unknown,unknown
4690.0,4691.0,1.0,1,track_0,,unknown,unknown
4690.0,4691.0,1.0,1,track_1,,unknown,unknown
4691.0,4692.0,1.0,1,track_0,,unknown,unknown
4691.0,4692.0,1.0,1,track_1,,unknown,unknown
4692.0,4693.0,1.0,1,track_0,,unknown,unknown
4692.0,4693.0,1.0,1,track_1,,unknown,unknown
4693.0,4694.0,1.0,1,track_0,,unknown,unknown
4693.0,4694.0,1.0,1,track_1,,unknown,unknown
4694.0,4695.0,1.0,1,track_0,,unknown,unknown
4694.0,4695.0,1.0,1,track_1,,unknown,unknown
4695.0,4696.0,1.0,1,track_0,,unknown,unknown
4695.0,4696.0,1.0,1,track_1,,unknown,unknown
4696.0,4697.0,1.0,1,track_0,,unknown,unknown
4696.0,4697.0,1.0,1,track_1,,unknown,unknown
4697.0,4698.0,1.0,1,track_0,,unknown,unknown
4697.0,4698.0,1.0,1,track_1,,unknown,unknown
4698.0,4699.0,1.0,1,track_0,,unknown,unknown
4698.0,4699.0,1.0,1,track_1,,unknown,unknown
4699.0,4700.0,1.0,1,track_0,,unknown,unknown
4699.0,4700.0,1.0,1,track_1,,unknown,unknown
4700.0,4701.0,1.0,1,track_0,,unknown,unknown
4700.0,4701.0,1.0,1,track_1,,unknown,unknown
4701.0,4702.0,1.0,1,track_0,,unknown,unknown
4701.0,4702.0,1.0,1,track_1,,unknown,unknown
4702.0,4703.0,1.0,1,track_0,,unknown,unknown
4702.0,4703.0,1.0,1,track_1,,unknown,unknown
4703.0,4704.0,1.0,1,track_0,,unknown,unknown
4703.0,4704.0,1.0,1,track_1,,unknown,unknown
4704.0,4705.0,1.0,1,track_0,,top,back
4704.0,4705.0,1.0,1,track_1,,unknown,unknown
4705.0,4706.0,1.0,1,track_0,,unknown,unknown
4705.0,4706.0,1.0,1,track_1,,unknown,unknown
4706.0,4707.0,1.0,1,track_0,,unknown,unknown
4706.0,4707.0,1.0,1,track_1,,unknown,unknown
4707.0,4708.0,1.0,1,track_0,,unknown,unknown
4707.0,4708.0,1.0,1,track_1,,unknown,unknown
4708.0,4709.0,1.0,1,track_0,,unknown,unknown
4708.0,4709.0,1.0,1,track_1,,unknown,unknown
4709.0,4710.0,1.0,1,track_0,,unknown,unknown
4709.0,4710.0,1.0,1,track_1,,unknown,unknown
4710.0,4711.0,1.0,1,track_0,,unknown,unknown
4710.0,4711.0,1.0,1,track_1,,unknown,unknown
4711.0,4712.0,1.0,1,track_0,,unknown,unknown
4711.0,4712.0,1.0,1,track_1,,unknown,unknown
4712.0,4713.0,1.0,1,track_0,,unknown,unknown
4712.0,4713.0,1.0,1,track_1,,unknown,unknown
4713.0,4714.0,1.0,1,track_0,,unknown,unknown
4713.0,4714.0,1.0,1,track_1,,unknown,unknown
4714.0,4715.0,1.0,1,track_0,,unknown,unknown
4714.0,4715.0,1.0,1,track_1,,unknown,unknown
4715.0,4716.0,1.0,1,track_0,,unknown,unknown
4715.0,4716.0,1.0,1,track_1,,unknown,unknown
4716.0,4717.0,1.0,1,track_0,,unknown,unknown
4716.0,4717.0,1.0,1,track_1,,unknown,unknown
4717.0,4718.0,1.0,1,track_0,,unknown,unknown
4717.0,4718.0,1.0,1,track_1,,unknown,unknown
4718.0,4719.0,1.0,1,track_0,,unknown,unknown
4718.0,4719.0,1.0,1,track_1,,unknown,unknown
4719.0,4720.0,1.0,1,track_0,,unknown,unknown
4719.0,4720.0,1.0,1,track_1,,unknown,unknown
4720.0,4721.0,1.0,1,track_0,,unknown,unknown
4720.0,4721.0,1.0,1,track_1,,unknown,unknown
4721.0,4722.0,1.0,1,track_0,,unknown,unknown
4721.0,4722.0,1.0,1,track_1,,unknown,unknown
4722.0,4723.0,1.0,1,track_0,,unknown,unknown
4722.0,4723.0,1.0,1,track_1,,unknown,unknown
4723.0,4724.0,1.0,1,track_0,,unknown,unknown
4723.0,4724.0,1.0,1,track_1,,unknown,unknown
4724.0,4725.0,1.0,1,track_0,,unknown,unknown
4724.0,4725.0,1.0,1,track_1,,unknown,unknown
4725.0,4726.0,1.0,1,track_0,,unknown,unknown
4725.0,4726.0,1.0,1,track_1,,unknown,unknown
4726.0,4727.0,1.0,1,track_0,,unknown,unknown
4726.0,4727.0,1.0,1,track_1,,unknown,unknown
4727.0,4728.0,1.0,1,track_0,,unknown,unknown
4727.0,4728.0,1.0,1,track_1,,unknown,unknown
4728.0,4729.0,1.0,1,track_0,,unknown,unknown
4728.0,4729.0,1.0,1,track_1,,unknown,unknown
4729.0,4730.0,1.0,1,track_0,,unknown,unknown
4729.0,4730.0,1.0,1,track_1,,unknown,unknown
4730.0,4731.0,1.0,1,track_0,,unknown,unknown
4730.0,4731.0,1.0,1,track_1,,unknown,unknown
4731.0,4732.0,1.0,1,track_0,,unknown,unknown
4731.0,4732.0,1.0,1,track_1,,unknown,unknown
4732.0,4733.0,1.0,1,track_0,,unknown,unknown
4732.0,4733.0,1.0,1,track_1,,unknown,unknown
4733.0,4734.0,1.0,1,track_0,,unknown,unknown
4733.0,4734.0,1.0,1,track_1,,unknown,unknown
4734.0,4735.0,1.0,1,track_0,,top,open guard
4734.0,4735.0,1.0,1,track_1,,unknown,unknown
4735.0,4736.0,1.0,1,track_0,,bottom,open guard
4735.0,4736.0,1.0,1,track_1,,unknown,unknown
4736.0,4737.0,1.0,1,track_0,,unknown,unknown
4736.0,4737.0,1.0,1,track_1,,unknown,unknown
4737.0,4738.0,1.0,1,track_0,,unknown,unknown
4737.0,4738.0,1.0,1,track_1,,unknown,unknown
4738.0,4739.0,1.0,1,track_0,,unknown,unknown
4738.0,4739.0,1.0,1,track_1,,unknown,unknown
4739.0,4740.0,1.0,1,track_0,,unknown,unknown
4739.0,4740.0,1.0,1,track_1,,unknown,unknown
4740.0,4741.0,1.0,1,track_0,,unknown,unknown
4740.0,4741.0,1.0,1,track_1,,unknown,unknown
4741.0,4742.0,1.0,1,track_0,,unknown,unknown
4741.0,4742.0,1.0,1,track_1,,unknown,unknown
4742.0,4743.0,1.0,1,track_0,,unknown,unknown
4742.0,4743.0,1.0,1,track_1,,unknown,unknown
4743.0,4744.0,1.0,1,track_0,,unknown,unknown
4743.0,4744.0,1.0,1,track_1,,unknown,unknown
4744.0,4745.0,1.0,1,track_0,,unknown,unknown
4744.0,4745.0,1.0,1,track_1,,unknown,unknown
4745.0,4746.0,1.0,1,track_0,,unknown,unknown
4745.0,4746.0,1.0,1,track_1,,unknown,unknown
4746.0,4747.0,1.0,1,track_0,,unknown,unknown
4746.0,4747.0,1.0,1,track_1,,unknown,unknown
4747.0,4748.0,1.0,1,track_0,,unknown,unknown
4747.0,4748.0,1.0,1,track_1,,unknown,unknown
4748.0,4749.0,1.0,1,track_0,,unknown,unknown
4748.0,4749.0,1.0,1,track_1,,unknown,unknown
4749.0,4750.0,1.0,1,track_0,,unknown,unknown
4749.0,4750.0,1.0,1,track_1,,unknown,unknown
4750.0,4751.0,1.0,1,track_0,,unknown,unknown
4750.0,4751.0,1.0,1,track_1,,unknown,unknown
4751.0,4752.0,1.0,1,track_0,,unknown,unknown
4751.0,4752.0,1.0,1,track_1,,unknown,unknown
4752.0,4753.0,1.0,1,track_0,,unknown,unknown
4752.0,4753.0,1.0,1,track_1,,unknown,unknown
4753.0,4754.0,1.0,1,track_0,,unknown,unknown
4753.0,4754.0,1.0,1,track_1,,unknown,unknown
4754.0,4755.0,1.0,1,track_0,,unknown,unknown
4754.0,4755.0,1.0,1,track_1,,unknown,unknown
4755.0,4756.0,1.0,1,track_0,,unknown,unknown
4755.0,4756.0,1.0,1,track_1,,unknown,unknown
4756.0,4757.0,1.0,1,track_0,,unknown,unknown
4756.0,4757.0,1.0,1,track_1,,unknown,unknown
4757.0,4758.0,1.0,1,track_0,,top,back
4757.0,4758.0,1.0,1,track_1,,unknown,unknown
4758.0,4759.0,1.0,1,track_0,,unknown,unknown
4758.0,4759.0,1.0,1,track_1,,unknown,unknown
4759.0,4760.0,1.0,1,track_0,,top,back
4759.0,4760.0,1.0,1,track_1,,unknown,unknown
4760.0,4761.0,1.0,1,track_0,,unknown,unknown
4760.0,4761.0,1.0,1,track_1,,unknown,unknown
4761.0,4762.0,1.0,1,track_0,,top,back
4761.0,4762.0,1.0,1,track_1,,unknown,unknown
4762.0,4763.0,1.0,1,track_0,,unknown,unknown
4762.0,4763.0,1.0,1,track_1,,unknown,unknown
4763.0,4764.0,1.0,1,track_0,,unknown,unknown
4763.0,4764.0,1.0,1,track_1,,unknown,unknown
4764.0,4765.0,1.0,1,track_0,,unknown,unknown
4764.0,4765.0,1.0,1,track_1,,unknown,unknown
4765.0,4766.0,1.0,1,track_0,,unknown,unknown
4765.0,4766.0,1.0,1,track_1,,unknown,unknown
4766.0,4767.0,1.0,1,track_0,,unknown,unknown
4766.0,4767.0,1.0,1,track_1,,unknown,unknown
4767.0,4768.0,1.0,1,track_0,,unknown,unknown
4767.0,4768.0,1.0,1,track_1,,unknown,unknown
4768.0,4769.0,1.0,1,track_0,,unknown,unknown
4768.0,4769.0,1.0,1,track_1,,unknown,unknown
4769.0,4770.0,1.0,1,track_0,,unknown,unknown
4769.0,4770.0,1.0,1,track_1,,unknown,unknown
4770.0,4771.0,1.0,1,track_0,,unknown,unknown
4770.0,4771.0,1.0,1,track_1,,unknown,unknown
4771.0,4772.0,1.0,1,track_0,,unknown,standing
4771.0,4772.0,1.0,1,track_1,,unknown,unknown
4772.0,4773.0,1.0,1,track_0,,unknown,standing
4772.0,4773.0,1.0,1,track_1,,unknown,unknown
4773.0,4774.0,1.0,1,track_0,,unknown,standing
4773.0,4774.0,1.0,1,track_1,,unknown,unknown
4774.0,4775.0,1.0,1,track_0,,unknown,standing
4774.0,4775.0,1.0,1,track_1,,unknown,unknown
4775.0,4776.0,1.0,1,track_0,,unknown,unknown
4775.0,4776.0,1.0,1,track_1,,unknown,unknown
4776.0,4777.0,1.0,1,track_0,,unknown,unknown
4776.0,4777.0,1.0,1,track_1,,unknown,unknown
4777.0,4778.0,1.0,1,track_0,,unknown,unknown
4777.0,4778.0,1.0,1,track_1,,unknown,unknown
4778.0,4779.0,1.0,1,track_0,,unknown,standing
4778.0,4779.0,1.0,1,track_1,,unknown,unknown
4779.0,4780.0,1.0,1,track_0,,unknown,standing
4779.0,4780.0,1.0,1,track_1,,unknown,unknown
4780.0,4781.0,1.0,1,track_0,,unknown,unknown
4780.0,4781.0,1.0,1,track_1,,unknown,unknown
4781.0,4782.0,1.0,1,track_0,,unknown,unknown
4781.0,4782.0,1.0,1,track_1,,unknown,unknown
4782.0,4783.0,1.0,1,track_0,,unknown,standing
4782.0,4783.0,1.0,1,track_1,,unknown,unknown
4783.0,4784.0,1.0,1,track_0,,unknown,standing
4783.0,4784.0,1.0,1,track_1,,unknown,unknown
4784.0,4785.0,1.0,1,track_0,,unknown,standing
4784.0,4785.0,1.0,1,track_1,,unknown,unknown
4785.0,4786.0,1.0,1,track_0,,unknown,standing
4785.0,4786.0,1.0,1,track_1,,unknown,unknown
4786.0,4787.0,1.0,1,track_0,,unknown,standing
4786.0,4787.0,1.0,1,track_1,,unknown,unknown
4787.0,4788.0,1.0,1,track_0,,unknown,standing
4787.0,4788.0,1.0,1,track_1,,unknown,unknown
4788.0,4789.0,1.0,1,track_0,,unknown,standing
4788.0,4789.0,1.0,1,track_1,,unknown,unknown
4789.0,4790.0,1.0,1,track_0,,unknown,standing
4789.0,4790.0,1.0,1,track_1,,unknown,unknown
4790.0,4791.0,1.0,1,track_0,,unknown,standing
4790.0,4791.0,1.0,1,track_1,,unknown,unknown
4791.0,4792.0,1.0,1,track_0,,unknown,standing
4791.0,4792.0,1.0,1,track_1,,unknown,unknown
4792.0,4793.0,1.0,1,track_0,,unknown,unknown
4792.0,4793.0,1.0,1,track_1,,unknown,unknown
4793.0,4794.0,1.0,1,track_0,,unknown,standing
4793.0,4794.0,1.0,1,track_1,,unknown,unknown
4794.0,4795.0,1.0,1,track_0,,unknown,unknown
4794.0,4795.0,1.0,1,track_1,,unknown,unknown
4795.0,4796.0,1.0,1,track_0,,unknown,unknown
4795.0,4796.0,1.0,1,track_1,,unknown,unknown
4796.0,4797.0,1.0,1,track_0,,unknown,unknown
4796.0,4797.0,1.0,1,track_1,,unknown,unknown
4797.0,4798.0,1.0,1,track_0,,unknown,standing
4797.0,4798.0,1.0,1,track_1,,unknown,unknown
4798.0,4799.0,1.0,1,track_0,,unknown,standing
4798.0,4799.0,1.0,1,track_1,,unknown,unknown
4799.0,4800.0,1.0,1,track_0,,unknown,unknown
4799.0,4800.0,1.0,1,track_1,,unknown,unknown
4800.0,4801.0,1.0,1,track_0,,unknown,unknown
4800.0,4801.0,1.0,1,track_1,,unknown,unknown
4801.0,4802.0,1.0,1,track_0,,unknown,unknown
4801.0,4802.0,1.0,1,track_1,,unknown,unknown
4802.0,4803.0,1.0,1,track_0,,unknown,unknown
4802.0,4803.0,1.0,1,track_1,,unknown,unknown
4803.0,4804.0,1.0,1,track_0,,unknown,unknown
4803.0,4804.0,1.0,1,track_1,,unknown,unknown
4804.0,4805.0,1.0,1,track_0,,unknown,unknown
4804.0,4805.0,1.0,1,track_1,,unknown,unknown
4805.0,4806.0,1.0,1,track_0,,unknown,unknown
4805.0,4806.0,1.0,1,track_1,,unknown,unknown
4806.0,4807.0,1.0,1,track_0,,unknown,unknown
4806.0,4807.0,1.0,1,track_1,,unknown,unknown
4807.0,4808.0,1.0,1,track_0,,unknown,unknown
4807.0,4808.0,1.0,1,track_1,,unknown,unknown
4808.0,4809.0,1.0,1,track_0,,unknown,unknown
4808.0,4809.0,1.0,1,track_1,,unknown,unknown
4809.0,4810.0,1.0,1,track_0,,unknown,unknown
4809.0,4810.0,1.0,1,track_1,,unknown,unknown
4810.0,4811.0,1.0,1,track_0,,unknown,unknown
4810.0,4811.0,1.0,1,track_1,,unknown,unknown
4811.0,4812.0,1.0,1,track_0,,unknown,unknown
4811.0,4812.0,1.0,1,track_1,,unknown,unknown
4812.0,4813.0,1.0,1,track_0,,unknown,unknown
4812.0,4813.0,1.0,1,track_1,,unknown,unknown
4813.0,4814.0,1.0,1,track_0,,unknown,unknown
4813.0,4814.0,1.0,1,track_1,,unknown,unknown
4814.0,4815.0,1.0,1,track_0,,unknown,unknown
4814.0,4815.0,1.0,1,track_1,,unknown,unknown
4815.0,4816.0,1.0,1,track_0,,unknown,unknown
4815.0,4816.0,1.0,1,track_1,,unknown,unknown
4816.0,4817.0,1.0,1,track_0,,unknown,unknown
4816.0,4817.0,1.0,1,track_1,,unknown,unknown
4817.0,4818.0,1.0,1,track_0,,unknown,unknown
4817.0,4818.0,1.0,1,track_1,,unknown,unknown
4818.0,4819.0,1.0,1,track_0,,unknown,standing
4818.0,4819.0,1.0,1,track_1,,unknown,unknown
4819.0,4820.0,1.0,1,track_0,,unknown,unknown
4819.0,4820.0,1.0,1,track_1,,unknown,unknown
4820.0,4821.0,1.0,1,track_0,,unknown,unknown
4820.0,4821.0,1.0,1,track_1,,unknown,unknown
4821.0,4822.0,1.0,1,track_0,,unknown,unknown
4821.0,4822.0,1.0,1,track_1,,unknown,unknown
4822.0,4823.0,1.0,1,track_0,,unknown,unknown
4822.0,4823.0,1.0,1,track_1,,unknown,unknown
4823.0,4824.0,1.0,1,track_0,,unknown,unknown
4823.0,4824.0,1.0,1,track_1,,unknown,unknown
4824.0,4825.0,1.0,1,track_0,,unknown,unknown
4824.0,4825.0,1.0,1,track_1,,unknown,unknown
4825.0,4826.0,1.0,1,track_0,,unknown,unknown
4825.0,4826.0,1.0,1,track_1,,unknown,unknown
4826.0,4827.0,1.0,1,track_0,,unknown,unknown
4826.0,4827.0,1.0,1,track_1,,unknown,unknown
4827.0,4828.0,1.0,1,track_0,,unknown,unknown
4827.0,4828.0,1.0,1,track_1,,unknown,unknown
4828.0,4829.0,1.0,1,track_0,,bottom,takedown
4828.0,4829.0,1.0,1,track_1,,unknown,unknown
4829.0,4830.0,1.0,1,track_0,,unknown,unknown
4829.0,4830.0,1.0,1,track_1,,unknown,unknown
4830.0,4831.0,1.0,1,track_0,,unknown,unknown
4830.0,4831.0,1.0,1,track_1,,unknown,unknown
4831.0,4832.0,1.0,1,track_0,,unknown,unknown
4831.0,4832.0,1.0,1,track_1,,unknown,unknown
4832.0,4833.0,1.0,1,track_0,,unknown,unknown
4832.0,4833.0,1.0,1,track_1,,unknown,unknown
4833.0,4834.0,1.0,1,track_0,,unknown,unknown
4833.0,4834.0,1.0,1,track_1,,unknown,unknown
4834.0,4835.0,1.0,1,track_0,,unknown,unknown
4834.0,4835.0,1.0,1,track_1,,unknown,unknown
4835.0,4836.0,1.0,1,track_0,,unknown,unknown
4835.0,4836.0,1.0,1,track_1,,unknown,unknown
4836.0,4837.0,1.0,1,track_0,,unknown,unknown
4836.0,4837.0,1.0,1,track_1,,unknown,unknown
4837.0,4838.0,1.0,1,track_0,,unknown,unknown
4837.0,4838.0,1.0,1,track_1,,unknown,unknown
4838.0,4839.0,1.0,1,track_0,,unknown,unknown
4838.0,4839.0,1.0,1,track_1,,unknown,unknown
4839.0,4840.0,1.0,1,track_0,,unknown,unknown
4839.0,4840.0,1.0,1,track_1,,unknown,unknown
4840.0,4841.0,1.0,1,track_0,,unknown,unknown
4840.0,4841.0,1.0,1,track_1,,unknown,unknown
4841.0,4842.0,1.0,1,track_0,,unknown,unknown
4841.0,4842.0,1.0,1,track_1,,unknown,unknown
4842.0,4843.0,1.0,1,track_0,,unknown,unknown
4842.0,4843.0,1.0,1,track_1,,unknown,unknown
4843.0,4844.0,1.0,1,track_0,,unknown,unknown
4843.0,4844.0,1.0,1,track_1,,unknown,unknown
4844.0,4845.0,1.0,1,track_0,,unknown,unknown
4844.0,4845.0,1.0,1,track_1,,unknown,unknown
4845.0,4846.0,1.0,1,track_0,,unknown,unknown
4845.0,4846.0,1.0,1,track_1,,unknown,unknown
4846.0,4847.0,1.0,1,track_0,,unknown,unknown
4846.0,4847.0,1.0,1,track_1,,unknown,unknown
4847.0,4848.0,1.0,1,track_0,,unknown,unknown
4847.0,4848.0,1.0,1,track_1,,unknown,unknown
4848.0,4849.0,1.0,1,track_0,,unknown,unknown
4848.0,4849.0,1.0,1,track_1,,unknown,unknown
4849.0,4850.0,1.0,1,track_0,,unknown,unknown
4849.0,4850.0,1.0,1,track_1,,unknown,unknown
4850.0,4851.0,1.0,1,track_0,,unknown,unknown
4850.0,4851.0,1.0,1,track_1,,unknown,unknown
4851.0,4852.0,1.0,1,track_0,,unknown,unknown
4851.0,4852.0,1.0,1,track_1,,unknown,unknown
4852.0,4853.0,1.0,1,track_0,,unknown,unknown
4852.0,4853.0,1.0,1,track_1,,unknown,unknown
4853.0,4854.0,1.0,1,track_0,,unknown,unknown
4853.0,4854.0,1.0,1,track_1,,unknown,unknown
4854.0,4855.0,1.0,1,track_0,,unknown,unknown
4854.0,4855.0,1.0,1,track_1,,unknown,unknown
4855.0,4856.0,1.0,1,track_0,,unknown,unknown
4855.0,4856.0,1.0,1,track_1,,unknown,unknown
4856.0,4857.0,1.0,1,track_0,,unknown,unknown
4856.0,4857.0,1.0,1,track_1,,unknown,unknown
4857.0,4858.0,1.0,1,track_0,,unknown,unknown
4857.0,4858.0,1.0,1,track_1,,unknown,unknown
4858.0,4859.0,1.0,1,track_0,,unknown,unknown
4858.0,4859.0,1.0,1,track_1,,unknown,unknown
4859.0,4860.0,1.0,1,track_0,,bottom,open guard
4859.0,4860.0,1.0,1,track_1,,unknown,unknown
4860.0,4861.0,1.0,1,track_0,,unknown,unknown
4860.0,4861.0,1.0,1,track_1,,unknown,unknown
4861.0,4862.0,1.0,1,track_0,,unknown,unknown
4861.0,4862.0,1.0,1,track_1,,unknown,unknown
4862.0,4863.0,1.0,1,track_0,,unknown,unknown
4862.0,4863.0,1.0,1,track_1,,unknown,unknown
4863.0,4864.0,1.0,1,track_0,,unknown,unknown
4863.0,4864.0,1.0,1,track_1,,unknown,unknown
4864.0,4865.0,1.0,1,track_0,,unknown,unknown
4864.0,4865.0,1.0,1,track_1,,unknown,unknown
4865.0,4866.0,1.0,1,track_0,,unknown,unknown
4865.0,4866.0,1.0,1,track_1,,unknown,unknown
4866.0,4867.0,1.0,1,track_0,,unknown,unknown
4866.0,4867.0,1.0,1,track_1,,unknown,unknown
4867.0,4868.0,1.0,1,track_0,,unknown,unknown
4867.0,4868.0,1.0,1,track_1,,unknown,unknown
4868.0,4869.0,1.0,1,track_0,,unknown,unknown
4868.0,4869.0,1.0,1,track_1,,unknown,unknown
4869.0,4870.0,1.0,1,track_0,,unknown,unknown
4869.0,4870.0,1.0,1,track_1,,unknown,unknown
4870.0,4871.0,1.0,1,track_0,,unknown,unknown
4870.0,4871.0,1.0,1,track_1,,unknown,unknown
4871.0,4872.0,1.0,1,track_0,,unknown,unknown
4871.0,4872.0,1.0,1,track_1,,unknown,unknown
4872.0,4873.0,1.0,1,track_0,,unknown,unknown
4872.0,4873.0,1.0,1,track_1,,unknown,unknown
4873.0,4874.0,1.0,1,track_0,,unknown,unknown
4873.0,4874.0,1.0,1,track_1,,unknown,unknown
4874.0,4875.0,1.0,1,track_0,,unknown,unknown
4874.0,4875.0,1.0,1,track_1,,unknown,unknown
4875.0,4876.0,1.0,1,track_0,,unknown,unknown
4875.0,4876.0,1.0,1,track_1,,unknown,unknown
4876.0,4877.0,1.0,1,track_0,,unknown,unknown
4876.0,4877.0,1.0,1,track_1,,unknown,unknown
4877.0,4878.0,1.0,1,track_0,,unknown,unknown
4877.0,4878.0,1.0,1,track_1,,unknown,unknown
4878.0,4879.0,1.0,1,track_0,,unknown,unknown
4878.0,4879.0,1.0,1,track_1,,unknown,unknown
4879.0,4880.0,1.0,1,track_0,,unknown,unknown
4879.0,4880.0,1.0,1,track_1,,unknown,unknown
4880.0,4881.0,1.0,1,track_0,,unknown,unknown
4880.0,4881.0,1.0,1,track_1,,unknown,unknown
4881.0,4882.0,1.0,1,track_0,,unknown,unknown
4881.0,4882.0,1.0,1,track_1,,unknown,unknown
4882.0,4883.0,1.0,1,track_0,,unknown,unknown
4882.0,4883.0,1.0,1,track_1,,unknown,unknown
4883.0,4884.0,1.0,1,track_0,,unknown,unknown
4883.0,4884.0,1.0,1,track_1,,unknown,unknown
4884.0,4885.0,1.0,1,track_0,,unknown,unknown
4884.0,4885.0,1.0,1,track_1,,unknown,unknown
4885.0,4886.0,1.0,1,track_0,,unknown,unknown
4885.0,4886.0,1.0,1,track_1,,unknown,unknown
4886.0,4887.0,1.0,1,track_0,,unknown,unknown
4886.0,4887.0,1.0,1,track_1,,unknown,unknown
4887.0,4888.0,1.0,1,track_0,,unknown,unknown
4887.0,4888.0,1.0,1,track_1,,unknown,unknown
4888.0,4889.0,1.0,1,track_0,,unknown,unknown
4888.0,4889.0,1.0,1,track_1,,unknown,unknown
4889.0,4890.0,1.0,1,track_0,,unknown,unknown
4889.0,4890.0,1.0,1,track_1,,unknown,unknown
4890.0,4891.0,1.0,1,track_0,,unknown,unknown
4890.0,4891.0,1.0,1,track_1,,unknown,unknown
4891.0,4892.0,1.0,1,track_0,,unknown,unknown
4891.0,4892.0,1.0,1,track_1,,unknown,unknown
4892.0,4893.0,1.0,1,track_0,,unknown,unknown
4892.0,4893.0,1.0,1,track_1,,unknown,unknown
4893.0,4894.0,1.0,1,track_0,,unknown,unknown
4893.0,4894.0,1.0,1,track_1,,unknown,unknown
4894.0,4895.0,1.0,1,track_0,,unknown,unknown
4894.0,4895.0,1.0,1,track_1,,unknown,unknown
4895.0,4896.0,1.0,1,track_0,,unknown,unknown
4895.0,4896.0,1.0,1,track_1,,unknown,unknown
4896.0,4897.0,1.0,1,track_0,,unknown,unknown
4896.0,4897.0,1.0,1,track_1,,unknown,unknown
4897.0,4898.0,1.0,1,track_0,,unknown,unknown
4897.0,4898.0,1.0,1,track_1,,unknown,unknown
4898.0,4899.0,1.0,1,track_0,,unknown,unknown
4898.0,4899.0,1.0,1,track_1,,unknown,unknown
4899.0,4900.0,1.0,1,track_0,,unknown,unknown
4899.0,4900.0,1.0,1,track_1,,unknown,unknown
4900.0,4901.0,1.0,1,track_0,,unknown,unknown
4900.0,4901.0,1.0,1,track_1,,unknown,unknown
4901.0,4902.0,1.0,1,track_0,,unknown,unknown
4901.0,4902.0,1.0,1,track_1,,unknown,unknown
4902.0,4903.0,1.0,1,track_0,,unknown,unknown
4902.0,4903.0,1.0,1,track_1,,unknown,unknown
4903.0,4904.0,1.0,1,track_0,,unknown,unknown
4903.0,4904.0,1.0,1,track_1,,unknown,unknown
4904.0,4905.0,1.0,1,track_0,,unknown,unknown
4904.0,4905.0,1.0,1,track_1,,unknown,unknown
4905.0,4906.0,1.0,1,track_0,,unknown,unknown
4905.0,4906.0,1.0,1,track_1,,unknown,unknown
4906.0,4907.0,1.0,1,track_0,,unknown,unknown
4906.0,4907.0,1.0,1,track_1,,unknown,unknown
4907.0,4908.0,1.0,1,track_0,,unknown,unknown
4907.0,4908.0,1.0,1,track_1,,unknown,unknown
4908.0,4909.0,1.0,1,track_0,,unknown,unknown
4908.0,4909.0,1.0,1,track_1,,unknown,unknown
4909.0,4910.0,1.0,1,track_0,,unknown,unknown
4909.0,4910.0,1.0,1,track_1,,unknown,unknown
4910.0,4911.0,1.0,1,track_0,,unknown,unknown
4910.0,4911.0,1.0,1,track_1,,unknown,unknown
4911.0,4912.0,1.0,1,track_0,,unknown,unknown
4911.0,4912.0,1.0,1,track_1,,unknown,unknown
4912.0,4913.0,1.0,1,track_0,,unknown,unknown
4912.0,4913.0,1.0,1,track_1,,unknown,unknown
4913.0,4914.0,1.0,1,track_0,,unknown,unknown
4913.0,4914.0,1.0,1,track_1,,unknown,unknown
4914.0,4915.0,1.0,1,track_0,,unknown,unknown
4914.0,4915.0,1.0,1,track_1,,unknown,unknown
4915.0,4916.0,1.0,1,track_0,,unknown,unknown
4915.0,4916.0,1.0,1,track_1,,unknown,unknown
4916.0,4917.0,1.0,1,track_0,,unknown,unknown
4916.0,4917.0,1.0,1,track_1,,unknown,unknown
4917.0,4918.0,1.0,1,track_0,,unknown,unknown
4917.0,4918.0,1.0,1,track_1,,unknown,unknown
4918.0,4919.0,1.0,1,track_0,,unknown,unknown
4918.0,4919.0,1.0,1,track_1,,unknown,unknown
4919.0,4920.0,1.0,1,track_0,,unknown,unknown
4919.0,4920.0,1.0,1,track_1,,unknown,unknown
4920.0,4921.0,1.0,1,track_0,,unknown,unknown
4920.0,4921.0,1.0,1,track_1,,unknown,unknown
4921.0,4922.0,1.0,1,track_0,,unknown,unknown
4921.0,4922.0,1.0,1,track_1,,unknown,unknown
4922.0,4923.0,1.0,1,track_0,,unknown,unknown
4922.0,4923.0,1.0,1,track_1,,unknown,unknown
4923.0,4924.0,1.0,1,track_0,,unknown,unknown
4923.0,4924.0,1.0,1,track_1,,unknown,unknown
4924.0,4925.0,1.0,1,track_0,,unknown,unknown
4924.0,4925.0,1.0,1,track_1,,unknown,unknown
4925.0,4926.0,1.0,1,track_0,,unknown,unknown
4925.0,4926.0,1.0,1,track_1,,unknown,unknown
4926.0,4927.0,1.0,1,track_0,,unknown,unknown
4926.0,4927.0,1.0,1,track_1,,unknown,unknown
4927.0,4928.0,1.0,1,track_0,,unknown,unknown
4927.0,4928.0,1.0,1,track_1,,unknown,unknown
4928.0,4929.0,1.0,1,track_0,,unknown,unknown
4928.0,4929.0,1.0,1,track_1,,unknown,unknown
4929.0,4930.0,1.0,1,track_0,,unknown,unknown
4929.0,4930.0,1.0,1,track_1,,unknown,unknown
4930.0,4931.0,1.0,1,track_0,,unknown,unknown
4930.0,4931.0,1.0,1,track_1,,unknown,unknown
4931.0,4932.0,1.0,1,track_0,,unknown,unknown
4931.0,4932.0,1.0,1,track_1,,unknown,unknown
4932.0,4933.0,1.0,1,track_0,,unknown,unknown
4932.0,4933.0,1.0,1,track_1,,unknown,unknown
4933.0,4934.0,1.0,1,track_0,,unknown,unknown
4933.0,4934.0,1.0,1,track_1,,unknown,unknown
4934.0,4935.0,1.0,1,track_0,,unknown,unknown
4934.0,4935.0,1.0,1,track_1,,unknown,unknown
4935.0,4936.0,1.0,1,track_0,,unknown,unknown
4935.0,4936.0,1.0,1,track_1,,unknown,unknown
4936.0,4937.0,1.0,1,track_0,,unknown,unknown
4936.0,4937.0,1.0,1,track_1,,unknown,unknown
4937.0,4938.0,1.0,1,track_0,,unknown,unknown
4937.0,4938.0,1.0,1,track_1,,unknown,unknown
4938.0,4939.0,1.0,1,track_0,,unknown,unknown
4938.0,4939.0,1.0,1,track_1,,unknown,unknown
4939.0,4940.0,1.0,1,track_0,,top,back
4939.0,4940.0,1.0,1,track_1,,unknown,unknown
4940.0,4941.0,1.0,1,track_0,,top,back
4940.0,4941.0,1.0,1,track_1,,unknown,unknown
4941.0,4942.0,1.0,1,track_0,,unknown,unknown
4941.0,4942.0,1.0,1,track_1,,unknown,unknown
4942.0,4943.0,1.0,1,track_0,,unknown,unknown
4942.0,4943.0,1.0,1,track_1,,unknown,unknown
4943.0,4944.0,1.0,1,track_0,,unknown,unknown
4943.0,4944.0,1.0,1,track_1,,unknown,unknown
4944.0,4945.0,1.0,1,track_0,,unknown,unknown
4944.0,4945.0,1.0,1,track_1,,unknown,unknown
4945.0,4946.0,1.0,1,track_0,,unknown,unknown
4945.0,4946.0,1.0,1,track_1,,unknown,unknown
4946.0,4947.0,1.0,1,track_0,,unknown,unknown
4946.0,4947.0,1.0,1,track_1,,unknown,unknown
4947.0,4948.0,1.0,1,track_0,,unknown,unknown
4947.0,4948.0,1.0,1,track_1,,unknown,unknown
4948.0,4949.0,1.0,1,track_0,,unknown,unknown
4948.0,4949.0,1.0,1,track_1,,unknown,unknown
4949.0,4950.0,1.0,1,track_0,,unknown,unknown
4949.0,4950.0,1.0,1,track_1,,unknown,unknown
4950.0,4951.0,1.0,1,track_0,,unknown,unknown
4950.0,4951.0,1.0,1,track_1,,unknown,unknown
4951.0,4952.0,1.0,1,track_0,,unknown,unknown
4951.0,4952.0,1.0,1,track_1,,unknown,unknown
4952.0,4953.0,1.0,1,track_0,,unknown,unknown
4952.0,4953.0,1.0,1,track_1,,unknown,unknown
4953.0,4954.0,1.0,1,track_0,,unknown,unknown
4953.0,4954.0,1.0,1,track_1,,unknown,unknown
4954.0,4955.0,1.0,1,track_0,,unknown,unknown
4954.0,4955.0,1.0,1,track_1,,unknown,unknown
4955.0,4956.0,1.0,1,track_0,,unknown,unknown
4955.0,4956.0,1.0,1,track_1,,unknown,unknown
4956.0,4957.0,1.0,1,track_0,,unknown,unknown
4956.0,4957.0,1.0,1,track_1,,unknown,unknown
4957.0,4958.0,1.0,1,track_0,,unknown,unknown
4957.0,4958.0,1.0,1,track_1,,unknown,unknown
4958.0,4959.0,1.0,1,track_0,,unknown,unknown
4958.0,4959.0,1.0,1,track_1,,unknown,unknown
4959.0,4960.0,1.0,1,track_0,,unknown,unknown
4959.0,4960.0,1.0,1,track_1,,unknown,unknown
4960.0,4961.0,1.0,1,track_0,,unknown,unknown
4960.0,4961.0,1.0,1,track_1,,unknown,unknown
4961.0,4962.0,1.0,1,track_0,,unknown,unknown
4961.0,4962.0,1.0,1,track_1,,unknown,unknown
4962.0,4963.0,1.0,1,track_0,,unknown,unknown
4962.0,4963.0,1.0,1,track_1,,unknown,unknown
4963.0,4964.0,1.0,1,track_0,,unknown,unknown
4963.0,4964.0,1.0,1,track_1,,unknown,unknown
4964.0,4965.0,1.0,1,track_0,,unknown,unknown
4964.0,4965.0,1.0,1,track_1,,unknown,unknown
4965.0,4966.0,1.0,1,track_0,,unknown,unknown
4965.0,4966.0,1.0,1,track_1,,unknown,unknown
4966.0,4967.0,1.0,1,track_0,,unknown,unknown
4966.0,4967.0,1.0,1,track_1,,unknown,unknown
4967.0,4968.0,1.0,1,track_0,,unknown,unknown
4967.0,4968.0,1.0,1,track_1,,unknown,unknown
4968.0,4969.0,1.0,1,track_0,,unknown,unknown
4968.0,4969.0,1.0,1,track_1,,unknown,unknown
4969.0,4970.0,1.0,1,track_0,,unknown,unknown
4969.0,4970.0,1.0,1,track_1,,unknown,unknown
4970.0,4971.0,1.0,1,track_0,,unknown,unknown
4970.0,4971.0,1.0,1,track_1,,unknown,unknown
4971.0,4972.0,1.0,1,track_0,,unknown,unknown
4971.0,4972.0,1.0,1,track_1,,unknown,unknown
4972.0,4973.0,1.0,1,track_0,,unknown,unknown
4972.0,4973.0,1.0,1,track_1,,unknown,unknown
4973.0,4974.0,1.0,1,track_0,,unknown,unknown
4973.0,4974.0,1.0,1,track_1,,unknown,unknown
4974.0,4975.0,1.0,1,track_0,,unknown,unknown
4974.0,4975.0,1.0,1,track_1,,unknown,unknown
4975.0,4976.0,1.0,1,track_0,,unknown,unknown
4975.0,4976.0,1.0,1,track_1,,unknown,unknown
4976.0,4977.0,1.0,1,track_0,,unknown,unknown
4976.0,4977.0,1.0,1,track_1,,unknown,unknown
4977.0,4978.0,1.0,1,track_0,,unknown,unknown
4977.0,4978.0,1.0,1,track_1,,unknown,unknown
4978.0,4979.0,1.0,1,track_0,,unknown,unknown
4978.0,4979.0,1.0,1,track_1,,unknown,unknown
4979.0,4980.0,1.0,1,track_0,,unknown,unknown
4979.0,4980.0,1.0,1,track_1,,unknown,unknown
4980.0,4981.0,1.0,1,track_0,,unknown,unknown
4980.0,4981.0,1.0,1,track_1,,unknown,unknown
4981.0,4982.0,1.0,1,track_0,,unknown,unknown
4981.0,4982.0,1.0,1,track_1,,unknown,unknown
4982.0,4983.0,1.0,1,track_0,,unknown,unknown
4982.0,4983.0,1.0,1,track_1,,unknown,unknown
4983.0,4984.0,1.0,1,track_0,,unknown,unknown
4983.0,4984.0,1.0,1,track_1,,unknown,unknown
4984.0,4985.0,1.0,1,track_0,,unknown,unknown
4984.0,4985.0,1.0,1,track_1,,unknown,unknown
4985.0,4986.0,1.0,1,track_0,,unknown,unknown
4985.0,4986.0,1.0,1,track_1,,unknown,unknown
4986.0,4987.0,1.0,1,track_0,,unknown,unknown
4986.0,4987.0,1.0,1,track_1,,unknown,unknown
4987.0,4988.0,1.0,1,track_0,,unknown,unknown
4987.0,4988.0,1.0,1,track_1,,unknown,unknown
4988.0,4989.0,1.0,1,track_0,,unknown,unknown
4988.0,4989.0,1.0,1,track_1,,unknown,unknown
4989.0,4990.0,1.0,1,track_0,,unknown,unknown
4989.0,4990.0,1.0,1,track_1,,unknown,unknown
4990.0,4991.0,1.0,1,track_0,,unknown,unknown
4990.0,4991.0,1.0,1,track_1,,unknown,unknown
4991.0,4992.0,1.0,1,track_0,,unknown,unknown
4991.0,4992.0,1.0,1,track_1,,unknown,unknown
4992.0,4993.0,1.0,1,track_0,,unknown,unknown
4992.0,4993.0,1.0,1,track_1,,unknown,unknown
4993.0,4994.0,1.0,1,track_0,,unknown,unknown
4993.0,4994.0,1.0,1,track_1,,unknown,unknown
4994.0,4995.0,1.0,1,track_0,,unknown,unknown
4994.0,4995.0,1.0,1,track_1,,unknown,unknown
4995.0,4996.0,1.0,1,track_0,,unknown,unknown
4995.0,4996.0,1.0,1,track_1,,unknown,unknown
4996.0,4997.0,1.0,1,track_0,,unknown,unknown
4996.0,4997.0,1.0,1,track_1,,unknown,unknown
4997.0,4998.0,1.0,1,track_0,,unknown,unknown
4997.0,4998.0,1.0,1,track_1,,unknown,unknown
4998.0,4999.0,1.0,1,track_0,,unknown,unknown
4998.0,4999.0,1.0,1,track_1,,unknown,unknown
4999.0,5000.0,1.0,1,track_0,,unknown,unknown
4999.0,5000.0,1.0,1,track_1,,unknown,unknown
5000.0,5001.0,1.0,1,track_0,,unknown,unknown
5000.0,5001.0,1.0,1,track_1,,unknown,unknown
5001.0,5002.0,1.0,1,track_0,,unknown,unknown
5001.0,5002.0,1.0,1,track_1,,unknown,unknown
5002.0,5003.0,1.0,1,track_0,,unknown,unknown
5002.0,5003.0,1.0,1,track_1,,unknown,unknown
5003.0,5004.0,1.0,1,track_0,,unknown,unknown
5003.0,5004.0,1.0,1,track_1,,unknown,unknown
5004.0,5005.0,1.0,1,track_0,,unknown,unknown
5004.0,5005.0,1.0,1,track_1,,unknown,unknown
5005.0,5006.0,1.0,1,track_0,,unknown,unknown
5005.0,5006.0,1.0,1,track_1,,unknown,unknown
5006.0,5007.0,1.0,1,track_0,,unknown,unknown
5006.0,5007.0,1.0,1,track_1,,unknown,unknown
5007.0,5008.0,1.0,1,track_0,,unknown,unknown
5007.0,5008.0,1.0,1,track_1,,unknown,unknown
5008.0,5009.0,1.0,1,track_0,,unknown,unknown
5008.0,5009.0,1.0,1,track_1,,unknown,unknown
5009.0,5010.0,1.0,1,track_0,,unknown,unknown
5009.0,5010.0,1.0,1,track_1,,unknown,unknown
5010.0,5011.0,1.0,1,track_0,,unknown,unknown
5010.0,5011.0,1.0,1,track_1,,unknown,unknown
5011.0,5012.0,1.0,1,track_0,,unknown,unknown
5011.0,5012.0,1.0,1,track_1,,unknown,unknown
5012.0,5013.0,1.0,1,track_0,,unknown,unknown
5012.0,5013.0,1.0,1,track_1,,unknown,unknown
5013.0,5014.0,1.0,1,track_0,,unknown,unknown
5013.0,5014.0,1.0,1,track_1,,unknown,unknown
5014.0,5015.0,1.0,1,track_0,,unknown,unknown
5014.0,5015.0,1.0,1,track_1,,unknown,unknown
5015.0,5016.0,1.0,1,track_0,,unknown,unknown
5015.0,5016.0,1.0,1,track_1,,unknown,unknown
5016.0,5017.0,1.0,1,track_0,,unknown,unknown
5016.0,5017.0,1.0,1,track_1,,unknown,unknown
5017.0,5018.0,1.0,1,track_0,,unknown,unknown
5017.0,5018.0,1.0,1,track_1,,unknown,unknown
5018.0,5019.0,1.0,1,track_0,,unknown,unknown
5018.0,5019.0,1.0,1,track_1,,unknown,unknown
5019.0,5020.0,1.0,1,track_0,,unknown,unknown
5019.0,5020.0,1.0,1,track_1,,unknown,unknown
5020.0,5021.0,1.0,1,track_0,,unknown,unknown
5020.0,5021.0,1.0,1,track_1,,unknown,unknown
5021.0,5022.0,1.0,1,track_0,,unknown,unknown
5021.0,5022.0,1.0,1,track_1,,unknown,unknown
5022.0,5023.0,1.0,1,track_0,,unknown,unknown
5022.0,5023.0,1.0,1,track_1,,unknown,unknown
5023.0,5024.0,1.0,1,track_0,,unknown,unknown
5023.0,5024.0,1.0,1,track_1,,unknown,unknown
5024.0,5025.0,1.0,1,track_0,,unknown,unknown
5024.0,5025.0,1.0,1,track_1,,unknown,unknown
5025.0,5026.0,1.0,1,track_0,,unknown,unknown
5025.0,5026.0,1.0,1,track_1,,unknown,unknown
5026.0,5027.0,1.0,1,track_0,,unknown,unknown
5026.0,5027.0,1.0,1,track_1,,unknown,unknown
5027.0,5028.0,1.0,1,track_0,,unknown,unknown
5027.0,5028.0,1.0,1,track_1,,unknown,unknown
5028.0,5029.0,1.0,1,track_0,,unknown,unknown
5028.0,5029.0,1.0,1,track_1,,unknown,unknown
5029.0,5030.0,1.0,1,track_0,,unknown,unknown
5029.0,5030.0,1.0,1,track_1,,unknown,unknown
5030.0,5031.0,1.0,1,track_0,,unknown,unknown
5030.0,5031.0,1.0,1,track_1,,unknown,unknown
5031.0,5032.0,1.0,1,track_0,,unknown,unknown
5031.0,5032.0,1.0,1,track_1,,unknown,unknown
5032.0,5033.0,1.0,1,track_0,,unknown,unknown
5032.0,5033.0,1.0,1,track_1,,unknown,unknown
5033.0,5034.0,1.0,1,track_0,,unknown,unknown
5033.0,5034.0,1.0,1,track_1,,unknown,unknown
5034.0,5035.0,1.0,1,track_0,,unknown,unknown
5034.0,5035.0,1.0,1,track_1,,unknown,unknown
5035.0,5036.0,1.0,1,track_0,,unknown,unknown
5035.0,5036.0,1.0,1,track_1,,unknown,unknown
5036.0,5037.0,1.0,1,track_0,,unknown,unknown
5036.0,5037.0,1.0,1,track_1,,unknown,unknown
5037.0,5038.0,1.0,1,track_0,,unknown,unknown
5037.0,5038.0,1.0,1,track_1,,unknown,unknown
5038.0,5039.0,1.0,1,track_0,,unknown,unknown
5038.0,5039.0,1.0,1,track_1,,unknown,unknown
5039.0,5040.0,1.0,1,track_0,,unknown,unknown
5039.0,5040.0,1.0,1,track_1,,unknown,unknown
5040.0,5041.0,1.0,1,track_0,,unknown,unknown
5040.0,5041.0,1.0,1,track_1,,unknown,unknown
5041.0,5042.0,1.0,1,track_0,,unknown,unknown
5041.0,5042.0,1.0,1,track_1,,unknown,unknown
5042.0,5043.0,1.0,1,track_0,,unknown,unknown
5042.0,5043.0,1.0,1,track_1,,unknown,unknown
5043.0,5044.0,1.0,1,track_0,,unknown,unknown
5043.0,5044.0,1.0,1,track_1,,unknown,unknown
5044.0,5045.0,1.0,1,track_0,,unknown,unknown
5044.0,5045.0,1.0,1,track_1,,unknown,unknown
5045.0,5046.0,1.0,1,track_0,,unknown,unknown
5045.0,5046.0,1.0,1,track_1,,unknown,unknown
5046.0,5047.0,1.0,1,track_0,,unknown,unknown
5046.0,5047.0,1.0,1,track_1,,unknown,unknown
5047.0,5048.0,1.0,1,track_0,,unknown,unknown
5047.0,5048.0,1.0,1,track_1,,unknown,unknown
5048.0,5049.0,1.0,1,track_0,,unknown,unknown
5048.0,5049.0,1.0,1,track_1,,unknown,unknown
5049.0,5050.0,1.0,1,track_0,,unknown,unknown
5049.0,5050.0,1.0,1,track_1,,unknown,unknown
5050.0,5051.0,1.0,1,track_0,,unknown,unknown
5050.0,5051.0,1.0,1,track_1,,unknown,unknown
5051.0,5052.0,1.0,1,track_0,,unknown,unknown
5051.0,5052.0,1.0,1,track_1,,unknown,unknown
5052.0,5053.0,1.0,1,track_0,,unknown,unknown
5052.0,5053.0,1.0,1,track_1,,unknown,unknown
5053.0,5054.0,1.0,1,track_0,,unknown,unknown
5053.0,5054.0,1.0,1,track_1,,unknown,unknown
5054.0,5055.0,1.0,1,track_0,,unknown,unknown
5054.0,5055.0,1.0,1,track_1,,unknown,unknown
5055.0,5056.0,1.0,1,track_0,,unknown,unknown
5055.0,5056.0,1.0,1,track_1,,unknown,unknown
5056.0,5057.0,1.0,1,track_0,,unknown,unknown
5056.0,5057.0,1.0,1,track_1,,unknown,unknown
5057.0,5058.0,1.0,1,track_0,,unknown,unknown
5057.0,5058.0,1.0,1,track_1,,unknown,unknown
5058.0,5059.0,1.0,1,track_0,,unknown,unknown
5058.0,5059.0,1.0,1,track_1,,unknown,unknown
5059.0,5060.0,1.0,1,track_0,,unknown,unknown
5059.0,5060.0,1.0,1,track_1,,unknown,unknown
5060.0,5061.0,1.0,1,track_0,,unknown,unknown
5060.0,5061.0,1.0,1,track_1,,unknown,unknown
5061.0,5062.0,1.0,1,track_0,,unknown,unknown
5061.0,5062.0,1.0,1,track_1,,unknown,unknown
5062.0,5063.0,1.0,1,track_0,,unknown,unknown
5062.0,5063.0,1.0,1,track_1,,unknown,unknown
5063.0,5064.0,1.0,1,track_0,,unknown,unknown
5063.0,5064.0,1.0,1,track_1,,unknown,unknown
5064.0,5065.0,1.0,1,track_0,,unknown,unknown
5064.0,5065.0,1.0,1,track_1,,unknown,unknown
5065.0,5066.0,1.0,1,track_0,,unknown,unknown
5065.0,5066.0,1.0,1,track_1,,unknown,unknown
5066.0,5067.0,1.0,1,track_0,,unknown,unknown
5066.0,5067.0,1.0,1,track_1,,unknown,unknown
5067.0,5068.0,1.0,1,track_0,,unknown,unknown
5067.0,5068.0,1.0,1,track_1,,unknown,unknown
5068.0,5069.0,1.0,1,track_0,,unknown,unknown
5068.0,5069.0,1.0,1,track_1,,unknown,unknown
5069.0,5070.0,1.0,1,track_0,,unknown,unknown
5069.0,5070.0,1.0,1,track_1,,unknown,unknown
5070.0,5071.0,1.0,1,track_0,,unknown,unknown
5070.0,5071.0,1.0,1,track_1,,unknown,unknown
5071.0,5072.0,1.0,1,track_0,,unknown,unknown
5071.0,5072.0,1.0,1,track_1,,unknown,unknown
5072.0,5073.0,1.0,1,track_0,,unknown,unknown
5072.0,5073.0,1.0,1,track_1,,unknown,unknown
5073.0,5074.0,1.0,1,track_0,,unknown,unknown
5073.0,5074.0,1.0,1,track_1,,unknown,unknown
5074.0,5075.0,1.0,1,track_0,,unknown,unknown
5074.0,5075.0,1.0,1,track_1,,unknown,unknown
5075.0,5076.0,1.0,1,track_0,,unknown,unknown
5075.0,5076.0,1.0,1,track_1,,unknown,unknown
5076.0,5077.0,1.0,1,track_0,,unknown,unknown
5076.0,5077.0,1.0,1,track_1,,unknown,unknown
5077.0,5078.0,1.0,1,track_0,,unknown,unknown
5077.0,5078.0,1.0,1,track_1,,unknown,unknown
5078.0,5079.0,1.0,1,track_0,,unknown,unknown
5078.0,5079.0,1.0,1,track_1,,unknown,unknown
5079.0,5080.0,1.0,1,track_0,,unknown,unknown
5079.0,5080.0,1.0,1,track_1,,unknown,unknown
5080.0,5081.0,1.0,1,track_0,,unknown,unknown
5080.0,5081.0,1.0,1,track_1,,unknown,unknown
5081.0,5082.0,1.0,1,track_0,,unknown,unknown
5081.0,5082.0,1.0,1,track_1,,unknown,unknown
5082.0,5083.0,1.0,1,track_0,,unknown,unknown
5082.0,5083.0,1.0,1,track_1,,unknown,unknown
5083.0,5084.0,1.0,1,track_0,,unknown,unknown
5083.0,5084.0,1.0,1,track_1,,unknown,unknown
5084.0,5085.0,1.0,1,track_0,,unknown,unknown
5084.0,5085.0,1.0,1,track_1,,unknown,unknown
5085.0,5086.0,1.0,1,track_0,,top,back
5085.0,5086.0,1.0,1,track_1,,unknown,unknown
5086.0,5087.0,1.0,1,track_0,,unknown,unknown
5086.0,5087.0,1.0,1,track_1,,unknown,unknown
5087.0,5088.0,1.0,1,track_0,,unknown,unknown
5087.0,5088.0,1.0,1,track_1,,unknown,unknown
5088.0,5089.0,1.0,1,track_0,,unknown,unknown
5088.0,5089.0,1.0,1,track_1,,unknown,unknown
5089.0,5090.0,1.0,1,track_0,,unknown,unknown
5089.0,5090.0,1.0,1,track_1,,unknown,unknown
5090.0,5091.0,1.0,1,track_0,,unknown,unknown
5090.0,5091.0,1.0,1,track_1,,unknown,unknown
5091.0,5092.0,1.0,1,track_0,,unknown,unknown
5091.0,5092.0,1.0,1,track_1,,unknown,unknown
5092.0,5093.0,1.0,1,track_0,,unknown,unknown
5092.0,5093.0,1.0,1,track_1,,unknown,unknown
5093.0,5094.0,1.0,1,track_0,,unknown,unknown
5093.0,5094.0,1.0,1,track_1,,unknown,unknown
5094.0,5095.0,1.0,1,track_0,,unknown,unknown
5094.0,5095.0,1.0,1,track_1,,unknown,unknown
5095.0,5096.0,1.0,1,track_0,,unknown,unknown
5095.0,5096.0,1.0,1,track_1,,unknown,unknown
5096.0,5097.0,1.0,1,track_0,,unknown,unknown
5096.0,5097.0,1.0,1,track_1,,unknown,unknown
5097.0,5098.0,1.0,1,track_0,,unknown,unknown
5097.0,5098.0,1.0,1,track_1,,unknown,unknown
5098.0,5099.0,1.0,1,track_0,,unknown,unknown
5098.0,5099.0,1.0,1,track_1,,unknown,unknown
5099.0,5100.0,1.0,1,track_0,,unknown,unknown
5099.0,5100.0,1.0,1,track_1,,unknown,unknown
5100.0,5101.0,1.0,1,track_0,,unknown,unknown
5100.0,5101.0,1.0,1,track_1,,unknown,unknown
5101.0,5102.0,1.0,1,track_0,,unknown,standing
5101.0,5102.0,1.0,1,track_1,,unknown,unknown
5102.0,5103.0,1.0,1,track_0,,unknown,standing
5102.0,5103.0,1.0,1,track_1,,unknown,unknown
5103.0,5104.0,1.0,1,track_0,,unknown,standing
5103.0,5104.0,1.0,1,track_1,,unknown,unknown
5104.0,5105.0,1.0,1,track_0,,unknown,unknown
5104.0,5105.0,1.0,1,track_1,,unknown,unknown
5105.0,5106.0,1.0,1,track_0,,unknown,unknown
5105.0,5106.0,1.0,1,track_1,,unknown,unknown
5106.0,5107.0,1.0,1,track_0,,unknown,unknown
5106.0,5107.0,1.0,1,track_1,,unknown,unknown
5107.0,5108.0,1.0,1,track_0,,unknown,unknown
5107.0,5108.0,1.0,1,track_1,,unknown,unknown
5108.0,5109.0,1.0,1,track_0,,unknown,standing
5108.0,5109.0,1.0,1,track_1,,unknown,unknown
5109.0,5110.0,1.0,1,track_0,,unknown,unknown
5109.0,5110.0,1.0,1,track_1,,unknown,unknown
5110.0,5111.0,1.0,1,track_0,,unknown,unknown
5110.0,5111.0,1.0,1,track_1,,unknown,unknown
5111.0,5112.0,1.0,1,track_0,,unknown,unknown
5111.0,5112.0,1.0,1,track_1,,unknown,unknown
5112.0,5113.0,1.0,1,track_0,,unknown,unknown
5112.0,5113.0,1.0,1,track_1,,unknown,unknown
5113.0,5114.0,1.0,1,track_0,,unknown,unknown
5113.0,5114.0,1.0,1,track_1,,unknown,unknown
5114.0,5115.0,1.0,1,track_0,,unknown,unknown
5114.0,5115.0,1.0,1,track_1,,unknown,unknown
5115.0,5116.0,1.0,1,track_0,,unknown,unknown
5115.0,5116.0,1.0,1,track_1,,unknown,unknown
5116.0,5117.0,1.0,1,track_0,,unknown,unknown
5116.0,5117.0,1.0,1,track_1,,unknown,unknown
5117.0,5118.0,1.0,1,track_0,,unknown,unknown
5117.0,5118.0,1.0,1,track_1,,unknown,unknown
5118.0,5119.0,1.0,1,track_0,,unknown,unknown
5118.0,5119.0,1.0,1,track_1,,unknown,unknown
5119.0,5120.0,1.0,1,track_0,,unknown,unknown
5119.0,5120.0,1.0,1,track_1,,unknown,unknown
5120.0,5121.0,1.0,1,track_0,,unknown,unknown
5120.0,5121.0,1.0,1,track_1,,unknown,unknown
5121.0,5122.0,1.0,1,track_0,,unknown,unknown
5121.0,5122.0,1.0,1,track_1,,unknown,unknown
5122.0,5123.0,1.0,1,track_0,,unknown,unknown
5122.0,5123.0,1.0,1,track_1,,unknown,unknown
5123.0,5124.0,1.0,1,track_0,,unknown,unknown
5123.0,5124.0,1.0,1,track_1,,unknown,unknown
5124.0,5125.0,1.0,1,track_0,,unknown,unknown
5124.0,5125.0,1.0,1,track_1,,unknown,unknown
5125.0,5126.0,1.0,1,track_0,,unknown,unknown
5125.0,5126.0,1.0,1,track_1,,unknown,unknown
5126.0,5127.0,1.0,1,track_0,,unknown,unknown
5126.0,5127.0,1.0,1,track_1,,unknown,unknown
5127.0,5128.0,1.0,1,track_0,,unknown,unknown
5127.0,5128.0,1.0,1,track_1,,unknown,unknown
5128.0,5129.0,1.0,1,track_0,,unknown,unknown
5128.0,5129.0,1.0,1,track_1,,unknown,unknown
5129.0,5130.0,1.0,1,track_0,,unknown,unknown
5129.0,5130.0,1.0,1,track_1,,unknown,unknown
5130.0,5131.0,1.0,1,track_0,,unknown,unknown
5130.0,5131.0,1.0,1,track_1,,unknown,unknown
5131.0,5132.0,1.0,1,track_0,,unknown,unknown
5131.0,5132.0,1.0,1,track_1,,unknown,unknown
5132.0,5133.0,1.0,1,track_0,,unknown,unknown
5132.0,5133.0,1.0,1,track_1,,unknown,unknown
5133.0,5134.0,1.0,1,track_0,,unknown,unknown
5133.0,5134.0,1.0,1,track_1,,unknown,unknown
5134.0,5135.0,1.0,1,track_0,,unknown,unknown
5134.0,5135.0,1.0,1,track_1,,unknown,unknown
5135.0,5136.0,1.0,1,track_0,,unknown,unknown
5135.0,5136.0,1.0,1,track_1,,unknown,unknown
5136.0,5137.0,1.0,1,track_0,,unknown,unknown
5136.0,5137.0,1.0,1,track_1,,unknown,unknown
5137.0,5138.0,1.0,1,track_0,,unknown,unknown
5137.0,5138.0,1.0,1,track_1,,unknown,unknown
5138.0,5139.0,1.0,1,track_0,,unknown,unknown
5138.0,5139.0,1.0,1,track_1,,unknown,unknown
5139.0,5140.0,1.0,1,track_0,,unknown,unknown
5139.0,5140.0,1.0,1,track_1,,unknown,unknown
5140.0,5141.0,1.0,1,track_0,,top,back
5140.0,5141.0,1.0,1,track_1,,unknown,unknown
5141.0,5142.0,1.0,1,track_0,,unknown,unknown
5141.0,5142.0,1.0,1,track_1,,unknown,unknown
5142.0,5143.0,1.0,1,track_0,,unknown,unknown
5142.0,5143.0,1.0,1,track_1,,unknown,unknown
5143.0,5144.0,1.0,1,track_0,,unknown,unknown
5143.0,5144.0,1.0,1,track_1,,unknown,unknown
5144.0,5145.0,1.0,1,track_0,,unknown,unknown
5144.0,5145.0,1.0,1,track_1,,unknown,unknown
5145.0,5146.0,1.0,1,track_0,,unknown,unknown
5145.0,5146.0,1.0,1,track_1,,unknown,unknown
5146.0,5147.0,1.0,1,track_0,,unknown,unknown
5146.0,5147.0,1.0,1,track_1,,unknown,unknown
5147.0,5148.0,1.0,1,track_0,,unknown,unknown
5147.0,5148.0,1.0,1,track_1,,unknown,unknown
5148.0,5149.0,1.0,1,track_0,,top,back
5148.0,5149.0,1.0,1,track_1,,unknown,unknown
5149.0,5150.0,1.0,1,track_0,,unknown,unknown
5149.0,5150.0,1.0,1,track_1,,unknown,unknown
5150.0,5151.0,1.0,1,track_0,,unknown,unknown
5150.0,5151.0,1.0,1,track_1,,unknown,unknown
5151.0,5152.0,1.0,1,track_0,,unknown,unknown
5151.0,5152.0,1.0,1,track_1,,unknown,unknown
5152.0,5153.0,1.0,1,track_0,,unknown,unknown
5152.0,5153.0,1.0,1,track_1,,unknown,unknown
5153.0,5154.0,1.0,1,track_0,,unknown,unknown
5153.0,5154.0,1.0,1,track_1,,unknown,unknown
5154.0,5155.0,1.0,1,track_0,,unknown,unknown
5154.0,5155.0,1.0,1,track_1,,unknown,unknown
5155.0,5156.0,1.0,1,track_0,,bottom,open guard
5155.0,5156.0,1.0,1,track_1,,unknown,unknown
5156.0,5157.0,1.0,1,track_0,,unknown,unknown
5156.0,5157.0,1.0,1,track_1,,unknown,unknown
5157.0,5158.0,1.0,1,track_0,,unknown,unknown
5157.0,5158.0,1.0,1,track_1,,unknown,unknown
5158.0,5159.0,1.0,1,track_0,,unknown,unknown
5158.0,5159.0,1.0,1,track_1,,unknown,unknown
5159.0,5160.0,1.0,1,track_0,,unknown,unknown
5159.0,5160.0,1.0,1,track_1,,unknown,unknown
5160.0,5161.0,1.0,1,track_0,,top,back
5160.0,5161.0,1.0,1,track_1,,unknown,unknown
5161.0,5162.0,1.0,1,track_0,,unknown,unknown
5161.0,5162.0,1.0,1,track_1,,unknown,unknown
5162.0,5163.0,1.0,1,track_0,,bottom,takedown
5162.0,5163.0,1.0,1,track_1,,unknown,unknown
5163.0,5164.0,1.0,1,track_0,,bottom,takedown
5163.0,5164.0,1.0,1,track_1,,unknown,unknown
5164.0,5165.0,1.0,1,track_0,,unknown,unknown
5164.0,5165.0,1.0,1,track_1,,unknown,unknown
5165.0,5166.0,1.0,1,track_0,,unknown,unknown
5165.0,5166.0,1.0,1,track_1,,unknown,unknown
5166.0,5167.0,1.0,1,track_0,,unknown,unknown
5166.0,5167.0,1.0,1,track_1,,unknown,unknown
5167.0,5168.0,1.0,1,track_0,,unknown,unknown
5167.0,5168.0,1.0,1,track_1,,unknown,unknown
5168.0,5169.0,1.0,1,track_0,,unknown,unknown
5168.0,5169.0,1.0,1,track_1,,unknown,unknown
5169.0,5170.0,1.0,1,track_0,,unknown,unknown
5169.0,5170.0,1.0,1,track_1,,unknown,unknown
5170.0,5171.0,1.0,1,track_0,,top,back
5170.0,5171.0,1.0,1,track_1,,unknown,unknown
5171.0,5172.0,1.0,1,track_0,,unknown,unknown
5171.0,5172.0,1.0,1,track_1,,unknown,unknown
5172.0,5173.0,1.0,1,track_0,,unknown,unknown
5172.0,5173.0,1.0,1,track_1,,unknown,unknown
5173.0,5174.0,1.0,1,track_0,,unknown,unknown
5173.0,5174.0,1.0,1,track_1,,unknown,unknown
5174.0,5175.0,1.0,1,track_0,,unknown,unknown
5174.0,5175.0,1.0,1,track_1,,unknown,unknown
5175.0,5176.0,1.0,1,track_0,,unknown,unknown
5175.0,5176.0,1.0,1,track_1,,unknown,unknown
5176.0,5177.0,1.0,1,track_0,,unknown,unknown
5176.0,5177.0,1.0,1,track_1,,unknown,unknown
5177.0,5178.0,1.0,1,track_0,,unknown,unknown
5177.0,5178.0,1.0,1,track_1,,unknown,unknown
5178.0,5179.0,1.0,1,track_0,,unknown,unknown
5178.0,5179.0,1.0,1,track_1,,unknown,unknown
5179.0,5180.0,1.0,1,track_0,,unknown,unknown
5179.0,5180.0,1.0,1,track_1,,unknown,unknown
5180.0,5181.0,1.0,1,track_0,,unknown,unknown
5180.0,5181.0,1.0,1,track_1,,unknown,unknown
5181.0,5182.0,1.0,1,track_0,,unknown,unknown
5181.0,5182.0,1.0,1,track_1,,unknown,unknown
5182.0,5183.0,1.0,1,track_0,,unknown,unknown
5182.0,5183.0,1.0,1,track_1,,unknown,unknown
5183.0,5184.0,1.0,1,track_0,,unknown,standing
5183.0,5184.0,1.0,1,track_1,,unknown,unknown
5184.0,5185.0,1.0,1,track_0,,unknown,unknown
5184.0,5185.0,1.0,1,track_1,,unknown,unknown
5185.0,5186.0,1.0,1,track_0,,unknown,unknown
5185.0,5186.0,1.0,1,track_1,,unknown,unknown
5186.0,5187.0,1.0,1,track_0,,unknown,unknown
5186.0,5187.0,1.0,1,track_1,,unknown,unknown
5187.0,5188.0,1.0,1,track_0,,unknown,unknown
5187.0,5188.0,1.0,1,track_1,,unknown,unknown
5188.0,5189.0,1.0,1,track_0,,unknown,unknown
5188.0,5189.0,1.0,1,track_1,,unknown,unknown
5189.0,5190.0,1.0,1,track_0,,unknown,unknown
5189.0,5190.0,1.0,1,track_1,,unknown,unknown
5190.0,5191.0,1.0,1,track_0,,unknown,unknown
5190.0,5191.0,1.0,1,track_1,,unknown,unknown
5191.0,5192.0,1.0,1,track_0,,unknown,unknown
5191.0,5192.0,1.0,1,track_1,,unknown,unknown
5192.0,5193.0,1.0,1,track_0,,unknown,unknown
5192.0,5193.0,1.0,1,track_1,,unknown,unknown
5193.0,5194.0,1.0,1,track_0,,unknown,unknown
5193.0,5194.0,1.0,1,track_1,,unknown,unknown
5194.0,5195.0,1.0,1,track_0,,unknown,unknown
5194.0,5195.0,1.0,1,track_1,,unknown,unknown
5195.0,5196.0,1.0,1,track_0,,unknown,unknown
5195.0,5196.0,1.0,1,track_1,,unknown,unknown
5196.0,5197.0,1.0,1,track_0,,unknown,unknown
5196.0,5197.0,1.0,1,track_1,,unknown,unknown
5197.0,5198.0,1.0,1,track_0,,unknown,unknown
5197.0,5198.0,1.0,1,track_1,,unknown,unknown
5198.0,5199.0,1.0,1,track_0,,unknown,unknown
5198.0,5199.0,1.0,1,track_1,,unknown,unknown
5199.0,5200.0,1.0,1,track_0,,unknown,unknown
5199.0,5200.0,1.0,1,track_1,,unknown,unknown
5200.0,5201.0,1.0,1,track_0,,unknown,unknown
5200.0,5201.0,1.0,1,track_1,,unknown,unknown
5201.0,5202.0,1.0,1,track_0,,unknown,unknown
5201.0,5202.0,1.0,1,track_1,,unknown,unknown
5202.0,5203.0,1.0,1,track_0,,unknown,unknown
5202.0,5203.0,1.0,1,track_1,,unknown,unknown
5203.0,5204.0,1.0,1,track_0,,unknown,standing
5203.0,5204.0,1.0,1,track_1,,unknown,unknown
5204.0,5205.0,1.0,1,track_0,,unknown,unknown
5204.0,5205.0,1.0,1,track_1,,unknown,unknown
5205.0,5206.0,1.0,1,track_0,,unknown,unknown
5205.0,5206.0,1.0,1,track_1,,unknown,unknown
5206.0,5207.0,1.0,1,track_0,,unknown,unknown
5206.0,5207.0,1.0,1,track_1,,unknown,unknown
5207.0,5208.0,1.0,1,track_0,,unknown,unknown
5207.0,5208.0,1.0,1,track_1,,unknown,unknown
5208.0,5209.0,1.0,1,track_0,,unknown,unknown
5208.0,5209.0,1.0,1,track_1,,unknown,unknown
5209.0,5210.0,1.0,1,track_0,,unknown,unknown
5209.0,5210.0,1.0,1,track_1,,unknown,unknown
5210.0,5211.0,1.0,1,track_0,,unknown,unknown
5210.0,5211.0,1.0,1,track_1,,unknown,unknown
5211.0,5212.0,1.0,1,track_0,,unknown,unknown
5211.0,5212.0,1.0,1,track_1,,unknown,unknown
5212.0,5213.0,1.0,1,track_0,,unknown,unknown
5212.0,5213.0,1.0,1,track_1,,unknown,unknown
5213.0,5214.0,1.0,1,track_0,,unknown,unknown
5213.0,5214.0,1.0,1,track_1,,unknown,unknown
5214.0,5215.0,1.0,1,track_0,,unknown,unknown
5214.0,5215.0,1.0,1,track_1,,unknown,unknown
5215.0,5216.0,1.0,1,track_0,,unknown,unknown
5215.0,5216.0,1.0,1,track_1,,unknown,unknown
5216.0,5217.0,1.0,1,track_0,,unknown,unknown
5216.0,5217.0,1.0,1,track_1,,unknown,unknown
5217.0,5218.0,1.0,1,track_0,,unknown,unknown
5217.0,5218.0,1.0,1,track_1,,unknown,unknown
5218.0,5219.0,1.0,1,track_0,,unknown,unknown
5218.0,5219.0,1.0,1,track_1,,unknown,unknown
5219.0,5220.0,1.0,1,track_0,,unknown,unknown
5219.0,5220.0,1.0,1,track_1,,unknown,unknown
5220.0,5221.0,1.0,1,track_0,,unknown,unknown
5220.0,5221.0,1.0,1,track_1,,unknown,unknown
5221.0,5222.0,1.0,1,track_0,,unknown,unknown
5221.0,5222.0,1.0,1,track_1,,unknown,unknown
5222.0,5223.0,1.0,1,track_0,,unknown,unknown
5222.0,5223.0,1.0,1,track_1,,unknown,unknown
5223.0,5224.0,1.0,1,track_0,,unknown,unknown
5223.0,5224.0,1.0,1,track_1,,unknown,unknown
5224.0,5225.0,1.0,1,track_0,,unknown,unknown
5224.0,5225.0,1.0,1,track_1,,unknown,unknown
5225.0,5226.0,1.0,1,track_0,,unknown,unknown
5225.0,5226.0,1.0,1,track_1,,unknown,unknown
5226.0,5227.0,1.0,1,track_0,,unknown,unknown
5226.0,5227.0,1.0,1,track_1,,unknown,unknown
5227.0,5228.0,1.0,1,track_0,,unknown,unknown
5227.0,5228.0,1.0,1,track_1,,unknown,unknown
5228.0,5229.0,1.0,1,track_0,,unknown,unknown
5228.0,5229.0,1.0,1,track_1,,unknown,unknown
5229.0,5230.0,1.0,1,track_0,,unknown,unknown
5229.0,5230.0,1.0,1,track_1,,unknown,unknown
5230.0,5231.0,1.0,1,track_0,,unknown,unknown
5230.0,5231.0,1.0,1,track_1,,unknown,unknown
5231.0,5232.0,1.0,1,track_0,,unknown,unknown
5231.0,5232.0,1.0,1,track_1,,unknown,unknown
5232.0,5233.0,1.0,1,track_0,,unknown,unknown
5232.0,5233.0,1.0,1,track_1,,unknown,unknown
5233.0,5234.0,1.0,1,track_0,,unknown,unknown
5233.0,5234.0,1.0,1,track_1,,unknown,unknown
5234.0,5235.0,1.0,1,track_0,,unknown,unknown
5234.0,5235.0,1.0,1,track_1,,unknown,unknown
5235.0,5236.0,1.0,1,track_0,,unknown,unknown
5235.0,5236.0,1.0,1,track_1,,unknown,unknown
5236.0,5237.0,1.0,1,track_0,,unknown,unknown
5236.0,5237.0,1.0,1,track_1,,unknown,unknown
5237.0,5238.0,1.0,1,track_0,,unknown,unknown
5237.0,5238.0,1.0,1,track_1,,unknown,unknown
5238.0,5239.0,1.0,1,track_0,,unknown,unknown
5238.0,5239.0,1.0,1,track_1,,unknown,unknown
5239.0,5240.0,1.0,1,track_0,,unknown,unknown
5239.0,5240.0,1.0,1,track_1,,unknown,unknown
5240.0,5241.0,1.0,1,track_0,,unknown,unknown
5240.0,5241.0,1.0,1,track_1,,unknown,unknown
5241.0,5242.0,1.0,1,track_0,,unknown,unknown
5241.0,5242.0,1.0,1,track_1,,unknown,unknown
5242.0,5243.0,1.0,1,track_0,,unknown,unknown
5242.0,5243.0,1.0,1,track_1,,unknown,unknown
5243.0,5244.0,1.0,1,track_0,,unknown,unknown
5243.0,5244.0,1.0,1,track_1,,unknown,unknown
5244.0,5245.0,1.0,1,track_0,,unknown,unknown
5244.0,5245.0,1.0,1,track_1,,unknown,unknown
5245.0,5246.0,1.0,1,track_0,,unknown,unknown
5245.0,5246.0,1.0,1,track_1,,unknown,unknown
5246.0,5247.0,1.0,1,track_0,,unknown,unknown
5246.0,5247.0,1.0,1,track_1,,unknown,unknown
5247.0,5248.0,1.0,1,track_0,,unknown,unknown
5247.0,5248.0,1.0,1,track_1,,unknown,unknown
5248.0,5249.0,1.0,1,track_0,,unknown,unknown
5248.0,5249.0,1.0,1,track_1,,unknown,unknown
5249.0,5250.0,1.0,1,track_0,,unknown,unknown
5249.0,5250.0,1.0,1,track_1,,unknown,unknown
5250.0,5251.0,1.0,1,track_0,,unknown,unknown
5250.0,5251.0,1.0,1,track_1,,unknown,unknown
5251.0,5252.0,1.0,1,track_0,,unknown,unknown
5251.0,5252.0,1.0,1,track_1,,unknown,unknown
5252.0,5253.0,1.0,1,track_0,,unknown,unknown
5252.0,5253.0,1.0,1,track_1,,unknown,unknown
5253.0,5254.0,1.0,1,track_0,,unknown,unknown
5253.0,5254.0,1.0,1,track_1,,unknown,unknown
5254.0,5255.0,1.0,1,track_0,,unknown,unknown
5254.0,5255.0,1.0,1,track_1,,unknown,unknown
5255.0,5256.0,1.0,1,track_0,,unknown,unknown
5255.0,5256.0,1.0,1,track_1,,unknown,unknown
5256.0,5257.0,1.0,1,track_0,,unknown,unknown
5256.0,5257.0,1.0,1,track_1,,unknown,unknown
5257.0,5258.0,1.0,1,track_0,,unknown,unknown
5257.0,5258.0,1.0,1,track_1,,unknown,unknown
5258.0,5259.0,1.0,1,track_0,,unknown,unknown
5258.0,5259.0,1.0,1,track_1,,unknown,unknown
5259.0,5260.0,1.0,1,track_0,,unknown,unknown
5259.0,5260.0,1.0,1,track_1,,unknown,unknown
5260.0,5261.0,1.0,1,track_0,,unknown,unknown
5260.0,5261.0,1.0,1,track_1,,unknown,unknown
5261.0,5262.0,1.0,1,track_0,,unknown,unknown
5261.0,5262.0,1.0,1,track_1,,unknown,unknown
5262.0,5263.0,1.0,1,track_0,,unknown,unknown
5262.0,5263.0,1.0,1,track_1,,unknown,unknown
5263.0,5264.0,1.0,1,track_0,,unknown,unknown
5263.0,5264.0,1.0,1,track_1,,unknown,unknown
5264.0,5265.0,1.0,1,track_0,,unknown,unknown
5264.0,5265.0,1.0,1,track_1,,unknown,unknown
5265.0,5266.0,1.0,1,track_0,,unknown,unknown
5265.0,5266.0,1.0,1,track_1,,unknown,unknown
5266.0,5267.0,1.0,1,track_0,,unknown,unknown
5266.0,5267.0,1.0,1,track_1,,unknown,unknown
5267.0,5268.0,1.0,1,track_0,,unknown,unknown
5267.0,5268.0,1.0,1,track_1,,unknown,unknown
5268.0,5269.0,1.0,1,track_0,,unknown,unknown
5268.0,5269.0,1.0,1,track_1,,unknown,unknown
5269.0,5270.0,1.0,1,track_0,,unknown,unknown
5269.0,5270.0,1.0,1,track_1,,unknown,unknown
5270.0,5271.0,1.0,1,track_0,,unknown,unknown
5270.0,5271.0,1.0,1,track_1,,unknown,unknown
5271.0,5272.0,1.0,1,track_0,,unknown,unknown
5271.0,5272.0,1.0,1,track_1,,unknown,unknown
5272.0,5273.0,1.0,1,track_0,,unknown,unknown
5272.0,5273.0,1.0,1,track_1,,unknown,unknown
5273.0,5274.0,1.0,1,track_0,,unknown,unknown
5273.0,5274.0,1.0,1,track_1,,unknown,unknown
5274.0,5275.0,1.0,1,track_0,,unknown,unknown
5274.0,5275.0,1.0,1,track_1,,unknown,unknown
5275.0,5276.0,1.0,1,track_0,,unknown,unknown
5275.0,5276.0,1.0,1,track_1,,unknown,unknown
5276.0,5277.0,1.0,1,track_0,,unknown,unknown
5276.0,5277.0,1.0,1,track_1,,unknown,unknown
5277.0,5278.0,1.0,1,track_0,,unknown,unknown
5277.0,5278.0,1.0,1,track_1,,unknown,unknown
5278.0,5279.0,1.0,1,track_0,,unknown,unknown
5278.0,5279.0,1.0,1,track_1,,unknown,unknown
5279.0,5280.0,1.0,1,track_0,,unknown,unknown
5279.0,5280.0,1.0,1,track_1,,unknown,unknown
5280.0,5281.0,1.0,1,track_0,,unknown,unknown
5280.0,5281.0,1.0,1,track_1,,unknown,unknown
5281.0,5282.0,1.0,1,track_0,,unknown,unknown
5281.0,5282.0,1.0,1,track_1,,unknown,unknown
5282.0,5283.0,1.0,1,track_0,,unknown,unknown
5282.0,5283.0,1.0,1,track_1,,unknown,unknown
5283.0,5284.0,1.0,1,track_0,,unknown,unknown
5283.0,5284.0,1.0,1,track_1,,unknown,unknown
5284.0,5285.0,1.0,1,track_0,,unknown,unknown
5284.0,5285.0,1.0,1,track_1,,unknown,unknown
5285.0,5286.0,1.0,1,track_0,,unknown,unknown
5285.0,5286.0,1.0,1,track_1,,unknown,unknown
5286.0,5287.0,1.0,1,track_0,,unknown,unknown
5286.0,5287.0,1.0,1,track_1,,unknown,unknown
5287.0,5288.0,1.0,1,track_0,,unknown,unknown
5287.0,5288.0,1.0,1,track_1,,unknown,unknown
5288.0,5289.0,1.0,1,track_0,,unknown,unknown
5288.0,5289.0,1.0,1,track_1,,unknown,unknown
5289.0,5290.0,1.0,1,track_0,,unknown,unknown
5289.0,5290.0,1.0,1,track_1,,unknown,unknown
5290.0,5291.0,1.0,1,track_0,,unknown,unknown
5290.0,5291.0,1.0,1,track_1,,unknown,unknown
5291.0,5292.0,1.0,1,track_0,,unknown,unknown
5291.0,5292.0,1.0,1,track_1,,unknown,unknown
5292.0,5293.0,1.0,1,track_0,,unknown,standing
5292.0,5293.0,1.0,1,track_1,,unknown,unknown
5293.0,5294.0,1.0,1,track_0,,unknown,unknown
5293.0,5294.0,1.0,1,track_1,,unknown,unknown
5294.0,5295.0,1.0,1,track_0,,unknown,unknown
5294.0,5295.0,1.0,1,track_1,,unknown,unknown
5295.0,5296.0,1.0,1,track_0,,unknown,unknown
5295.0,5296.0,1.0,1,track_1,,unknown,unknown
5296.0,5297.0,1.0,1,track_0,,unknown,unknown
5296.0,5297.0,1.0,1,track_1,,unknown,unknown
5297.0,5298.0,1.0,1,track_0,,unknown,unknown
5297.0,5298.0,1.0,1,track_1,,unknown,unknown
5298.0,5299.0,1.0,1,track_0,,unknown,unknown
5298.0,5299.0,1.0,1,track_1,,unknown,unknown
5299.0,5300.0,1.0,1,track_0,,top,back
5299.0,5300.0,1.0,1,track_1,,unknown,unknown
5300.0,5301.0,1.0,1,track_0,,top,back
5300.0,5301.0,1.0,1,track_1,,unknown,unknown
5301.0,5302.0,1.0,1,track_0,,unknown,unknown
5301.0,5302.0,1.0,1,track_1,,unknown,unknown
5302.0,5303.0,1.0,1,track_0,,unknown,unknown
5302.0,5303.0,1.0,1,track_1,,unknown,unknown
5303.0,5304.0,1.0,1,track_0,,unknown,unknown
5303.0,5304.0,1.0,1,track_1,,unknown,unknown
5304.0,5305.0,1.0,1,track_0,,unknown,unknown
5304.0,5305.0,1.0,1,track_1,,unknown,unknown
5305.0,5306.0,1.0,1,track_0,,unknown,unknown
5305.0,5306.0,1.0,1,track_1,,unknown,unknown
5306.0,5307.0,1.0,1,track_0,,unknown,unknown
5306.0,5307.0,1.0,1,track_1,,unknown,unknown
5307.0,5308.0,1.0,1,track_0,,unknown,unknown
5307.0,5308.0,1.0,1,track_1,,unknown,unknown
5308.0,5309.0,1.0,1,track_0,,unknown,unknown
5308.0,5309.0,1.0,1,track_1,,unknown,unknown
5309.0,5310.0,1.0,1,track_0,,unknown,unknown
5309.0,5310.0,1.0,1,track_1,,unknown,unknown
5310.0,5311.0,1.0,1,track_0,,unknown,unknown
5310.0,5311.0,1.0,1,track_1,,unknown,unknown
5311.0,5312.0,1.0,1,track_0,,top,back
5311.0,5312.0,1.0,1,track_1,,unknown,unknown
5312.0,5313.0,1.0,1,track_0,,unknown,unknown
5312.0,5313.0,1.0,1,track_1,,unknown,unknown
5313.0,5314.0,1.0,1,track_0,,unknown,unknown
5313.0,5314.0,1.0,1,track_1,,unknown,unknown
5314.0,5315.0,1.0,1,track_0,,unknown,unknown
5314.0,5315.0,1.0,1,track_1,,unknown,unknown
5315.0,5316.0,1.0,1,track_0,,unknown,unknown
5315.0,5316.0,1.0,1,track_1,,unknown,unknown
5316.0,5317.0,1.0,1,track_0,,unknown,unknown
5316.0,5317.0,1.0,1,track_1,,unknown,unknown
5317.0,5318.0,1.0,1,track_0,,unknown,unknown
5317.0,5318.0,1.0,1,track_1,,unknown,unknown
5318.0,5319.0,1.0,1,track_0,,unknown,unknown
5318.0,5319.0,1.0,1,track_1,,unknown,unknown
5319.0,5320.0,1.0,1,track_0,,unknown,unknown
5319.0,5320.0,1.0,1,track_1,,unknown,unknown
5320.0,5321.0,1.0,1,track_0,,unknown,unknown
5320.0,5321.0,1.0,1,track_1,,unknown,unknown
5321.0,5322.0,1.0,1,track_0,,unknown,unknown
5321.0,5322.0,1.0,1,track_1,,unknown,unknown
5322.0,5323.0,1.0,1,track_0,,top,back
5322.0,5323.0,1.0,1,track_1,,unknown,unknown
5323.0,5324.0,1.0,1,track_0,,top,back
5323.0,5324.0,1.0,1,track_1,,unknown,unknown
5324.0,5325.0,1.0,1,track_0,,unknown,unknown
5324.0,5325.0,1.0,1,track_1,,unknown,unknown
5325.0,5326.0,1.0,1,track_0,,top,back
5325.0,5326.0,1.0,1,track_1,,unknown,unknown
5326.0,5327.0,1.0,1,track_0,,unknown,unknown
5326.0,5327.0,1.0,1,track_1,,unknown,unknown
5327.0,5328.0,1.0,1,track_0,,unknown,unknown
5327.0,5328.0,1.0,1,track_1,,unknown,unknown
5328.0,5329.0,1.0,1,track_0,,unknown,unknown
5328.0,5329.0,1.0,1,track_1,,unknown,unknown
5329.0,5330.0,1.0,1,track_0,,unknown,unknown
5329.0,5330.0,1.0,1,track_1,,unknown,unknown
5330.0,5331.0,1.0,1,track_0,,top,back
5330.0,5331.0,1.0,1,track_1,,unknown,unknown
5331.0,5332.0,1.0,1,track_0,,unknown,unknown
5331.0,5332.0,1.0,1,track_1,,unknown,unknown
5332.0,5333.0,1.0,1,track_0,,unknown,unknown
5332.0,5333.0,1.0,1,track_1,,unknown,unknown
5333.0,5334.0,1.0,1,track_0,,top,back
5333.0,5334.0,1.0,1,track_1,,unknown,unknown
5334.0,5335.0,1.0,1,track_0,,unknown,unknown
5334.0,5335.0,1.0,1,track_1,,unknown,unknown
5335.0,5336.0,1.0,1,track_0,,unknown,unknown
5335.0,5336.0,1.0,1,track_1,,unknown,unknown
5336.0,5337.0,1.0,1,track_0,,unknown,unknown
5336.0,5337.0,1.0,1,track_1,,unknown,unknown
5337.0,5338.0,1.0,1,track_0,,unknown,unknown
5337.0,5338.0,1.0,1,track_1,,unknown,unknown
5338.0,5339.0,1.0,1,track_0,,unknown,unknown
5338.0,5339.0,1.0,1,track_1,,unknown,unknown
5339.0,5340.0,1.0,1,track_0,,unknown,unknown
5339.0,5340.0,1.0,1,track_1,,unknown,unknown
5340.0,5341.0,1.0,1,track_0,,unknown,unknown
5340.0,5341.0,1.0,1,track_1,,unknown,unknown
5341.0,5342.0,1.0,1,track_0,,unknown,unknown
5341.0,5342.0,1.0,1,track_1,,unknown,unknown
5342.0,5343.0,1.0,1,track_0,,unknown,unknown
5342.0,5343.0,1.0,1,track_1,,unknown,unknown
5343.0,5344.0,1.0,1,track_0,,unknown,unknown
5343.0,5344.0,1.0,1,track_1,,unknown,unknown
5344.0,5345.0,1.0,1,track_0,,unknown,unknown
5344.0,5345.0,1.0,1,track_1,,unknown,unknown
5345.0,5346.0,1.0,1,track_0,,unknown,unknown
5345.0,5346.0,1.0,1,track_1,,unknown,unknown
5346.0,5347.0,1.0,1,track_0,,unknown,unknown
5346.0,5347.0,1.0,1,track_1,,unknown,unknown
5347.0,5348.0,1.0,1,track_0,,unknown,unknown
5347.0,5348.0,1.0,1,track_1,,unknown,unknown
5348.0,5349.0,1.0,1,track_0,,unknown,unknown
5348.0,5349.0,1.0,1,track_1,,unknown,unknown
5349.0,5350.0,1.0,1,track_0,,unknown,unknown
5349.0,5350.0,1.0,1,track_1,,unknown,unknown
5350.0,5351.0,1.0,1,track_0,,unknown,unknown
5350.0,5351.0,1.0,1,track_1,,unknown,unknown
5351.0,5352.0,1.0,1,track_0,,unknown,unknown
5351.0,5352.0,1.0,1,track_1,,unknown,unknown
5352.0,5353.0,1.0,1,track_0,,unknown,unknown
5352.0,5353.0,1.0,1,track_1,,unknown,unknown
5353.0,5354.0,1.0,1,track_0,,unknown,unknown
5353.0,5354.0,1.0,1,track_1,,unknown,unknown
5354.0,5355.0,1.0,1,track_0,,unknown,unknown
5354.0,5355.0,1.0,1,track_1,,unknown,unknown
5355.0,5356.0,1.0,1,track_0,,top,back
5355.0,5356.0,1.0,1,track_1,,unknown,unknown
5356.0,5357.0,1.0,1,track_0,,unknown,unknown
5356.0,5357.0,1.0,1,track_1,,unknown,unknown
5357.0,5358.0,1.0,1,track_0,,unknown,unknown
5357.0,5358.0,1.0,1,track_1,,unknown,unknown
5358.0,5359.0,1.0,1,track_0,,unknown,unknown
5358.0,5359.0,1.0,1,track_1,,unknown,unknown
5359.0,5360.0,1.0,1,track_0,,unknown,unknown
5359.0,5360.0,1.0,1,track_1,,unknown,unknown
5360.0,5361.0,1.0,1,track_0,,unknown,unknown
5360.0,5361.0,1.0,1,track_1,,unknown,unknown
5361.0,5362.0,1.0,1,track_0,,unknown,unknown
5361.0,5362.0,1.0,1,track_1,,unknown,unknown
5362.0,5363.0,1.0,1,track_0,,unknown,unknown
5362.0,5363.0,1.0,1,track_1,,unknown,unknown
5363.0,5364.0,1.0,1,track_0,,unknown,unknown
5363.0,5364.0,1.0,1,track_1,,unknown,unknown
5364.0,5365.0,1.0,1,track_0,,unknown,unknown
5364.0,5365.0,1.0,1,track_1,,unknown,unknown
5365.0,5366.0,1.0,1,track_0,,unknown,unknown
5365.0,5366.0,1.0,1,track_1,,unknown,unknown
5366.0,5367.0,1.0,1,track_0,,unknown,unknown
5366.0,5367.0,1.0,1,track_1,,unknown,unknown
5367.0,5368.0,1.0,1,track_0,,unknown,unknown
5367.0,5368.0,1.0,1,track_1,,unknown,unknown
5368.0,5369.0,1.0,1,track_0,,unknown,unknown
5368.0,5369.0,1.0,1,track_1,,unknown,unknown
5369.0,5370.0,1.0,1,track_0,,unknown,unknown
5369.0,5370.0,1.0,1,track_1,,unknown,unknown
5370.0,5371.0,1.0,1,track_0,,unknown,unknown
5370.0,5371.0,1.0,1,track_1,,unknown,unknown
5371.0,5372.0,1.0,1,track_0,,unknown,unknown
5371.0,5372.0,1.0,1,track_1,,unknown,unknown
5372.0,5373.0,1.0,1,track_0,,top,back
5372.0,5373.0,1.0,1,track_1,,unknown,unknown
5373.0,5374.0,1.0,1,track_0,,unknown,unknown
5373.0,5374.0,1.0,1,track_1,,unknown,unknown
5374.0,5375.0,1.0,1,track_0,,unknown,unknown
5374.0,5375.0,1.0,1,track_1,,unknown,unknown
5375.0,5376.0,1.0,1,track_0,,unknown,unknown
5375.0,5376.0,1.0,1,track_1,,unknown,unknown
5376.0,5377.0,1.0,1,track_0,,unknown,unknown
5376.0,5377.0,1.0,1,track_1,,unknown,unknown
5377.0,5378.0,1.0,1,track_0,,unknown,unknown
5377.0,5378.0,1.0,1,track_1,,unknown,unknown
5378.0,5379.0,1.0,1,track_0,,unknown,unknown
5378.0,5379.0,1.0,1,track_1,,unknown,unknown
5379.0,5380.0,1.0,1,track_0,,unknown,unknown
5379.0,5380.0,1.0,1,track_1,,unknown,unknown
5380.0,5381.0,1.0,1,track_0,,unknown,unknown
5380.0,5381.0,1.0,1,track_1,,unknown,unknown
5381.0,5382.0,1.0,1,track_0,,unknown,unknown
5381.0,5382.0,1.0,1,track_1,,unknown,unknown
5382.0,5383.0,1.0,1,track_0,,unknown,unknown
5382.0,5383.0,1.0,1,track_1,,unknown,unknown
5383.0,5384.0,1.0,1,track_0,,unknown,unknown
5383.0,5384.0,1.0,1,track_1,,unknown,unknown
5384.0,5385.0,1.0,1,track_0,,unknown,unknown
5384.0,5385.0,1.0,1,track_1,,unknown,unknown
5385.0,5386.0,1.0,1,track_0,,unknown,unknown
5385.0,5386.0,1.0,1,track_1,,unknown,unknown
5386.0,5387.0,1.0,1,track_0,,unknown,unknown
5386.0,5387.0,1.0,1,track_1,,unknown,unknown
5387.0,5388.0,1.0,1,track_0,,unknown,unknown
5387.0,5388.0,1.0,1,track_1,,unknown,unknown
5388.0,5389.0,1.0,1,track_0,,unknown,standing
5388.0,5389.0,1.0,1,track_1,,unknown,unknown
5389.0,5390.0,1.0,1,track_0,,unknown,unknown
5389.0,5390.0,1.0,1,track_1,,unknown,unknown
5390.0,5391.0,1.0,1,track_0,,unknown,unknown
5390.0,5391.0,1.0,1,track_1,,unknown,unknown
5391.0,5392.0,1.0,1,track_0,,unknown,unknown
5391.0,5392.0,1.0,1,track_1,,unknown,unknown
5392.0,5393.0,1.0,1,track_0,,unknown,unknown
5392.0,5393.0,1.0,1,track_1,,unknown,unknown
5393.0,5394.0,1.0,1,track_0,,unknown,unknown
5393.0,5394.0,1.0,1,track_1,,unknown,unknown
5394.0,5395.0,1.0,1,track_0,,unknown,unknown
5394.0,5395.0,1.0,1,track_1,,unknown,unknown
5395.0,5396.0,1.0,1,track_0,,unknown,standing
5395.0,5396.0,1.0,1,track_1,,unknown,unknown
5396.0,5397.0,1.0,1,track_0,,unknown,unknown
5396.0,5397.0,1.0,1,track_1,,unknown,unknown
5397.0,5398.0,1.0,1,track_0,,unknown,unknown
5397.0,5398.0,1.0,1,track_1,,unknown,unknown
5398.0,5399.0,1.0,1,track_0,,unknown,unknown
5398.0,5399.0,1.0,1,track_1,,unknown,unknown
5399.0,5400.0,1.0,1,track_0,,unknown,unknown
5399.0,5400.0,1.0,1,track_1,,unknown,unknown
5400.0,5401.0,1.0,1,track_0,,unknown,unknown
5400.0,5401.0,1.0,1,track_1,,unknown,unknown
5401.0,5402.0,1.0,1,track_0,,unknown,unknown
5401.0,5402.0,1.0,1,track_1,,unknown,unknown
5402.0,5403.0,1.0,1,track_0,,unknown,unknown
5402.0,5403.0,1.0,1,track_1,,unknown,unknown
5403.0,5404.0,1.0,1,track_0,,unknown,unknown
5403.0,5404.0,1.0,1,track_1,,unknown,unknown
5404.0,5405.0,1.0,1,track_0,,unknown,unknown
5404.0,5405.0,1.0,1,track_1,,unknown,unknown
5405.0,5406.0,1.0,1,track_0,,unknown,unknown
5405.0,5406.0,1.0,1,track_1,,unknown,unknown
5406.0,5407.0,1.0,1,track_0,,unknown,unknown
5406.0,5407.0,1.0,1,track_1,,unknown,unknown
5407.0,5408.0,1.0,1,track_0,,bottom,open guard
5407.0,5408.0,1.0,1,track_1,,unknown,unknown
5408.0,5409.0,1.0,1,track_0,,unknown,unknown
5408.0,5409.0,1.0,1,track_1,,unknown,unknown
5409.0,5410.0,1.0,1,track_0,,unknown,unknown
5409.0,5410.0,1.0,1,track_1,,unknown,unknown
5410.0,5411.0,1.0,1,track_0,,unknown,unknown
5410.0,5411.0,1.0,1,track_1,,unknown,unknown
5411.0,5412.0,1.0,1,track_0,,unknown,unknown
5411.0,5412.0,1.0,1,track_1,,unknown,unknown
5412.0,5413.0,1.0,1,track_0,,unknown,unknown
5412.0,5413.0,1.0,1,track_1,,unknown,unknown
5413.0,5414.0,1.0,1,track_0,,unknown,unknown
5413.0,5414.0,1.0,1,track_1,,unknown,unknown
5414.0,5415.0,1.0,1,track_0,,unknown,unknown
5414.0,5415.0,1.0,1,track_1,,unknown,unknown
5415.0,5416.0,1.0,1,track_0,,bottom,open guard
5415.0,5416.0,1.0,1,track_1,,unknown,unknown
5416.0,5417.0,1.0,1,track_0,,bottom,open guard
5416.0,5417.0,1.0,1,track_1,,unknown,unknown
5417.0,5418.0,1.0,1,track_0,,unknown,unknown
5417.0,5418.0,1.0,1,track_1,,unknown,unknown
5418.0,5419.0,1.0,1,track_0,,top,back
5418.0,5419.0,1.0,1,track_1,,unknown,unknown
5419.0,5420.0,1.0,1,track_0,,unknown,unknown
5419.0,5420.0,1.0,1,track_1,,unknown,unknown
5420.0,5421.0,1.0,1,track_0,,unknown,unknown
5420.0,5421.0,1.0,1,track_1,,unknown,unknown
5421.0,5422.0,1.0,1,track_0,,unknown,unknown
5421.0,5422.0,1.0,1,track_1,,unknown,unknown
5422.0,5423.0,1.0,1,track_0,,unknown,unknown
5422.0,5423.0,1.0,1,track_1,,unknown,unknown
5423.0,5424.0,1.0,1,track_0,,unknown,unknown
5423.0,5424.0,1.0,1,track_1,,unknown,unknown
5424.0,5425.0,1.0,1,track_0,,unknown,unknown
5424.0,5425.0,1.0,1,track_1,,unknown,unknown
5425.0,5426.0,1.0,1,track_0,,unknown,unknown
5425.0,5426.0,1.0,1,track_1,,unknown,unknown
5426.0,5427.0,1.0,1,track_0,,unknown,unknown
5426.0,5427.0,1.0,1,track_1,,unknown,unknown
5427.0,5428.0,1.0,1,track_0,,unknown,unknown
5427.0,5428.0,1.0,1,track_1,,unknown,unknown
5428.0,5429.0,1.0,1,track_0,,unknown,unknown
5428.0,5429.0,1.0,1,track_1,,unknown,unknown
5429.0,5430.0,1.0,1,track_0,,unknown,unknown
5429.0,5430.0,1.0,1,track_1,,unknown,unknown
5430.0,5431.0,1.0,1,track_0,,unknown,unknown
5430.0,5431.0,1.0,1,track_1,,unknown,unknown
5431.0,5432.0,1.0,1,track_0,,unknown,unknown
5431.0,5432.0,1.0,1,track_1,,unknown,unknown
5432.0,5433.0,1.0,1,track_0,,unknown,unknown
5432.0,5433.0,1.0,1,track_1,,unknown,unknown
5433.0,5434.0,1.0,1,track_0,,unknown,unknown
5433.0,5434.0,1.0,1,track_1,,unknown,unknown
5434.0,5435.0,1.0,1,track_0,,unknown,unknown
5434.0,5435.0,1.0,1,track_1,,unknown,unknown
5435.0,5436.0,1.0,1,track_0,,unknown,unknown
5435.0,5436.0,1.0,1,track_1,,unknown,unknown
5436.0,5437.0,1.0,1,track_0,,unknown,standing
5436.0,5437.0,1.0,1,track_1,,unknown,unknown
5437.0,5438.0,1.0,1,track_0,,top,back
5437.0,5438.0,1.0,1,track_1,,unknown,unknown
5438.0,5439.0,1.0,1,track_0,,unknown,unknown
5438.0,5439.0,1.0,1,track_1,,unknown,unknown
5439.0,5440.0,1.0,1,track_0,,unknown,unknown
5439.0,5440.0,1.0,1,track_1,,unknown,unknown
5440.0,5441.0,1.0,1,track_0,,unknown,unknown
5440.0,5441.0,1.0,1,track_1,,unknown,unknown
5441.0,5442.0,1.0,1,track_0,,top,back
5441.0,5442.0,1.0,1,track_1,,unknown,unknown
5442.0,5443.0,1.0,1,track_0,,top,back
5442.0,5443.0,1.0,1,track_1,,unknown,unknown
5443.0,5444.0,1.0,1,track_0,,unknown,unknown
5443.0,5444.0,1.0,1,track_1,,unknown,unknown
5444.0,5445.0,1.0,1,track_0,,unknown,unknown
5444.0,5445.0,1.0,1,track_1,,unknown,unknown
5445.0,5446.0,1.0,1,track_0,,unknown,unknown
5445.0,5446.0,1.0,1,track_1,,unknown,unknown
5446.0,5447.0,1.0,1,track_0,,unknown,unknown
5446.0,5447.0,1.0,1,track_1,,unknown,unknown
5447.0,5448.0,1.0,1,track_0,,unknown,unknown
5447.0,5448.0,1.0,1,track_1,,unknown,unknown
5448.0,5449.0,1.0,1,track_0,,unknown,unknown
5448.0,5449.0,1.0,1,track_1,,unknown,unknown
5449.0,5450.0,1.0,1,track_0,,unknown,unknown
5449.0,5450.0,1.0,1,track_1,,unknown,unknown
5450.0,5451.0,1.0,1,track_0,,unknown,unknown
5450.0,5451.0,1.0,1,track_1,,unknown,unknown
5451.0,5452.0,1.0,1,track_0,,unknown,unknown
5451.0,5452.0,1.0,1,track_1,,unknown,unknown
5452.0,5453.0,1.0,1,track_0,,unknown,unknown
5452.0,5453.0,1.0,1,track_1,,unknown,unknown
5453.0,5454.0,1.0,1,track_0,,unknown,unknown
5453.0,5454.0,1.0,1,track_1,,unknown,unknown
5454.0,5455.0,1.0,1,track_0,,unknown,unknown
5454.0,5455.0,1.0,1,track_1,,unknown,unknown
5455.0,5456.0,1.0,1,track_0,,unknown,unknown
5455.0,5456.0,1.0,1,track_1,,unknown,unknown
5456.0,5457.0,1.0,1,track_0,,unknown,unknown
5456.0,5457.0,1.0,1,track_1,,unknown,unknown
5457.0,5458.0,1.0,1,track_0,,unknown,unknown
5457.0,5458.0,1.0,1,track_1,,unknown,unknown
5458.0,5459.0,1.0,1,track_0,,unknown,unknown
5458.0,5459.0,1.0,1,track_1,,unknown,unknown
5459.0,5460.0,1.0,1,track_0,,unknown,unknown
5459.0,5460.0,1.0,1,track_1,,unknown,unknown
5460.0,5461.0,1.0,1,track_0,,unknown,unknown
5460.0,5461.0,1.0,1,track_1,,unknown,unknown
5461.0,5462.0,1.0,1,track_0,,unknown,unknown
5461.0,5462.0,1.0,1,track_1,,unknown,unknown
5462.0,5463.0,1.0,1,track_0,,unknown,unknown
5462.0,5463.0,1.0,1,track_1,,unknown,unknown
5463.0,5464.0,1.0,1,track_0,,unknown,unknown
5463.0,5464.0,1.0,1,track_1,,unknown,unknown
5464.0,5465.0,1.0,1,track_0,,unknown,unknown
5464.0,5465.0,1.0,1,track_1,,unknown,unknown
5465.0,5466.0,1.0,1,track_0,,unknown,unknown
5465.0,5466.0,1.0,1,track_1,,unknown,unknown
5466.0,5467.0,1.0,1,track_0,,unknown,unknown
5466.0,5467.0,1.0,1,track_1,,unknown,unknown
5467.0,5468.0,1.0,1,track_0,,unknown,unknown
5467.0,5468.0,1.0,1,track_1,,unknown,unknown
5468.0,5469.0,1.0,1,track_0,,unknown,unknown
5468.0,5469.0,1.0,1,track_1,,unknown,unknown
5469.0,5470.0,1.0,1,track_0,,unknown,unknown
5469.0,5470.0,1.0,1,track_1,,unknown,unknown
5470.0,5471.0,1.0,1,track_0,,unknown,unknown
5470.0,5471.0,1.0,1,track_1,,unknown,unknown
5471.0,5472.0,1.0,1,track_0,,unknown,unknown
5471.0,5472.0,1.0,1,track_1,,unknown,unknown
5472.0,5473.0,1.0,1,track_0,,unknown,unknown
5472.0,5473.0,1.0,1,track_1,,unknown,unknown
5473.0,5474.0,1.0,1,track_0,,unknown,unknown
5473.0,5474.0,1.0,1,track_1,,unknown,unknown
5474.0,5475.0,1.0,1,track_0,,unknown,unknown
5474.0,5475.0,1.0,1,track_1,,unknown,unknown
5475.0,5476.0,1.0,1,track_0,,unknown,unknown
5475.0,5476.0,1.0,1,track_1,,unknown,unknown
5476.0,5477.0,1.0,1,track_0,,unknown,unknown
5476.0,5477.0,1.0,1,track_1,,unknown,unknown
5477.0,5478.0,1.0,1,track_0,,unknown,unknown
5477.0,5478.0,1.0,1,track_1,,unknown,unknown
5478.0,5479.0,1.0,1,track_0,,unknown,unknown
5478.0,5479.0,1.0,1,track_1,,unknown,unknown
5479.0,5480.0,1.0,1,track_0,,unknown,unknown
5479.0,5480.0,1.0,1,track_1,,unknown,unknown
5480.0,5481.0,1.0,1,track_0,,unknown,unknown
5480.0,5481.0,1.0,1,track_1,,unknown,unknown
5481.0,5482.0,1.0,1,track_0,,unknown,unknown
5481.0,5482.0,1.0,1,track_1,,unknown,unknown
5482.0,5483.0,1.0,1,track_0,,unknown,unknown
5482.0,5483.0,1.0,1,track_1,,unknown,unknown
5483.0,5484.0,1.0,1,track_0,,unknown,unknown
5483.0,5484.0,1.0,1,track_1,,unknown,unknown
5484.0,5485.0,1.0,1,track_0,,unknown,unknown
5484.0,5485.0,1.0,1,track_1,,unknown,unknown
5485.0,5486.0,1.0,1,track_0,,unknown,unknown
5485.0,5486.0,1.0,1,track_1,,unknown,unknown
5486.0,5487.0,1.0,1,track_0,,unknown,unknown
5486.0,5487.0,1.0,1,track_1,,unknown,unknown
5487.0,5488.0,1.0,1,track_0,,unknown,unknown
5487.0,5488.0,1.0,1,track_1,,unknown,unknown
5488.0,5489.0,1.0,1,track_0,,top,back
5488.0,5489.0,1.0,1,track_1,,unknown,unknown
5489.0,5490.0,1.0,1,track_0,,unknown,unknown
5489.0,5490.0,1.0,1,track_1,,unknown,unknown
5490.0,5491.0,1.0,1,track_0,,unknown,unknown
5490.0,5491.0,1.0,1,track_1,,unknown,unknown
5491.0,5492.0,1.0,1,track_0,,unknown,unknown
5491.0,5492.0,1.0,1,track_1,,unknown,unknown
5492.0,5493.0,1.0,1,track_0,,unknown,unknown
5492.0,5493.0,1.0,1,track_1,,unknown,unknown
5493.0,5494.0,1.0,1,track_0,,unknown,unknown
5493.0,5494.0,1.0,1,track_1,,unknown,unknown
5494.0,5495.0,1.0,1,track_0,,unknown,unknown
5494.0,5495.0,1.0,1,track_1,,unknown,unknown
5495.0,5496.0,1.0,1,track_0,,unknown,unknown
5495.0,5496.0,1.0,1,track_1,,unknown,unknown
5496.0,5497.0,1.0,1,track_0,,unknown,unknown
5496.0,5497.0,1.0,1,track_1,,unknown,unknown
5497.0,5498.0,1.0,1,track_0,,unknown,standing
5497.0,5498.0,1.0,1,track_1,,unknown,unknown
5498.0,5499.0,1.0,1,track_0,,unknown,unknown
5498.0,5499.0,1.0,1,track_1,,unknown,unknown
5499.0,5500.0,1.0,1,track_0,,unknown,unknown
5499.0,5500.0,1.0,1,track_1,,unknown,unknown
5500.0,5501.0,1.0,1,track_0,,unknown,unknown
5500.0,5501.0,1.0,1,track_1,,unknown,unknown
5501.0,5502.0,1.0,1,track_0,,unknown,unknown
5501.0,5502.0,1.0,1,track_1,,unknown,unknown
5502.0,5503.0,1.0,1,track_0,,unknown,unknown
5502.0,5503.0,1.0,1,track_1,,unknown,unknown
5503.0,5504.0,1.0,1,track_0,,unknown,unknown
5503.0,5504.0,1.0,1,track_1,,unknown,unknown
5504.0,5505.0,1.0,1,track_0,,unknown,unknown
5504.0,5505.0,1.0,1,track_1,,unknown,unknown
5505.0,5506.0,1.0,1,track_0,,unknown,unknown
5505.0,5506.0,1.0,1,track_1,,unknown,unknown
5506.0,5507.0,1.0,1,track_0,,unknown,unknown
5506.0,5507.0,1.0,1,track_1,,unknown,unknown
5507.0,5508.0,1.0,1,track_0,,unknown,unknown
5507.0,5508.0,1.0,1,track_1,,unknown,unknown
5508.0,5509.0,1.0,1,track_0,,unknown,unknown
5508.0,5509.0,1.0,1,track_1,,unknown,unknown
5509.0,5510.0,1.0,1,track_0,,unknown,unknown
5509.0,5510.0,1.0,1,track_1,,unknown,unknown
5510.0,5511.0,1.0,1,track_0,,unknown,unknown
5510.0,5511.0,1.0,1,track_1,,unknown,unknown
5511.0,5512.0,1.0,1,track_0,,bottom,takedown
5511.0,5512.0,1.0,1,track_1,,unknown,unknown
5512.0,5513.0,1.0,1,track_0,,top,back
5512.0,5513.0,1.0,1,track_1,,unknown,unknown
5513.0,5514.0,1.0,1,track_0,,unknown,unknown
5513.0,5514.0,1.0,1,track_1,,unknown,unknown
5514.0,5515.0,1.0,1,track_0,,unknown,unknown
5514.0,5515.0,1.0,1,track_1,,unknown,unknown
5515.0,5516.0,1.0,1,track_0,,unknown,unknown
5515.0,5516.0,1.0,1,track_1,,unknown,unknown
5516.0,5517.0,1.0,1,track_0,,unknown,unknown
5516.0,5517.0,1.0,1,track_1,,unknown,unknown
5517.0,5518.0,1.0,1,track_0,,unknown,unknown
5517.0,5518.0,1.0,1,track_1,,unknown,unknown
5518.0,5519.0,1.0,1,track_0,,unknown,unknown
5518.0,5519.0,1.0,1,track_1,,unknown,unknown
5519.0,5520.0,1.0,1,track_0,,unknown,unknown
5519.0,5520.0,1.0,1,track_1,,unknown,unknown
5520.0,5521.0,1.0,1,track_0,,unknown,unknown
5520.0,5521.0,1.0,1,track_1,,unknown,unknown
5521.0,5522.0,1.0,1,track_0,,unknown,unknown
5521.0,5522.0,1.0,1,track_1,,unknown,unknown
5522.0,5523.0,1.0,1,track_0,,unknown,unknown
5522.0,5523.0,1.0,1,track_1,,unknown,unknown
5523.0,5524.0,1.0,1,track_0,,unknown,unknown
5523.0,5524.0,1.0,1,track_1,,unknown,unknown
5524.0,5525.0,1.0,1,track_0,,unknown,unknown
5524.0,5525.0,1.0,1,track_1,,unknown,unknown
5525.0,5526.0,1.0,1,track_0,,unknown,unknown
5525.0,5526.0,1.0,1,track_1,,unknown,unknown
5526.0,5527.0,1.0,1,track_0,,top,back
5526.0,5527.0,1.0,1,track_1,,unknown,unknown
5527.0,5528.0,1.0,1,track_0,,top,back
5527.0,5528.0,1.0,1,track_1,,unknown,unknown
5528.0,5529.0,1.0,1,track_0,,unknown,unknown
5528.0,5529.0,1.0,1,track_1,,unknown,unknown
5529.0,5530.0,1.0,1,track_0,,unknown,unknown
5529.0,5530.0,1.0,1,track_1,,unknown,unknown
5530.0,5531.0,1.0,1,track_0,,unknown,unknown
5530.0,5531.0,1.0,1,track_1,,unknown,unknown
5531.0,5532.0,1.0,1,track_0,,unknown,unknown
5531.0,5532.0,1.0,1,track_1,,unknown,unknown
5532.0,5533.0,1.0,1,track_0,,unknown,unknown
5532.0,5533.0,1.0,1,track_1,,unknown,unknown
5533.0,5534.0,1.0,1,track_0,,unknown,unknown
5533.0,5534.0,1.0,1,track_1,,unknown,unknown
5534.0,5535.0,1.0,1,track_0,,unknown,unknown
5534.0,5535.0,1.0,1,track_1,,unknown,unknown
5535.0,5536.0,1.0,1,track_0,,unknown,unknown
5535.0,5536.0,1.0,1,track_1,,unknown,unknown
5536.0,5537.0,1.0,1,track_0,,unknown,unknown
5536.0,5537.0,1.0,1,track_1,,unknown,unknown
5537.0,5538.0,1.0,1,track_0,,unknown,unknown
5537.0,5538.0,1.0,1,track_1,,unknown,unknown
5538.0,5539.0,1.0,1,track_0,,unknown,unknown
5538.0,5539.0,1.0,1,track_1,,unknown,unknown
5539.0,5540.0,1.0,1,track_0,,unknown,unknown
5539.0,5540.0,1.0,1,track_1,,unknown,unknown
5540.0,5541.0,1.0,1,track_0,,unknown,unknown
5540.0,5541.0,1.0,1,track_1,,unknown,unknown
5541.0,5542.0,1.0,1,track_0,,unknown,unknown
5541.0,5542.0,1.0,1,track_1,,unknown,unknown
5542.0,5543.0,1.0,1,track_0,,unknown,unknown
5542.0,5543.0,1.0,1,track_1,,unknown,unknown
5543.0,5544.0,1.0,1,track_0,,unknown,unknown
5543.0,5544.0,1.0,1,track_1,,unknown,unknown
5544.0,5545.0,1.0,1,track_0,,unknown,unknown
5544.0,5545.0,1.0,1,track_1,,unknown,unknown
5545.0,5546.0,1.0,1,track_0,,unknown,unknown
5545.0,5546.0,1.0,1,track_1,,unknown,unknown
5546.0,5547.0,1.0,1,track_0,,unknown,unknown
5546.0,5547.0,1.0,1,track_1,,unknown,unknown
5547.0,5548.0,1.0,1,track_0,,unknown,unknown
5547.0,5548.0,1.0,1,track_1,,unknown,unknown
5548.0,5549.0,1.0,1,track_0,,unknown,unknown
5548.0,5549.0,1.0,1,track_1,,unknown,unknown
5549.0,5550.0,1.0,1,track_0,,unknown,unknown
5549.0,5550.0,1.0,1,track_1,,unknown,unknown
5550.0,5551.0,1.0,1,track_0,,unknown,unknown
5550.0,5551.0,1.0,1,track_1,,unknown,unknown
5551.0,5552.0,1.0,1,track_0,,top,back
5551.0,5552.0,1.0,1,track_1,,unknown,unknown
5552.0,5553.0,1.0,1,track_0,,top,back
5552.0,5553.0,1.0,1,track_1,,unknown,unknown
5553.0,5554.0,1.0,1,track_0,,unknown,unknown
5553.0,5554.0,1.0,1,track_1,,unknown,unknown
5554.0,5555.0,1.0,1,track_0,,unknown,unknown
5554.0,5555.0,1.0,1,track_1,,unknown,unknown
5555.0,5556.0,1.0,1,track_0,,unknown,unknown
5555.0,5556.0,1.0,1,track_1,,unknown,unknown
5556.0,5557.0,1.0,1,track_0,,unknown,unknown
5556.0,5557.0,1.0,1,track_1,,unknown,unknown
5557.0,5558.0,1.0,1,track_0,,unknown,unknown
5557.0,5558.0,1.0,1,track_1,,unknown,unknown
5558.0,5559.0,1.0,1,track_0,,unknown,unknown
5558.0,5559.0,1.0,1,track_1,,unknown,unknown
5559.0,5560.0,1.0,1,track_0,,unknown,unknown
5559.0,5560.0,1.0,1,track_1,,unknown,unknown
5560.0,5561.0,1.0,1,track_0,,unknown,unknown
5560.0,5561.0,1.0,1,track_1,,unknown,unknown
5561.0,5562.0,1.0,1,track_0,,unknown,unknown
5561.0,5562.0,1.0,1,track_1,,unknown,unknown
5562.0,5563.0,1.0,1,track_0,,unknown,unknown
5562.0,5563.0,1.0,1,track_1,,unknown,unknown
5563.0,5564.0,1.0,1,track_0,,unknown,unknown
5563.0,5564.0,1.0,1,track_1,,unknown,unknown
5564.0,5565.0,1.0,1,track_0,,unknown,unknown
5564.0,5565.0,1.0,1,track_1,,unknown,unknown
5565.0,5566.0,1.0,1,track_0,,unknown,unknown
5565.0,5566.0,1.0,1,track_1,,unknown,unknown
5566.0,5567.0,1.0,1,track_0,,unknown,unknown
5566.0,5567.0,1.0,1,track_1,,unknown,unknown
5567.0,5568.0,1.0,1,track_0,,unknown,unknown
5567.0,5568.0,1.0,1,track_1,,unknown,unknown
5568.0,5569.0,1.0,1,track_0,,top,back
5568.0,5569.0,1.0,1,track_1,,unknown,unknown
5569.0,5570.0,1.0,1,track_0,,unknown,unknown
5569.0,5570.0,1.0,1,track_1,,unknown,unknown
5570.0,5571.0,1.0,1,track_0,,unknown,unknown
5570.0,5571.0,1.0,1,track_1,,unknown,unknown
5571.0,5572.0,1.0,1,track_0,,unknown,unknown
5571.0,5572.0,1.0,1,track_1,,unknown,unknown
5572.0,5573.0,1.0,1,track_0,,unknown,unknown
5572.0,5573.0,1.0,1,track_1,,unknown,unknown
5573.0,5574.0,1.0,1,track_0,,unknown,unknown
5573.0,5574.0,1.0,1,track_1,,unknown,unknown
5574.0,5575.0,1.0,1,track_0,,unknown,unknown
5574.0,5575.0,1.0,1,track_1,,unknown,unknown
5575.0,5576.0,1.0,1,track_0,,unknown,unknown
5575.0,5576.0,1.0,1,track_1,,unknown,unknown
5576.0,5577.0,1.0,1,track_0,,unknown,unknown
5576.0,5577.0,1.0,1,track_1,,unknown,unknown
5577.0,5578.0,1.0,1,track_0,,unknown,unknown
5577.0,5578.0,1.0,1,track_1,,unknown,unknown
5578.0,5579.0,1.0,1,track_0,,unknown,unknown
5578.0,5579.0,1.0,1,track_1,,unknown,unknown
5579.0,5580.0,1.0,1,track_0,,unknown,unknown
5579.0,5580.0,1.0,1,track_1,,unknown,unknown
5580.0,5581.0,1.0,1,track_0,,unknown,unknown
5580.0,5581.0,1.0,1,track_1,,unknown,unknown
5581.0,5582.0,1.0,1,track_0,,unknown,unknown
5581.0,5582.0,1.0,1,track_1,,unknown,unknown
5582.0,5583.0,1.0,1,track_0,,unknown,unknown
5582.0,5583.0,1.0,1,track_1,,unknown,unknown
5583.0,5584.0,1.0,1,track_0,,unknown,unknown
5583.0,5584.0,1.0,1,track_1,,unknown,unknown
5584.0,5585.0,1.0,1,track_0,,unknown,unknown
5584.0,5585.0,1.0,1,track_1,,unknown,unknown
5585.0,5586.0,1.0,1,track_0,,unknown,unknown
5585.0,5586.0,1.0,1,track_1,,unknown,unknown
5586.0,5587.0,1.0,1,track_0,,unknown,unknown
5586.0,5587.0,1.0,1,track_1,,unknown,unknown
5587.0,5588.0,1.0,1,track_0,,unknown,unknown
5587.0,5588.0,1.0,1,track_1,,unknown,unknown
5588.0,5589.0,1.0,1,track_0,,unknown,unknown
5588.0,5589.0,1.0,1,track_1,,unknown,unknown
5589.0,5590.0,1.0,1,track_0,,unknown,unknown
5589.0,5590.0,1.0,1,track_1,,unknown,unknown
5590.0,5591.0,1.0,1,track_0,,unknown,unknown
5590.0,5591.0,1.0,1,track_1,,unknown,unknown
5591.0,5592.0,1.0,1,track_0,,unknown,unknown
5591.0,5592.0,1.0,1,track_1,,unknown,unknown
5592.0,5593.0,1.0,1,track_0,,unknown,unknown
5592.0,5593.0,1.0,1,track_1,,unknown,unknown
5593.0,5594.0,1.0,1,track_0,,unknown,unknown
5593.0,5594.0,1.0,1,track_1,,unknown,unknown
5594.0,5595.0,1.0,1,track_0,,unknown,unknown
5594.0,5595.0,1.0,1,track_1,,unknown,unknown
5595.0,5596.0,1.0,1,track_0,,unknown,unknown
5595.0,5596.0,1.0,1,track_1,,unknown,unknown
5596.0,5597.0,1.0,1,track_0,,unknown,unknown
5596.0,5597.0,1.0,1,track_1,,unknown,unknown
5597.0,5598.0,1.0,1,track_0,,unknown,unknown
5597.0,5598.0,1.0,1,track_1,,unknown,unknown
5598.0,5599.0,1.0,1,track_0,,unknown,unknown
5598.0,5599.0,1.0,1,track_1,,unknown,unknown
5599.0,5600.0,1.0,1,track_0,,unknown,unknown
5599.0,5600.0,1.0,1,track_1,,unknown,unknown
5600.0,5601.0,1.0,1,track_0,,unknown,unknown
5600.0,5601.0,1.0,1,track_1,,unknown,unknown
5601.0,5602.0,1.0,1,track_0,,unknown,unknown
5601.0,5602.0,1.0,1,track_1,,unknown,unknown
5602.0,5603.0,1.0,1,track_0,,unknown,unknown
5602.0,5603.0,1.0,1,track_1,,unknown,unknown
5603.0,5604.0,1.0,1,track_0,,unknown,unknown
5603.0,5604.0,1.0,1,track_1,,unknown,unknown
5604.0,5605.0,1.0,1,track_0,,unknown,unknown
5604.0,5605.0,1.0,1,track_1,,unknown,unknown
5605.0,5606.0,1.0,1,track_0,,unknown,unknown
5605.0,5606.0,1.0,1,track_1,,unknown,unknown
5606.0,5607.0,1.0,1,track_0,,unknown,unknown
5606.0,5607.0,1.0,1,track_1,,unknown,unknown
5607.0,5608.0,1.0,1,track_0,,unknown,unknown
5607.0,5608.0,1.0,1,track_1,,unknown,unknown
5608.0,5609.0,1.0,1,track_0,,unknown,unknown
5608.0,5609.0,1.0,1,track_1,,unknown,unknown
5609.0,5610.0,1.0,1,track_0,,unknown,unknown
5609.0,5610.0,1.0,1,track_1,,unknown,unknown
5610.0,5611.0,1.0,1,track_0,,unknown,unknown
5610.0,5611.0,1.0,1,track_1,,unknown,unknown
5611.0,5612.0,1.0,1,track_0,,unknown,unknown
5611.0,5612.0,1.0,1,track_1,,unknown,unknown
5612.0,5613.0,1.0,1,track_0,,unknown,unknown
5612.0,5613.0,1.0,1,track_1,,unknown,unknown
5613.0,5614.0,1.0,1,track_0,,unknown,unknown
5613.0,5614.0,1.0,1,track_1,,unknown,unknown
5614.0,5615.0,1.0,1,track_0,,unknown,unknown
5614.0,5615.0,1.0,1,track_1,,unknown,unknown
5615.0,5616.0,1.0,1,track_0,,unknown,unknown
5615.0,5616.0,1.0,1,track_1,,unknown,unknown
5616.0,5617.0,1.0,1,track_0,,unknown,unknown
5616.0,5617.0,1.0,1,track_1,,unknown,unknown
5617.0,5618.0,1.0,1,track_0,,unknown,unknown
5617.0,5618.0,1.0,1,track_1,,unknown,unknown
5618.0,5619.0,1.0,1,track_0,,unknown,unknown
5618.0,5619.0,1.0,1,track_1,,unknown,unknown
5619.0,5620.0,1.0,1,track_0,,unknown,unknown
5619.0,5620.0,1.0,1,track_1,,unknown,unknown
5620.0,5621.0,1.0,1,track_0,,unknown,unknown
5620.0,5621.0,1.0,1,track_1,,unknown,unknown
5621.0,5622.0,1.0,1,track_0,,unknown,unknown
5621.0,5622.0,1.0,1,track_1,,unknown,unknown
5622.0,5623.0,1.0,1,track_0,,unknown,unknown
5622.0,5623.0,1.0,1,track_1,,unknown,unknown
5623.0,5624.0,1.0,1,track_0,,unknown,unknown
5623.0,5624.0,1.0,1,track_1,,unknown,unknown
5624.0,5625.0,1.0,1,track_0,,unknown,unknown
5624.0,5625.0,1.0,1,track_1,,unknown,unknown
5625.0,5626.0,1.0,1,track_0,,unknown,unknown
5625.0,5626.0,1.0,1,track_1,,unknown,unknown
5626.0,5627.0,1.0,1,track_0,,unknown,unknown
5626.0,5627.0,1.0,1,track_1,,unknown,unknown
5627.0,5628.0,1.0,1,track_0,,unknown,unknown
5627.0,5628.0,1.0,1,track_1,,unknown,unknown
5628.0,5629.0,1.0,1,track_0,,unknown,unknown
5628.0,5629.0,1.0,1,track_1,,unknown,unknown
5629.0,5630.0,1.0,1,track_0,,unknown,unknown
5629.0,5630.0,1.0,1,track_1,,unknown,unknown
5630.0,5631.0,1.0,1,track_0,,unknown,unknown
5630.0,5631.0,1.0,1,track_1,,unknown,unknown
5631.0,5632.0,1.0,1,track_0,,unknown,unknown
5631.0,5632.0,1.0,1,track_1,,unknown,unknown
5632.0,5633.0,1.0,1,track_0,,unknown,unknown
5632.0,5633.0,1.0,1,track_1,,unknown,unknown
5633.0,5634.0,1.0,1,track_0,,unknown,unknown
5633.0,5634.0,1.0,1,track_1,,unknown,unknown
5634.0,5635.0,1.0,1,track_0,,unknown,unknown
5634.0,5635.0,1.0,1,track_1,,unknown,unknown
5635.0,5636.0,1.0,1,track_0,,unknown,unknown
5635.0,5636.0,1.0,1,track_1,,unknown,unknown
5636.0,5637.0,1.0,1,track_0,,unknown,unknown
5636.0,5637.0,1.0,1,track_1,,unknown,unknown
5637.0,5638.0,1.0,1,track_0,,unknown,unknown
5637.0,5638.0,1.0,1,track_1,,unknown,unknown
5638.0,5639.0,1.0,1,track_0,,unknown,unknown
5638.0,5639.0,1.0,1,track_1,,unknown,unknown
5639.0,5640.0,1.0,1,track_0,,unknown,unknown
5639.0,5640.0,1.0,1,track_1,,unknown,unknown
5640.0,5641.0,1.0,1,track_0,,unknown,unknown
5640.0,5641.0,1.0,1,track_1,,unknown,unknown
5641.0,5642.0,1.0,1,track_0,,unknown,unknown
5641.0,5642.0,1.0,1,track_1,,unknown,unknown
5642.0,5643.0,1.0,1,track_0,,unknown,unknown
5642.0,5643.0,1.0,1,track_1,,unknown,unknown
5643.0,5644.0,1.0,1,track_0,,unknown,unknown
5643.0,5644.0,1.0,1,track_1,,unknown,unknown
5644.0,5645.0,1.0,1,track_0,,unknown,unknown
5644.0,5645.0,1.0,1,track_1,,unknown,unknown
5645.0,5646.0,1.0,1,track_0,,unknown,unknown
5645.0,5646.0,1.0,1,track_1,,unknown,unknown
5646.0,5647.0,1.0,1,track_0,,unknown,unknown
5646.0,5647.0,1.0,1,track_1,,unknown,unknown
5647.0,5648.0,1.0,1,track_0,,unknown,unknown
5647.0,5648.0,1.0,1,track_1,,unknown,unknown
5648.0,5649.0,1.0,1,track_0,,unknown,unknown
5648.0,5649.0,1.0,1,track_1,,unknown,unknown
5649.0,5650.0,1.0,1,track_0,,unknown,unknown
5649.0,5650.0,1.0,1,track_1,,unknown,unknown
5650.0,5651.0,1.0,1,track_0,,unknown,unknown
5650.0,5651.0,1.0,1,track_1,,unknown,unknown
5651.0,5652.0,1.0,1,track_0,,unknown,unknown
5651.0,5652.0,1.0,1,track_1,,unknown,unknown
5652.0,5653.0,1.0,1,track_0,,unknown,unknown
5652.0,5653.0,1.0,1,track_1,,unknown,unknown
5653.0,5654.0,1.0,1,track_0,,unknown,unknown
5653.0,5654.0,1.0,1,track_1,,unknown,unknown
5654.0,5655.0,1.0,1,track_0,,unknown,unknown
5654.0,5655.0,1.0,1,track_1,,unknown,unknown
5655.0,5656.0,1.0,1,track_0,,unknown,unknown
5655.0,5656.0,1.0,1,track_1,,unknown,unknown
5656.0,5657.0,1.0,1,track_0,,unknown,unknown
5656.0,5657.0,1.0,1,track_1,,unknown,unknown
5657.0,5658.0,1.0,1,track_0,,unknown,unknown
5657.0,5658.0,1.0,1,track_1,,unknown,unknown
5658.0,5659.0,1.0,1,track_0,,unknown,unknown
5658.0,5659.0,1.0,1,track_1,,unknown,unknown
5659.0,5660.0,1.0,1,track_0,,unknown,unknown
5659.0,5660.0,1.0,1,track_1,,unknown,unknown
5660.0,5661.0,1.0,1,track_0,,unknown,unknown
5660.0,5661.0,1.0,1,track_1,,unknown,unknown
5661.0,5662.0,1.0,1,track_0,,unknown,unknown
5661.0,5662.0,1.0,1,track_1,,unknown,unknown
5662.0,5663.0,1.0,1,track_0,,unknown,unknown
5662.0,5663.0,1.0,1,track_1,,unknown,unknown
5663.0,5664.0,1.0,1,track_0,,unknown,unknown
5663.0,5664.0,1.0,1,track_1,,unknown,unknown
5664.0,5665.0,1.0,1,track_0,,unknown,unknown
5664.0,5665.0,1.0,1,track_1,,unknown,unknown
5665.0,5666.0,1.0,1,track_0,,unknown,unknown
5665.0,5666.0,1.0,1,track_1,,unknown,unknown
5666.0,5667.0,1.0,1,track_0,,unknown,unknown
5666.0,5667.0,1.0,1,track_1,,unknown,unknown
5667.0,5668.0,1.0,1,track_0,,unknown,unknown
5667.0,5668.0,1.0,1,track_1,,unknown,unknown
5668.0,5669.0,1.0,1,track_0,,unknown,unknown
5668.0,5669.0,1.0,1,track_1,,unknown,unknown
5669.0,5670.0,1.0,1,track_0,,unknown,unknown
5669.0,5670.0,1.0,1,track_1,,unknown,unknown
5670.0,5671.0,1.0,1,track_0,,unknown,unknown
5670.0,5671.0,1.0,1,track_1,,unknown,unknown
5671.0,5672.0,1.0,1,track_0,,unknown,unknown
5671.0,5672.0,1.0,1,track_1,,unknown,unknown
5672.0,5673.0,1.0,1,track_0,,unknown,unknown
5672.0,5673.0,1.0,1,track_1,,unknown,unknown
5673.0,5674.0,1.0,1,track_0,,unknown,unknown
5673.0,5674.0,1.0,1,track_1,,unknown,unknown
5674.0,5675.0,1.0,1,track_0,,unknown,unknown
5674.0,5675.0,1.0,1,track_1,,unknown,unknown
5675.0,5676.0,1.0,1,track_0,,unknown,unknown
5675.0,5676.0,1.0,1,track_1,,unknown,unknown
5676.0,5677.0,1.0,1,track_0,,unknown,unknown
5676.0,5677.0,1.0,1,track_1,,unknown,unknown
5677.0,5678.0,1.0,1,track_0,,unknown,unknown
5677.0,5678.0,1.0,1,track_1,,unknown,unknown
5678.0,5679.0,1.0,1,track_0,,unknown,unknown
5678.0,5679.0,1.0,1,track_1,,unknown,unknown
5679.0,5680.0,1.0,1,track_0,,unknown,unknown
5679.0,5680.0,1.0,1,track_1,,unknown,unknown
5680.0,5681.0,1.0,1,track_0,,unknown,unknown
5680.0,5681.0,1.0,1,track_1,,unknown,unknown
5681.0,5682.0,1.0,1,track_0,,unknown,unknown
5681.0,5682.0,1.0,1,track_1,,unknown,unknown
5682.0,5683.0,1.0,1,track_0,,unknown,unknown
5682.0,5683.0,1.0,1,track_1,,unknown,unknown
5683.0,5684.0,1.0,1,track_0,,bottom,takedown
5683.0,5684.0,1.0,1,track_1,,unknown,unknown
5684.0,5685.0,1.0,1,track_0,,unknown,unknown
5684.0,5685.0,1.0,1,track_1,,unknown,unknown
5685.0,5686.0,1.0,1,track_0,,unknown,unknown
5685.0,5686.0,1.0,1,track_1,,unknown,unknown
5686.0,5687.0,1.0,1,track_0,,unknown,unknown
5686.0,5687.0,1.0,1,track_1,,unknown,unknown
5687.0,5688.0,1.0,1,track_0,,unknown,unknown
5687.0,5688.0,1.0,1,track_1,,unknown,unknown
5688.0,5689.0,1.0,1,track_0,,unknown,unknown
5688.0,5689.0,1.0,1,track_1,,unknown,unknown
5689.0,5690.0,1.0,1,track_0,,unknown,unknown
5689.0,5690.0,1.0,1,track_1,,unknown,unknown
5690.0,5691.0,1.0,1,track_0,,unknown,unknown
5690.0,5691.0,1.0,1,track_1,,unknown,unknown
5691.0,5692.0,1.0,1,track_0,,unknown,unknown
5691.0,5692.0,1.0,1,track_1,,unknown,unknown
5692.0,5693.0,1.0,1,track_0,,unknown,unknown
5692.0,5693.0,1.0,1,track_1,,unknown,unknown
5693.0,5694.0,1.0,1,track_0,,unknown,unknown
5693.0,5694.0,1.0,1,track_1,,unknown,unknown
5694.0,5695.0,1.0,1,track_0,,unknown,unknown
5694.0,5695.0,1.0,1,track_1,,unknown,unknown
5695.0,5696.0,1.0,1,track_0,,unknown,unknown
5695.0,5696.0,1.0,1,track_1,,unknown,unknown
5696.0,5697.0,1.0,1,track_0,,unknown,unknown
5696.0,5697.0,1.0,1,track_1,,unknown,unknown
5697.0,5698.0,1.0,1,track_0,,unknown,unknown
5697.0,5698.0,1.0,1,track_1,,unknown,unknown
5698.0,5699.0,1.0,1,track_0,,unknown,unknown
5698.0,5699.0,1.0,1,track_1,,unknown,unknown
5699.0,5700.0,1.0,1,track_0,,unknown,unknown
5699.0,5700.0,1.0,1,track_1,,unknown,unknown
5700.0,5701.0,1.0,1,track_0,,unknown,unknown
5700.0,5701.0,1.0,1,track_1,,unknown,unknown
5701.0,5702.0,1.0,1,track_0,,unknown,unknown
5701.0,5702.0,1.0,1,track_1,,unknown,unknown
5702.0,5703.0,1.0,1,track_0,,unknown,unknown
5702.0,5703.0,1.0,1,track_1,,unknown,unknown
5703.0,5704.0,1.0,1,track_0,,unknown,unknown
5703.0,5704.0,1.0,1,track_1,,unknown,unknown
5704.0,5705.0,1.0,1,track_0,,unknown,unknown
5704.0,5705.0,1.0,1,track_1,,unknown,unknown
5705.0,5706.0,1.0,1,track_0,,unknown,unknown
5705.0,5706.0,1.0,1,track_1,,unknown,unknown
5706.0,5707.0,1.0,1,track_0,,unknown,unknown
5706.0,5707.0,1.0,1,track_1,,unknown,unknown
5707.0,5708.0,1.0,1,track_0,,unknown,unknown
5707.0,5708.0,1.0,1,track_1,,unknown,unknown
5708.0,5709.0,1.0,1,track_0,,unknown,unknown
5708.0,5709.0,1.0,1,track_1,,unknown,unknown
5709.0,5710.0,1.0,1,track_0,,unknown,unknown
5709.0,5710.0,1.0,1,track_1,,unknown,unknown
5710.0,5711.0,1.0,1,track_0,,unknown,unknown
5710.0,5711.0,1.0,1,track_1,,unknown,unknown
5711.0,5712.0,1.0,1,track_0,,unknown,unknown
5711.0,5712.0,1.0,1,track_1,,unknown,unknown
5712.0,5713.0,1.0,1,track_0,,unknown,unknown
5712.0,5713.0,1.0,1,track_1,,unknown,unknown
5713.0,5714.0,1.0,1,track_0,,unknown,unknown
5713.0,5714.0,1.0,1,track_1,,unknown,unknown
5714.0,5715.0,1.0,1,track_0,,unknown,unknown
5714.0,5715.0,1.0,1,track_1,,unknown,unknown
5715.0,5716.0,1.0,1,track_0,,unknown,unknown
5715.0,5716.0,1.0,1,track_1,,unknown,unknown
5716.0,5717.0,1.0,1,track_0,,unknown,unknown
5716.0,5717.0,1.0,1,track_1,,unknown,unknown
5717.0,5718.0,1.0,1,track_0,,unknown,unknown
5717.0,5718.0,1.0,1,track_1,,unknown,unknown
5718.0,5719.0,1.0,1,track_0,,unknown,unknown
5718.0,5719.0,1.0,1,track_1,,unknown,unknown
5719.0,5720.0,1.0,1,track_0,,unknown,unknown
5719.0,5720.0,1.0,1,track_1,,unknown,unknown
5720.0,5721.0,1.0,1,track_0,,unknown,unknown
5720.0,5721.0,1.0,1,track_1,,unknown,unknown
5721.0,5722.0,1.0,1,track_0,,unknown,unknown
5721.0,5722.0,1.0,1,track_1,,unknown,unknown
5722.0,5723.0,1.0,1,track_0,,unknown,unknown
5722.0,5723.0,1.0,1,track_1,,unknown,unknown
5723.0,5724.0,1.0,1,track_0,,unknown,unknown
5723.0,5724.0,1.0,1,track_1,,unknown,unknown
5724.0,5725.0,1.0,1,track_0,,unknown,unknown
5724.0,5725.0,1.0,1,track_1,,unknown,unknown
5725.0,5726.0,1.0,1,track_0,,unknown,unknown
5725.0,5726.0,1.0,1,track_1,,unknown,unknown
5726.0,5727.0,1.0,1,track_0,,unknown,unknown
5726.0,5727.0,1.0,1,track_1,,unknown,unknown
5727.0,5728.0,1.0,1,track_0,,unknown,unknown
5727.0,5728.0,1.0,1,track_1,,unknown,unknown
5728.0,5729.0,1.0,1,track_0,,unknown,unknown
5728.0,5729.0,1.0,1,track_1,,unknown,unknown
5729.0,5730.0,1.0,1,track_0,,unknown,unknown
5729.0,5730.0,1.0,1,track_1,,unknown,unknown
5730.0,5731.0,1.0,1,track_0,,unknown,unknown
5730.0,5731.0,1.0,1,track_1,,unknown,unknown
5731.0,5732.0,1.0,1,track_0,,unknown,unknown
5731.0,5732.0,1.0,1,track_1,,unknown,unknown
5732.0,5733.0,1.0,1,track_0,,unknown,unknown
5732.0,5733.0,1.0,1,track_1,,unknown,unknown
5733.0,5734.0,1.0,1,track_0,,unknown,unknown
5733.0,5734.0,1.0,1,track_1,,unknown,unknown
5734.0,5735.0,1.0,1,track_0,,unknown,unknown
5734.0,5735.0,1.0,1,track_1,,unknown,unknown
5735.0,5736.0,1.0,1,track_0,,unknown,unknown
5735.0,5736.0,1.0,1,track_1,,unknown,unknown
5736.0,5737.0,1.0,1,track_0,,unknown,unknown
5736.0,5737.0,1.0,1,track_1,,unknown,unknown
5737.0,5738.0,1.0,1,track_0,,unknown,unknown
5737.0,5738.0,1.0,1,track_1,,unknown,unknown
5738.0,5739.0,1.0,1,track_0,,unknown,unknown
5738.0,5739.0,1.0,1,track_1,,unknown,unknown
5739.0,5740.0,1.0,1,track_0,,unknown,unknown
5739.0,5740.0,1.0,1,track_1,,unknown,unknown
5740.0,5741.0,1.0,1,track_0,,unknown,unknown
5740.0,5741.0,1.0,1,track_1,,unknown,unknown
5741.0,5742.0,1.0,1,track_0,,unknown,unknown
5741.0,5742.0,1.0,1,track_1,,unknown,unknown
5742.0,5743.0,1.0,1,track_0,,unknown,unknown
5742.0,5743.0,1.0,1,track_1,,unknown,unknown
5743.0,5744.0,1.0,1,track_0,,unknown,unknown
5743.0,5744.0,1.0,1,track_1,,unknown,unknown
5744.0,5745.0,1.0,1,track_0,,unknown,unknown
5744.0,5745.0,1.0,1,track_1,,unknown,unknown
5745.0,5746.0,1.0,1,track_0,,unknown,unknown
5745.0,5746.0,1.0,1,track_1,,unknown,unknown
5746.0,5747.0,1.0,1,track_0,,unknown,unknown
5746.0,5747.0,1.0,1,track_1,,unknown,unknown
5747.0,5748.0,1.0,1,track_0,,unknown,unknown
5747.0,5748.0,1.0,1,track_1,,unknown,unknown
5748.0,5749.0,1.0,1,track_0,,unknown,unknown
5748.0,5749.0,1.0,1,track_1,,unknown,unknown
5749.0,5750.0,1.0,1,track_0,,unknown,unknown
5749.0,5750.0,1.0,1,track_1,,unknown,unknown
5750.0,5751.0,1.0,1,track_0,,unknown,unknown
5750.0,5751.0,1.0,1,track_1,,unknown,unknown
5751.0,5752.0,1.0,1,track_0,,unknown,unknown
5751.0,5752.0,1.0,1,track_1,,unknown,unknown
5752.0,5753.0,1.0,1,track_0,,unknown,unknown
5752.0,5753.0,1.0,1,track_1,,unknown,unknown
5753.0,5754.0,1.0,1,track_0,,unknown,unknown
5753.0,5754.0,1.0,1,track_1,,unknown,unknown
5754.0,5755.0,1.0,1,track_0,,unknown,unknown
5754.0,5755.0,1.0,1,track_1,,unknown,unknown
5755.0,5756.0,1.0,1,track_0,,unknown,unknown
5755.0,5756.0,1.0,1,track_1,,unknown,unknown
5756.0,5757.0,1.0,1,track_0,,unknown,unknown
5756.0,5757.0,1.0,1,track_1,,unknown,unknown
5757.0,5758.0,1.0,1,track_0,,unknown,unknown
5757.0,5758.0,1.0,1,track_1,,unknown,unknown
5758.0,5759.0,1.0,1,track_0,,unknown,unknown
5758.0,5759.0,1.0,1,track_1,,unknown,unknown
5759.0,5760.0,1.0,1,track_0,,unknown,standing
5759.0,5760.0,1.0,1,track_1,,unknown,unknown
5760.0,5761.0,1.0,1,track_0,,unknown,unknown
5760.0,5761.0,1.0,1,track_1,,unknown,unknown
5761.0,5762.0,1.0,1,track_0,,unknown,unknown
5761.0,5762.0,1.0,1,track_1,,unknown,unknown
5762.0,5763.0,1.0,1,track_0,,unknown,unknown
5762.0,5763.0,1.0,1,track_1,,unknown,unknown
5763.0,5764.0,1.0,1,track_0,,unknown,unknown
5763.0,5764.0,1.0,1,track_1,,unknown,unknown
5764.0,5765.0,1.0,1,track_0,,unknown,unknown
5764.0,5765.0,1.0,1,track_1,,unknown,unknown
5765.0,5766.0,1.0,1,track_0,,unknown,unknown
5765.0,5766.0,1.0,1,track_1,,unknown,unknown
5766.0,5767.0,1.0,1,track_0,,unknown,unknown
5766.0,5767.0,1.0,1,track_1,,unknown,unknown
5767.0,5768.0,1.0,1,track_0,,unknown,unknown
5767.0,5768.0,1.0,1,track_1,,unknown,unknown
5768.0,5769.0,1.0,1,track_0,,unknown,unknown
5768.0,5769.0,1.0,1,track_1,,unknown,unknown
5769.0,5770.0,1.0,1,track_0,,unknown,unknown
5769.0,5770.0,1.0,1,track_1,,unknown,unknown
5770.0,5771.0,1.0,1,track_0,,unknown,unknown
5770.0,5771.0,1.0,1,track_1,,unknown,unknown
5771.0,5772.0,1.0,1,track_0,,unknown,unknown
5771.0,5772.0,1.0,1,track_1,,unknown,unknown
5772.0,5773.0,1.0,1,track_0,,unknown,unknown
5772.0,5773.0,1.0,1,track_1,,unknown,unknown
5773.0,5774.0,1.0,1,track_0,,unknown,unknown
5773.0,5774.0,1.0,1,track_1,,unknown,unknown
5774.0,5775.0,1.0,1,track_0,,unknown,unknown
5774.0,5775.0,1.0,1,track_1,,unknown,unknown
5775.0,5776.0,1.0,1,track_0,,unknown,unknown
5775.0,5776.0,1.0,1,track_1,,unknown,unknown
5776.0,5777.0,1.0,1,track_0,,unknown,unknown
5776.0,5777.0,1.0,1,track_1,,unknown,unknown
5777.0,5778.0,1.0,1,track_0,,unknown,unknown
5777.0,5778.0,1.0,1,track_1,,unknown,unknown
5778.0,5779.0,1.0,1,track_0,,unknown,unknown
5778.0,5779.0,1.0,1,track_1,,unknown,unknown
5779.0,5780.0,1.0,1,track_0,,unknown,unknown
5779.0,5780.0,1.0,1,track_1,,unknown,unknown
5780.0,5781.0,1.0,1,track_0,,unknown,unknown
5780.0,5781.0,1.0,1,track_1,,unknown,unknown
5781.0,5782.0,1.0,1,track_0,,unknown,unknown
5781.0,5782.0,1.0,1,track_1,,unknown,unknown
5782.0,5783.0,1.0,1,track_0,,unknown,unknown
5782.0,5783.0,1.0,1,track_1,,unknown,unknown
5783.0,5784.0,1.0,1,track_0,,unknown,unknown
5783.0,5784.0,1.0,1,track_1,,unknown,unknown
5784.0,5785.0,1.0,1,track_0,,top,back
5784.0,5785.0,1.0,1,track_1,,unknown,unknown
5785.0,5786.0,1.0,1,track_0,,unknown,unknown
5785.0,5786.0,1.0,1,track_1,,unknown,unknown
5786.0,5787.0,1.0,1,track_0,,unknown,unknown
5786.0,5787.0,1.0,1,track_1,,unknown,unknown
5787.0,5788.0,1.0,1,track_0,,unknown,unknown
5787.0,5788.0,1.0,1,track_1,,unknown,unknown
5788.0,5789.0,1.0,1,track_0,,unknown,unknown
5788.0,5789.0,1.0,1,track_1,,unknown,unknown
5789.0,5790.0,1.0,1,track_0,,unknown,unknown
5789.0,5790.0,1.0,1,track_1,,unknown,unknown
5790.0,5791.0,1.0,1,track_0,,unknown,unknown
5790.0,5791.0,1.0,1,track_1,,unknown,unknown
5791.0,5792.0,1.0,1,track_0,,unknown,unknown
5791.0,5792.0,1.0,1,track_1,,unknown,unknown
5792.0,5793.0,1.0,1,track_0,,unknown,unknown
5792.0,5793.0,1.0,1,track_1,,unknown,unknown
5793.0,5794.0,1.0,1,track_0,,unknown,unknown
5793.0,5794.0,1.0,1,track_1,,unknown,unknown
5794.0,5795.0,1.0,1,track_0,,unknown,unknown
5794.0,5795.0,1.0,1,track_1,,unknown,unknown
5795.0,5796.0,1.0,1,track_0,,unknown,unknown
5795.0,5796.0,1.0,1,track_1,,unknown,unknown
5796.0,5797.0,1.0,1,track_0,,unknown,unknown
5796.0,5797.0,1.0,1,track_1,,unknown,unknown
5797.0,5798.0,1.0,1,track_0,,unknown,unknown
5797.0,5798.0,1.0,1,track_1,,unknown,unknown
5798.0,5799.0,1.0,1,track_0,,unknown,unknown
5798.0,5799.0,1.0,1,track_1,,unknown,unknown
5799.0,5800.0,1.0,1,track_0,,unknown,unknown
5799.0,5800.0,1.0,1,track_1,,unknown,unknown
5800.0,5801.0,1.0,1,track_0,,unknown,unknown
5800.0,5801.0,1.0,1,track_1,,unknown,unknown
5801.0,5802.0,1.0,1,track_0,,unknown,unknown
5801.0,5802.0,1.0,1,track_1,,unknown,unknown
5802.0,5803.0,1.0,1,track_0,,unknown,unknown
5802.0,5803.0,1.0,1,track_1,,unknown,unknown
5803.0,5804.0,1.0,1,track_0,,unknown,unknown
5803.0,5804.0,1.0,1,track_1,,unknown,unknown
5804.0,5805.0,1.0,1,track_0,,unknown,unknown
5804.0,5805.0,1.0,1,track_1,,unknown,unknown
5805.0,5806.0,1.0,1,track_0,,unknown,unknown
5805.0,5806.0,1.0,1,track_1,,unknown,unknown
5806.0,5807.0,1.0,1,track_0,,unknown,unknown
5806.0,5807.0,1.0,1,track_1,,unknown,unknown
5807.0,5808.0,1.0,1,track_0,,unknown,unknown
5807.0,5808.0,1.0,1,track_1,,unknown,unknown
5808.0,5809.0,1.0,1,track_0,,unknown,unknown
5808.0,5809.0,1.0,1,track_1,,unknown,unknown
5809.0,5810.0,1.0,1,track_0,,unknown,unknown
5809.0,5810.0,1.0,1,track_1,,unknown,unknown
5810.0,5811.0,1.0,1,track_0,,unknown,unknown
5810.0,5811.0,1.0,1,track_1,,unknown,unknown
5811.0,5812.0,1.0,1,track_0,,unknown,unknown
5811.0,5812.0,1.0,1,track_1,,unknown,unknown
5812.0,5813.0,1.0,1,track_0,,unknown,unknown
5812.0,5813.0,1.0,1,track_1,,unknown,unknown
5813.0,5814.0,1.0,1,track_0,,unknown,unknown
5813.0,5814.0,1.0,1,track_1,,unknown,unknown
5814.0,5815.0,1.0,1,track_0,,unknown,unknown
5814.0,5815.0,1.0,1,track_1,,unknown,unknown
5815.0,5816.0,1.0,1,track_0,,unknown,unknown
5815.0,5816.0,1.0,1,track_1,,unknown,unknown
5816.0,5817.0,1.0,1,track_0,,unknown,unknown
5816.0,5817.0,1.0,1,track_1,,unknown,unknown
5817.0,5818.0,1.0,1,track_0,,unknown,standing
5817.0,5818.0,1.0,1,track_1,,unknown,unknown
5818.0,5819.0,1.0,1,track_0,,unknown,unknown
5818.0,5819.0,1.0,1,track_1,,unknown,unknown
5819.0,5820.0,1.0,1,track_0,,unknown,unknown
5819.0,5820.0,1.0,1,track_1,,unknown,unknown
5820.0,5821.0,1.0,1,track_0,,unknown,unknown
5820.0,5821.0,1.0,1,track_1,,unknown,unknown
5821.0,5822.0,1.0,1,track_0,,unknown,unknown
5821.0,5822.0,1.0,1,track_1,,unknown,unknown
5822.0,5823.0,1.0,1,track_0,,unknown,unknown
5822.0,5823.0,1.0,1,track_1,,unknown,unknown
5823.0,5824.0,1.0,1,track_0,,unknown,unknown
5823.0,5824.0,1.0,1,track_1,,unknown,unknown
5824.0,5825.0,1.0,1,track_0,,unknown,standing
5824.0,5825.0,1.0,1,track_1,,unknown,unknown
5825.0,5826.0,1.0,1,track_0,,unknown,unknown
5825.0,5826.0,1.0,1,track_1,,unknown,unknown
5826.0,5827.0,1.0,1,track_0,,unknown,unknown
5826.0,5827.0,1.0,1,track_1,,unknown,unknown
5827.0,5828.0,1.0,1,track_0,,unknown,unknown
5827.0,5828.0,1.0,1,track_1,,unknown,unknown
5828.0,5829.0,1.0,1,track_0,,unknown,unknown
5828.0,5829.0,1.0,1,track_1,,unknown,unknown
5829.0,5830.0,1.0,1,track_0,,unknown,unknown
5829.0,5830.0,1.0,1,track_1,,unknown,unknown
5830.0,5831.0,1.0,1,track_0,,top,back
5830.0,5831.0,1.0,1,track_1,,unknown,unknown
5831.0,5832.0,1.0,1,track_0,,unknown,unknown
5831.0,5832.0,1.0,1,track_1,,unknown,unknown
5832.0,5833.0,1.0,1,track_0,,unknown,unknown
5832.0,5833.0,1.0,1,track_1,,unknown,unknown
5833.0,5834.0,1.0,1,track_0,,unknown,unknown
5833.0,5834.0,1.0,1,track_1,,unknown,unknown
5834.0,5835.0,1.0,1,track_0,,top,back
5834.0,5835.0,1.0,1,track_1,,unknown,unknown
5835.0,5836.0,1.0,1,track_0,,unknown,unknown
5835.0,5836.0,1.0,1,track_1,,unknown,unknown
5836.0,5837.0,1.0,1,track_0,,top,back
5836.0,5837.0,1.0,1,track_1,,unknown,unknown
5837.0,5838.0,1.0,1,track_0,,unknown,unknown
5837.0,5838.0,1.0,1,track_1,,unknown,unknown
5838.0,5839.0,1.0,1,track_0,,unknown,unknown
5838.0,5839.0,1.0,1,track_1,,unknown,unknown
5839.0,5840.0,1.0,1,track_0,,unknown,unknown
5839.0,5840.0,1.0,1,track_1,,unknown,unknown
5840.0,5841.0,1.0,1,track_0,,unknown,unknown
5840.0,5841.0,1.0,1,track_1,,unknown,unknown
5841.0,5842.0,1.0,1,track_0,,unknown,unknown
5841.0,5842.0,1.0,1,track_1,,unknown,unknown
5842.0,5843.0,1.0,1,track_0,,unknown,unknown
5842.0,5843.0,1.0,1,track_1,,unknown,unknown
5843.0,5844.0,1.0,1,track_0,,unknown,unknown
5843.0,5844.0,1.0,1,track_1,,unknown,unknown
5844.0,5845.0,1.0,1,track_0,,top,back
5844.0,5845.0,1.0,1,track_1,,unknown,unknown
5845.0,5846.0,1.0,1,track_0,,top,back
5845.0,5846.0,1.0,1,track_1,,unknown,unknown
5846.0,5847.0,1.0,1,track_0,,top,back
5846.0,5847.0,1.0,1,track_1,,unknown,unknown
5847.0,5848.0,1.0,1,track_0,,unknown,unknown
5847.0,5848.0,1.0,1,track_1,,unknown,unknown
5848.0,5849.0,1.0,1,track_0,,unknown,unknown
5848.0,5849.0,1.0,1,track_1,,unknown,unknown
5849.0,5850.0,1.0,1,track_0,,unknown,unknown
5849.0,5850.0,1.0,1,track_1,,unknown,unknown
5850.0,5851.0,1.0,1,track_0,,unknown,unknown
5850.0,5851.0,1.0,1,track_1,,unknown,unknown
5851.0,5852.0,1.0,1,track_0,,unknown,unknown
5851.0,5852.0,1.0,1,track_1,,unknown,unknown
5852.0,5853.0,1.0,1,track_0,,unknown,unknown
5852.0,5853.0,1.0,1,track_1,,unknown,unknown
5853.0,5854.0,1.0,1,track_0,,unknown,unknown
5853.0,5854.0,1.0,1,track_1,,unknown,unknown
5854.0,5855.0,1.0,1,track_0,,unknown,unknown
5854.0,5855.0,1.0,1,track_1,,unknown,unknown
5855.0,5856.0,1.0,1,track_0,,unknown,unknown
5855.0,5856.0,1.0,1,track_1,,unknown,unknown
5856.0,5857.0,1.0,1,track_0,,unknown,unknown
5856.0,5857.0,1.0,1,track_1,,unknown,unknown
5857.0,5858.0,1.0,1,track_0,,unknown,unknown
5857.0,5858.0,1.0,1,track_1,,unknown,unknown
5858.0,5859.0,1.0,1,track_0,,unknown,unknown
5858.0,5859.0,1.0,1,track_1,,unknown,unknown
5859.0,5860.0,1.0,1,track_0,,unknown,unknown
5859.0,5860.0,1.0,1,track_1,,unknown,unknown
5860.0,5861.0,1.0,1,track_0,,unknown,unknown
5860.0,5861.0,1.0,1,track_1,,unknown,unknown
5861.0,5862.0,1.0,1,track_0,,unknown,unknown
5861.0,5862.0,1.0,1,track_1,,unknown,unknown
5862.0,5863.0,1.0,1,track_0,,unknown,unknown
5862.0,5863.0,1.0,1,track_1,,unknown,unknown
5863.0,5864.0,1.0,1,track_0,,unknown,unknown
5863.0,5864.0,1.0,1,track_1,,unknown,unknown
5864.0,5865.0,1.0,1,track_0,,unknown,unknown
5864.0,5865.0,1.0,1,track_1,,unknown,unknown
5865.0,5866.0,1.0,1,track_0,,unknown,unknown
5865.0,5866.0,1.0,1,track_1,,unknown,unknown
5866.0,5867.0,1.0,1,track_0,,unknown,unknown
5866.0,5867.0,1.0,1,track_1,,unknown,unknown
5867.0,5868.0,1.0,1,track_0,,unknown,unknown
5867.0,5868.0,1.0,1,track_1,,unknown,unknown
5868.0,5869.0,1.0,1,track_0,,unknown,unknown
5868.0,5869.0,1.0,1,track_1,,unknown,unknown
5869.0,5870.0,1.0,1,track_0,,unknown,unknown
5869.0,5870.0,1.0,1,track_1,,unknown,unknown
5870.0,5871.0,1.0,1,track_0,,unknown,unknown
5870.0,5871.0,1.0,1,track_1,,unknown,unknown
5871.0,5872.0,1.0,1,track_0,,unknown,unknown
5871.0,5872.0,1.0,1,track_1,,unknown,unknown
5872.0,5873.0,1.0,1,track_0,,unknown,unknown
5872.0,5873.0,1.0,1,track_1,,unknown,unknown
5873.0,5874.0,1.0,1,track_0,,unknown,unknown
5873.0,5874.0,1.0,1,track_1,,unknown,unknown
5874.0,5875.0,1.0,1,track_0,,top,back
5874.0,5875.0,1.0,1,track_1,,unknown,unknown
5875.0,5876.0,1.0,1,track_0,,unknown,unknown
5875.0,5876.0,1.0,1,track_1,,unknown,unknown
5876.0,5877.0,1.0,1,track_0,,unknown,unknown
5876.0,5877.0,1.0,1,track_1,,unknown,unknown
5877.0,5878.0,1.0,1,track_0,,unknown,unknown
5877.0,5878.0,1.0,1,track_1,,unknown,unknown
5878.0,5879.0,1.0,1,track_0,,unknown,unknown
5878.0,5879.0,1.0,1,track_1,,unknown,unknown
5879.0,5880.0,1.0,1,track_0,,unknown,unknown
5879.0,5880.0,1.0,1,track_1,,unknown,unknown
5880.0,5881.0,1.0,1,track_0,,unknown,unknown
5880.0,5881.0,1.0,1,track_1,,unknown,unknown
5881.0,5882.0,1.0,1,track_0,,unknown,unknown
5881.0,5882.0,1.0,1,track_1,,unknown,unknown
5882.0,5883.0,1.0,1,track_0,,unknown,unknown
5882.0,5883.0,1.0,1,track_1,,unknown,unknown
5883.0,5884.0,1.0,1,track_0,,unknown,unknown
5883.0,5884.0,1.0,1,track_1,,unknown,unknown
5884.0,5885.0,1.0,1,track_0,,unknown,unknown
5884.0,5885.0,1.0,1,track_1,,unknown,unknown
5885.0,5886.0,1.0,1,track_0,,unknown,unknown
5885.0,5886.0,1.0,1,track_1,,unknown,unknown
5886.0,5887.0,1.0,1,track_0,,unknown,unknown
5886.0,5887.0,1.0,1,track_1,,unknown,unknown
5887.0,5888.0,1.0,1,track_0,,unknown,unknown
5887.0,5888.0,1.0,1,track_1,,unknown,unknown
5888.0,5889.0,1.0,1,track_0,,unknown,unknown
5888.0,5889.0,1.0,1,track_1,,unknown,unknown
5889.0,5890.0,1.0,1,track_0,,unknown,unknown
5889.0,5890.0,1.0,1,track_1,,unknown,unknown
5890.0,5891.0,1.0,1,track_0,,unknown,unknown
5890.0,5891.0,1.0,1,track_1,,unknown,unknown
5891.0,5892.0,1.0,1,track_0,,unknown,unknown
5891.0,5892.0,1.0,1,track_1,,unknown,unknown
5892.0,5893.0,1.0,1,track_0,,unknown,unknown
5892.0,5893.0,1.0,1,track_1,,unknown,unknown
5893.0,5894.0,1.0,1,track_0,,unknown,unknown
5893.0,5894.0,1.0,1,track_1,,unknown,unknown
5894.0,5895.0,1.0,1,track_0,,unknown,unknown
5894.0,5895.0,1.0,1,track_1,,unknown,unknown
5895.0,5896.0,1.0,1,track_0,,unknown,unknown
5895.0,5896.0,1.0,1,track_1,,unknown,unknown
5896.0,5897.0,1.0,1,track_0,,unknown,unknown
5896.0,5897.0,1.0,1,track_1,,unknown,unknown
5897.0,5898.0,1.0,1,track_0,,unknown,unknown
5897.0,5898.0,1.0,1,track_1,,unknown,unknown
5898.0,5899.0,1.0,1,track_0,,unknown,unknown
5898.0,5899.0,1.0,1,track_1,,unknown,unknown
5899.0,5900.0,1.0,1,track_0,,unknown,unknown
5899.0,5900.0,1.0,1,track_1,,unknown,unknown
5900.0,5901.0,1.0,1,track_0,,unknown,unknown
5900.0,5901.0,1.0,1,track_1,,unknown,unknown
5901.0,5902.0,1.0,1,track_0,,unknown,unknown
5901.0,5902.0,1.0,1,track_1,,unknown,unknown
5902.0,5903.0,1.0,1,track_0,,bottom,open guard
5902.0,5903.0,1.0,1,track_1,,unknown,unknown
5903.0,5904.0,1.0,1,track_0,,unknown,unknown
5903.0,5904.0,1.0,1,track_1,,unknown,unknown
5904.0,5905.0,1.0,1,track_0,,unknown,unknown
5904.0,5905.0,1.0,1,track_1,,unknown,unknown
5905.0,5906.0,1.0,1,track_0,,unknown,unknown
5905.0,5906.0,1.0,1,track_1,,unknown,unknown
5906.0,5907.0,1.0,1,track_0,,unknown,unknown
5906.0,5907.0,1.0,1,track_1,,unknown,unknown
5907.0,5908.0,1.0,1,track_0,,unknown,unknown
5907.0,5908.0,1.0,1,track_1,,unknown,unknown
5908.0,5909.0,1.0,1,track_0,,unknown,unknown
5908.0,5909.0,1.0,1,track_1,,unknown,unknown
5909.0,5910.0,1.0,1,track_0,,unknown,unknown
5909.0,5910.0,1.0,1,track_1,,unknown,unknown
5910.0,5911.0,1.0,1,track_0,,unknown,unknown
5910.0,5911.0,1.0,1,track_1,,unknown,unknown
5911.0,5912.0,1.0,1,track_0,,unknown,unknown
5911.0,5912.0,1.0,1,track_1,,unknown,unknown
5912.0,5913.0,1.0,1,track_0,,unknown,unknown
5912.0,5913.0,1.0,1,track_1,,unknown,unknown
5913.0,5914.0,1.0,1,track_0,,unknown,unknown
5913.0,5914.0,1.0,1,track_1,,unknown,unknown
5914.0,5915.0,1.0,1,track_0,,unknown,unknown
5914.0,5915.0,1.0,1,track_1,,unknown,unknown
5915.0,5916.0,1.0,1,track_0,,unknown,unknown
5915.0,5916.0,1.0,1,track_1,,unknown,unknown
5916.0,5917.0,1.0,1,track_0,,unknown,unknown
5916.0,5917.0,1.0,1,track_1,,unknown,unknown
5917.0,5918.0,1.0,1,track_0,,unknown,unknown
5917.0,5918.0,1.0,1,track_1,,unknown,unknown
5918.0,5919.0,1.0,1,track_0,,unknown,unknown
5918.0,5919.0,1.0,1,track_1,,unknown,unknown
5919.0,5920.0,1.0,1,track_0,,unknown,unknown
5919.0,5920.0,1.0,1,track_1,,unknown,unknown
5920.0,5921.0,1.0,1,track_0,,unknown,unknown
5920.0,5921.0,1.0,1,track_1,,unknown,unknown
5921.0,5922.0,1.0,1,track_0,,unknown,unknown
5921.0,5922.0,1.0,1,track_1,,unknown,unknown
5922.0,5923.0,1.0,1,track_0,,top,back
5922.0,5923.0,1.0,1,track_1,,unknown,unknown
5923.0,5924.0,1.0,1,track_0,,unknown,unknown
5923.0,5924.0,1.0,1,track_1,,unknown,unknown
5924.0,5925.0,1.0,1,track_0,,unknown,unknown
5924.0,5925.0,1.0,1,track_1,,unknown,unknown
5925.0,5926.0,1.0,1,track_0,,unknown,unknown
5925.0,5926.0,1.0,1,track_1,,unknown,unknown
5926.0,5927.0,1.0,1,track_0,,unknown,unknown
5926.0,5927.0,1.0,1,track_1,,unknown,unknown
5927.0,5928.0,1.0,1,track_0,,unknown,unknown
5927.0,5928.0,1.0,1,track_1,,unknown,unknown
5928.0,5929.0,1.0,1,track_0,,unknown,unknown
5928.0,5929.0,1.0,1,track_1,,unknown,unknown
5929.0,5930.0,1.0,1,track_0,,unknown,unknown
5929.0,5930.0,1.0,1,track_1,,unknown,unknown
5930.0,5931.0,1.0,1,track_0,,unknown,unknown
5930.0,5931.0,1.0,1,track_1,,unknown,unknown
5931.0,5932.0,1.0,1,track_0,,unknown,unknown
5931.0,5932.0,1.0,1,track_1,,unknown,unknown
5932.0,5933.0,1.0,1,track_0,,unknown,unknown
5932.0,5933.0,1.0,1,track_1,,unknown,unknown
5933.0,5934.0,1.0,1,track_0,,unknown,unknown
5933.0,5934.0,1.0,1,track_1,,unknown,unknown
5934.0,5935.0,1.0,1,track_0,,unknown,unknown
5934.0,5935.0,1.0,1,track_1,,unknown,unknown
5935.0,5936.0,1.0,1,track_0,,unknown,unknown
5935.0,5936.0,1.0,1,track_1,,unknown,unknown
5936.0,5937.0,1.0,1,track_0,,bottom,open guard
5936.0,5937.0,1.0,1,track_1,,unknown,unknown
5937.0,5938.0,1.0,1,track_0,,bottom,open guard
5937.0,5938.0,1.0,1,track_1,,unknown,unknown
5938.0,5939.0,1.0,1,track_0,,unknown,unknown
5938.0,5939.0,1.0,1,track_1,,unknown,unknown
5939.0,5940.0,1.0,1,track_0,,unknown,unknown
5939.0,5940.0,1.0,1,track_1,,unknown,unknown
5940.0,5941.0,1.0,1,track_0,,unknown,unknown
5940.0,5941.0,1.0,1,track_1,,unknown,unknown
5941.0,5942.0,1.0,1,track_0,,unknown,unknown
5941.0,5942.0,1.0,1,track_1,,unknown,unknown
5942.0,5943.0,1.0,1,track_0,,unknown,unknown
5942.0,5943.0,1.0,1,track_1,,unknown,unknown
5943.0,5944.0,1.0,1,track_0,,unknown,unknown
5943.0,5944.0,1.0,1,track_1,,unknown,unknown
5944.0,5945.0,1.0,1,track_0,,unknown,unknown
5944.0,5945.0,1.0,1,track_1,,unknown,unknown
5945.0,5946.0,1.0,1,track_0,,unknown,unknown
5945.0,5946.0,1.0,1,track_1,,unknown,unknown
5946.0,5947.0,1.0,1,track_0,,unknown,unknown
5946.0,5947.0,1.0,1,track_1,,unknown,unknown
5947.0,5948.0,1.0,1,track_0,,unknown,unknown
5947.0,5948.0,1.0,1,track_1,,unknown,unknown
5948.0,5949.0,1.0,1,track_0,,unknown,unknown
5948.0,5949.0,1.0,1,track_1,,unknown,unknown
5949.0,5950.0,1.0,1,track_0,,unknown,unknown
5949.0,5950.0,1.0,1,track_1,,unknown,unknown
5950.0,5951.0,1.0,1,track_0,,unknown,unknown
5950.0,5951.0,1.0,1,track_1,,unknown,unknown
5951.0,5952.0,1.0,1,track_0,,unknown,unknown
5951.0,5952.0,1.0,1,track_1,,unknown,unknown
5952.0,5953.0,1.0,1,track_0,,unknown,unknown
5952.0,5953.0,1.0,1,track_1,,unknown,unknown
5953.0,5954.0,1.0,1,track_0,,unknown,unknown
5953.0,5954.0,1.0,1,track_1,,unknown,unknown
5954.0,5955.0,1.0,1,track_0,,unknown,unknown
5954.0,5955.0,1.0,1,track_1,,unknown,unknown
5955.0,5956.0,1.0,1,track_0,,unknown,unknown
5955.0,5956.0,1.0,1,track_1,,unknown,unknown
5956.0,5957.0,1.0,1,track_0,,unknown,unknown
5956.0,5957.0,1.0,1,track_1,,unknown,unknown
5957.0,5958.0,1.0,1,track_0,,unknown,unknown
5957.0,5958.0,1.0,1,track_1,,unknown,unknown
5958.0,5959.0,1.0,1,track_0,,unknown,unknown
5958.0,5959.0,1.0,1,track_1,,unknown,unknown
5959.0,5960.0,1.0,1,track_0,,unknown,unknown
5959.0,5960.0,1.0,1,track_1,,unknown,unknown
5960.0,5961.0,1.0,1,track_0,,unknown,unknown
5960.0,5961.0,1.0,1,track_1,,unknown,unknown
5961.0,5962.0,1.0,1,track_0,,unknown,unknown
5961.0,5962.0,1.0,1,track_1,,unknown,unknown
5962.0,5963.0,1.0,1,track_0,,unknown,unknown
5962.0,5963.0,1.0,1,track_1,,unknown,unknown
5963.0,5964.0,1.0,1,track_0,,unknown,unknown
5963.0,5964.0,1.0,1,track_1,,unknown,unknown
5964.0,5965.0,1.0,1,track_0,,unknown,unknown
5964.0,5965.0,1.0,1,track_1,,unknown,unknown
5965.0,5966.0,1.0,1,track_0,,unknown,unknown
5965.0,5966.0,1.0,1,track_1,,unknown,unknown
5966.0,5967.0,1.0,1,track_0,,unknown,unknown
5966.0,5967.0,1.0,1,track_1,,unknown,unknown
5967.0,5968.0,1.0,1,track_0,,unknown,unknown
5967.0,5968.0,1.0,1,track_1,,unknown,unknown
5968.0,5969.0,1.0,1,track_0,,unknown,unknown
5968.0,5969.0,1.0,1,track_1,,unknown,unknown
5969.0,5970.0,1.0,1,track_0,,unknown,unknown
5969.0,5970.0,1.0,1,track_1,,unknown,unknown
5970.0,5971.0,1.0,1,track_0,,unknown,unknown
5970.0,5971.0,1.0,1,track_1,,unknown,unknown
5971.0,5972.0,1.0,1,track_0,,unknown,unknown
5971.0,5972.0,1.0,1,track_1,,unknown,unknown
5972.0,5973.0,1.0,1,track_0,,unknown,unknown
5972.0,5973.0,1.0,1,track_1,,unknown,unknown
5973.0,5974.0,1.0,1,track_0,,unknown,unknown
5973.0,5974.0,1.0,1,track_1,,unknown,unknown
5974.0,5975.0,1.0,1,track_0,,unknown,unknown
5974.0,5975.0,1.0,1,track_1,,unknown,unknown
5975.0,5976.0,1.0,1,track_0,,unknown,unknown
5975.0,5976.0,1.0,1,track_1,,unknown,unknown
5976.0,5977.0,1.0,1,track_0,,unknown,unknown
5976.0,5977.0,1.0,1,track_1,,unknown,unknown
5977.0,5978.0,1.0,1,track_0,,unknown,unknown
5977.0,5978.0,1.0,1,track_1,,unknown,unknown
5978.0,5979.0,1.0,1,track_0,,unknown,unknown
5978.0,5979.0,1.0,1,track_1,,unknown,unknown
5979.0,5980.0,1.0,1,track_0,,unknown,unknown
5979.0,5980.0,1.0,1,track_1,,unknown,unknown
5980.0,5981.0,1.0,1,track_0,,unknown,unknown
5980.0,5981.0,1.0,1,track_1,,unknown,unknown
5981.0,5982.0,1.0,1,track_0,,unknown,unknown
5981.0,5982.0,1.0,1,track_1,,unknown,unknown
5982.0,5983.0,1.0,1,track_0,,unknown,unknown
5982.0,5983.0,1.0,1,track_1,,unknown,unknown
5983.0,5984.0,1.0,1,track_0,,unknown,unknown
5983.0,5984.0,1.0,1,track_1,,unknown,unknown
5984.0,5985.0,1.0,1,track_0,,unknown,unknown
5984.0,5985.0,1.0,1,track_1,,unknown,unknown
5985.0,5986.0,1.0,1,track_0,,unknown,unknown
5985.0,5986.0,1.0,1,track_1,,unknown,unknown
5986.0,5987.0,1.0,1,track_0,,unknown,unknown
5986.0,5987.0,1.0,1,track_1,,unknown,unknown
5987.0,5988.0,1.0,1,track_0,,unknown,unknown
5987.0,5988.0,1.0,1,track_1,,unknown,unknown
5988.0,5989.0,1.0,1,track_0,,unknown,unknown
5988.0,5989.0,1.0,1,track_1,,unknown,unknown
5989.0,5990.0,1.0,1,track_0,,unknown,unknown
5989.0,5990.0,1.0,1,track_1,,unknown,unknown
5990.0,5991.0,1.0,1,track_0,,unknown,unknown
5990.0,5991.0,1.0,1,track_1,,unknown,unknown
5991.0,5992.0,1.0,1,track_0,,unknown,unknown
5991.0,5992.0,1.0,1,track_1,,unknown,unknown
5992.0,5993.0,1.0,1,track_0,,bottom,open guard
5992.0,5993.0,1.0,1,track_1,,unknown,unknown
5993.0,5994.0,1.0,1,track_0,,unknown,unknown
5993.0,5994.0,1.0,1,track_1,,unknown,unknown
5994.0,5995.0,1.0,1,track_0,,unknown,unknown
5994.0,5995.0,1.0,1,track_1,,unknown,unknown
5995.0,5996.0,1.0,1,track_0,,unknown,unknown
5995.0,5996.0,1.0,1,track_1,,unknown,unknown
5996.0,5997.0,1.0,1,track_0,,unknown,unknown
5996.0,5997.0,1.0,1,track_1,,unknown,unknown
5997.0,5998.0,1.0,1,track_0,,unknown,unknown
5997.0,5998.0,1.0,1,track_1,,unknown,unknown
5998.0,5999.0,1.0,1,track_0,,unknown,unknown
5998.0,5999.0,1.0,1,track_1,,unknown,unknown
5999.0,6000.0,1.0,1,track_0,,unknown,unknown
5999.0,6000.0,1.0,1,track_1,,unknown,unknown
6000.0,6001.0,1.0,1,track_0,,unknown,unknown
6000.0,6001.0,1.0,1,track_1,,unknown,unknown
6001.0,6002.0,1.0,1,track_0,,unknown,unknown
6001.0,6002.0,1.0,1,track_1,,unknown,unknown
6002.0,6003.0,1.0,1,track_0,,unknown,unknown
6002.0,6003.0,1.0,1,track_1,,unknown,unknown
6003.0,6004.0,1.0,1,track_0,,unknown,unknown
6003.0,6004.0,1.0,1,track_1,,unknown,unknown
6004.0,6005.0,1.0,1,track_0,,unknown,unknown
6004.0,6005.0,1.0,1,track_1,,unknown,unknown
6005.0,6006.0,1.0,1,track_0,,unknown,unknown
6005.0,6006.0,1.0,1,track_1,,unknown,unknown
6006.0,6007.0,1.0,1,track_0,,unknown,unknown
6006.0,6007.0,1.0,1,track_1,,unknown,unknown
6007.0,6008.0,1.0,1,track_0,,unknown,unknown
6007.0,6008.0,1.0,1,track_1,,unknown,unknown
6008.0,6009.0,1.0,1,track_0,,unknown,unknown
6008.0,6009.0,1.0,1,track_1,,unknown,unknown
6009.0,6010.0,1.0,1,track_0,,unknown,unknown
6009.0,6010.0,1.0,1,track_1,,unknown,unknown
6010.0,6011.0,1.0,1,track_0,,unknown,unknown
6010.0,6011.0,1.0,1,track_1,,unknown,unknown
6011.0,6012.0,1.0,1,track_0,,unknown,unknown
6011.0,6012.0,1.0,1,track_1,,unknown,unknown
6012.0,6013.0,1.0,1,track_0,,unknown,unknown
6012.0,6013.0,1.0,1,track_1,,unknown,unknown
6013.0,6014.0,1.0,1,track_0,,unknown,unknown
6013.0,6014.0,1.0,1,track_1,,unknown,unknown
6014.0,6015.0,1.0,1,track_0,,unknown,unknown
6014.0,6015.0,1.0,1,track_1,,unknown,unknown
6015.0,6016.0,1.0,1,track_0,,unknown,unknown
6015.0,6016.0,1.0,1,track_1,,unknown,unknown
6016.0,6017.0,1.0,1,track_0,,unknown,unknown
6016.0,6017.0,1.0,1,track_1,,unknown,unknown
6017.0,6018.0,1.0,1,track_0,,unknown,unknown
6017.0,6018.0,1.0,1,track_1,,unknown,unknown
6018.0,6019.0,1.0,1,track_0,,unknown,unknown
6018.0,6019.0,1.0,1,track_1,,unknown,unknown
6019.0,6020.0,1.0,1,track_0,,unknown,unknown
6019.0,6020.0,1.0,1,track_1,,unknown,unknown
6020.0,6021.0,1.0,1,track_0,,unknown,unknown
6020.0,6021.0,1.0,1,track_1,,unknown,unknown
6021.0,6022.0,1.0,1,track_0,,unknown,unknown
6021.0,6022.0,1.0,1,track_1,,unknown,unknown
6022.0,6023.0,1.0,1,track_0,,unknown,unknown
6022.0,6023.0,1.0,1,track_1,,unknown,unknown
6023.0,6024.0,1.0,1,track_0,,unknown,unknown
6023.0,6024.0,1.0,1,track_1,,unknown,unknown
6024.0,6025.0,1.0,1,track_0,,unknown,unknown
6024.0,6025.0,1.0,1,track_1,,unknown,unknown
6025.0,6026.0,1.0,1,track_0,,unknown,unknown
6025.0,6026.0,1.0,1,track_1,,unknown,unknown
6026.0,6027.0,1.0,1,track_0,,unknown,unknown
6026.0,6027.0,1.0,1,track_1,,unknown,unknown
6027.0,6028.0,1.0,1,track_0,,bottom,open guard
6027.0,6028.0,1.0,1,track_1,,unknown,unknown
6028.0,6029.0,1.0,1,track_0,,unknown,unknown
6028.0,6029.0,1.0,1,track_1,,unknown,unknown
6029.0,6030.0,1.0,1,track_0,,bottom,open guard
6029.0,6030.0,1.0,1,track_1,,unknown,unknown
6030.0,6031.0,1.0,1,track_0,,unknown,unknown
6030.0,6031.0,1.0,1,track_1,,unknown,unknown
6031.0,6032.0,1.0,1,track_0,,unknown,unknown
6031.0,6032.0,1.0,1,track_1,,unknown,unknown
6032.0,6033.0,1.0,1,track_0,,unknown,unknown
6032.0,6033.0,1.0,1,track_1,,unknown,unknown
6033.0,6034.0,1.0,1,track_0,,unknown,unknown
6033.0,6034.0,1.0,1,track_1,,unknown,unknown
6034.0,6035.0,1.0,1,track_0,,unknown,unknown
6034.0,6035.0,1.0,1,track_1,,unknown,unknown
6035.0,6036.0,1.0,1,track_0,,unknown,unknown
6035.0,6036.0,1.0,1,track_1,,unknown,unknown
6036.0,6037.0,1.0,1,track_0,,unknown,unknown
6036.0,6037.0,1.0,1,track_1,,unknown,unknown
6037.0,6038.0,1.0,1,track_0,,unknown,unknown
6037.0,6038.0,1.0,1,track_1,,unknown,unknown
6038.0,6039.0,1.0,1,track_0,,unknown,unknown
6038.0,6039.0,1.0,1,track_1,,unknown,unknown
6039.0,6040.0,1.0,1,track_0,,unknown,unknown
6039.0,6040.0,1.0,1,track_1,,unknown,unknown
6040.0,6041.0,1.0,1,track_0,,unknown,unknown
6040.0,6041.0,1.0,1,track_1,,unknown,unknown
6041.0,6042.0,1.0,1,track_0,,unknown,unknown
6041.0,6042.0,1.0,1,track_1,,unknown,unknown
6042.0,6043.0,1.0,1,track_0,,unknown,unknown
6042.0,6043.0,1.0,1,track_1,,unknown,unknown
6043.0,6044.0,1.0,1,track_0,,unknown,unknown
6043.0,6044.0,1.0,1,track_1,,unknown,unknown
6044.0,6045.0,1.0,1,track_0,,unknown,unknown
6044.0,6045.0,1.0,1,track_1,,unknown,unknown
6045.0,6046.0,1.0,1,track_0,,unknown,unknown
6045.0,6046.0,1.0,1,track_1,,unknown,unknown
6046.0,6047.0,1.0,1,track_0,,unknown,unknown
6046.0,6047.0,1.0,1,track_1,,unknown,unknown
6047.0,6048.0,1.0,1,track_0,,unknown,unknown
6047.0,6048.0,1.0,1,track_1,,unknown,unknown
6048.0,6049.0,1.0,1,track_0,,unknown,unknown
6048.0,6049.0,1.0,1,track_1,,unknown,unknown
6049.0,6050.0,1.0,1,track_0,,unknown,unknown
6049.0,6050.0,1.0,1,track_1,,unknown,unknown
6050.0,6051.0,1.0,1,track_0,,top,back
6050.0,6051.0,1.0,1,track_1,,unknown,unknown
6051.0,6052.0,1.0,1,track_0,,top,back
6051.0,6052.0,1.0,1,track_1,,unknown,unknown
6052.0,6053.0,1.0,1,track_0,,unknown,unknown
6052.0,6053.0,1.0,1,track_1,,unknown,unknown
6053.0,6054.0,1.0,1,track_0,,unknown,unknown
6053.0,6054.0,1.0,1,track_1,,unknown,unknown
6054.0,6055.0,1.0,1,track_0,,unknown,unknown
6054.0,6055.0,1.0,1,track_1,,unknown,unknown
6055.0,6056.0,1.0,1,track_0,,unknown,unknown
6055.0,6056.0,1.0,1,track_1,,unknown,unknown
6056.0,6057.0,1.0,1,track_0,,unknown,unknown
6056.0,6057.0,1.0,1,track_1,,unknown,unknown
6057.0,6058.0,1.0,1,track_0,,unknown,unknown
6057.0,6058.0,1.0,1,track_1,,unknown,unknown
6058.0,6059.0,1.0,1,track_0,,unknown,unknown
6058.0,6059.0,1.0,1,track_1,,unknown,unknown
6059.0,6060.0,1.0,1,track_0,,unknown,unknown
6059.0,6060.0,1.0,1,track_1,,unknown,unknown
6060.0,6061.0,1.0,1,track_0,,unknown,unknown
6060.0,6061.0,1.0,1,track_1,,unknown,unknown
6061.0,6062.0,1.0,1,track_0,,unknown,unknown
6061.0,6062.0,1.0,1,track_1,,unknown,unknown
6062.0,6063.0,1.0,1,track_0,,unknown,unknown
6062.0,6063.0,1.0,1,track_1,,unknown,unknown
6063.0,6064.0,1.0,1,track_0,,unknown,unknown
6063.0,6064.0,1.0,1,track_1,,unknown,unknown
6064.0,6065.0,1.0,1,track_0,,unknown,unknown
6064.0,6065.0,1.0,1,track_1,,unknown,unknown
6065.0,6066.0,1.0,1,track_0,,top,back
6065.0,6066.0,1.0,1,track_1,,unknown,unknown
6066.0,6067.0,1.0,1,track_0,,unknown,unknown
6066.0,6067.0,1.0,1,track_1,,unknown,unknown
6067.0,6068.0,1.0,1,track_0,,unknown,unknown
6067.0,6068.0,1.0,1,track_1,,unknown,unknown
6068.0,6069.0,1.0,1,track_0,,unknown,unknown
6068.0,6069.0,1.0,1,track_1,,unknown,unknown
6069.0,6070.0,1.0,1,track_0,,unknown,unknown
6069.0,6070.0,1.0,1,track_1,,unknown,unknown
6070.0,6071.0,1.0,1,track_0,,unknown,unknown
6070.0,6071.0,1.0,1,track_1,,unknown,unknown
6071.0,6072.0,1.0,1,track_0,,unknown,unknown
6071.0,6072.0,1.0,1,track_1,,unknown,unknown
6072.0,6073.0,1.0,1,track_0,,unknown,unknown
6072.0,6073.0,1.0,1,track_1,,unknown,unknown
6073.0,6074.0,1.0,1,track_0,,unknown,unknown
6073.0,6074.0,1.0,1,track_1,,unknown,unknown
6074.0,6075.0,1.0,1,track_0,,unknown,unknown
6074.0,6075.0,1.0,1,track_1,,unknown,unknown
6075.0,6076.0,1.0,1,track_0,,unknown,unknown
6075.0,6076.0,1.0,1,track_1,,unknown,unknown
6076.0,6077.0,1.0,1,track_0,,unknown,unknown
6076.0,6077.0,1.0,1,track_1,,unknown,unknown
6077.0,6078.0,1.0,1,track_0,,unknown,unknown
6077.0,6078.0,1.0,1,track_1,,unknown,unknown
6078.0,6079.0,1.0,1,track_0,,unknown,unknown
6078.0,6079.0,1.0,1,track_1,,unknown,unknown
6079.0,6080.0,1.0,1,track_0,,unknown,unknown
6079.0,6080.0,1.0,1,track_1,,unknown,unknown
6080.0,6081.0,1.0,1,track_0,,unknown,unknown
6080.0,6081.0,1.0,1,track_1,,unknown,unknown
6081.0,6082.0,1.0,1,track_0,,unknown,unknown
6081.0,6082.0,1.0,1,track_1,,unknown,unknown
6082.0,6083.0,1.0,1,track_0,,top,back
6082.0,6083.0,1.0,1,track_1,,unknown,unknown
6083.0,6084.0,1.0,1,track_0,,unknown,unknown
6083.0,6084.0,1.0,1,track_1,,unknown,unknown
6084.0,6085.0,1.0,1,track_0,,unknown,unknown
6084.0,6085.0,1.0,1,track_1,,unknown,unknown
6085.0,6086.0,1.0,1,track_0,,unknown,unknown
6085.0,6086.0,1.0,1,track_1,,unknown,unknown
6086.0,6087.0,1.0,1,track_0,,unknown,unknown
6086.0,6087.0,1.0,1,track_1,,unknown,unknown
6087.0,6088.0,1.0,1,track_0,,unknown,unknown
6087.0,6088.0,1.0,1,track_1,,unknown,unknown
6088.0,6089.0,1.0,1,track_0,,unknown,unknown
6088.0,6089.0,1.0,1,track_1,,unknown,unknown
6089.0,6090.0,1.0,1,track_0,,unknown,unknown
6089.0,6090.0,1.0,1,track_1,,unknown,unknown
6090.0,6091.0,1.0,1,track_0,,unknown,unknown
6090.0,6091.0,1.0,1,track_1,,unknown,unknown
6091.0,6092.0,1.0,1,track_0,,unknown,unknown
6091.0,6092.0,1.0,1,track_1,,unknown,unknown
6092.0,6093.0,1.0,1,track_0,,unknown,unknown
6092.0,6093.0,1.0,1,track_1,,unknown,unknown
6093.0,6094.0,1.0,1,track_0,,unknown,unknown
6093.0,6094.0,1.0,1,track_1,,unknown,unknown
6094.0,6095.0,1.0,1,track_0,,unknown,unknown
6094.0,6095.0,1.0,1,track_1,,unknown,unknown
6095.0,6096.0,1.0,1,track_0,,unknown,unknown
6095.0,6096.0,1.0,1,track_1,,unknown,unknown
6096.0,6097.0,1.0,1,track_0,,unknown,unknown
6096.0,6097.0,1.0,1,track_1,,unknown,unknown
6097.0,6098.0,1.0,1,track_0,,unknown,unknown
6097.0,6098.0,1.0,1,track_1,,unknown,unknown
6098.0,6099.0,1.0,1,track_0,,unknown,unknown
6098.0,6099.0,1.0,1,track_1,,unknown,unknown
6099.0,6100.0,1.0,1,track_0,,unknown,unknown
6099.0,6100.0,1.0,1,track_1,,unknown,unknown
6100.0,6101.0,1.0,1,track_0,,unknown,unknown
6100.0,6101.0,1.0,1,track_1,,unknown,unknown
6101.0,6102.0,1.0,1,track_0,,unknown,unknown
6101.0,6102.0,1.0,1,track_1,,unknown,unknown
6102.0,6103.0,1.0,1,track_0,,unknown,unknown
6102.0,6103.0,1.0,1,track_1,,unknown,unknown
6103.0,6104.0,1.0,1,track_0,,unknown,unknown
6103.0,6104.0,1.0,1,track_1,,unknown,unknown
6104.0,6105.0,1.0,1,track_0,,unknown,unknown
6104.0,6105.0,1.0,1,track_1,,unknown,unknown
6105.0,6106.0,1.0,1,track_0,,unknown,unknown
6105.0,6106.0,1.0,1,track_1,,unknown,unknown
6106.0,6107.0,1.0,1,track_0,,unknown,unknown
6106.0,6107.0,1.0,1,track_1,,unknown,unknown
6107.0,6108.0,1.0,1,track_0,,unknown,unknown
6107.0,6108.0,1.0,1,track_1,,unknown,unknown
6108.0,6109.0,1.0,1,track_0,,unknown,unknown
6108.0,6109.0,1.0,1,track_1,,unknown,unknown
6109.0,6110.0,1.0,1,track_0,,unknown,unknown
6109.0,6110.0,1.0,1,track_1,,unknown,unknown
6110.0,6111.0,1.0,1,track_0,,unknown,unknown
6110.0,6111.0,1.0,1,track_1,,unknown,unknown
6111.0,6112.0,1.0,1,track_0,,unknown,unknown
6111.0,6112.0,1.0,1,track_1,,unknown,unknown
6112.0,6113.0,1.0,1,track_0,,unknown,unknown
6112.0,6113.0,1.0,1,track_1,,unknown,unknown
6113.0,6114.0,1.0,1,track_0,,unknown,unknown
6113.0,6114.0,1.0,1,track_1,,unknown,unknown
6114.0,6115.0,1.0,1,track_0,,unknown,unknown
6114.0,6115.0,1.0,1,track_1,,unknown,unknown
6115.0,6116.0,1.0,1,track_0,,unknown,unknown
6115.0,6116.0,1.0,1,track_1,,unknown,unknown
6116.0,6117.0,1.0,1,track_0,,unknown,unknown
6116.0,6117.0,1.0,1,track_1,,unknown,unknown
6117.0,6118.0,1.0,1,track_0,,unknown,unknown
6117.0,6118.0,1.0,1,track_1,,unknown,unknown
6118.0,6119.0,1.0,1,track_0,,unknown,unknown
6118.0,6119.0,1.0,1,track_1,,unknown,unknown
6119.0,6120.0,1.0,1,track_0,,unknown,unknown
6119.0,6120.0,1.0,1,track_1,,unknown,unknown
6120.0,6121.0,1.0,1,track_0,,unknown,unknown
6120.0,6121.0,1.0,1,track_1,,unknown,unknown
6121.0,6122.0,1.0,1,track_0,,unknown,unknown
6121.0,6122.0,1.0,1,track_1,,unknown,unknown
6122.0,6123.0,1.0,1,track_0,,unknown,unknown
6122.0,6123.0,1.0,1,track_1,,unknown,unknown
6123.0,6124.0,1.0,1,track_0,,unknown,unknown
6123.0,6124.0,1.0,1,track_1,,unknown,unknown
6124.0,6125.0,1.0,1,track_0,,unknown,unknown
6124.0,6125.0,1.0,1,track_1,,unknown,unknown
6125.0,6126.0,1.0,1,track_0,,unknown,unknown
6125.0,6126.0,1.0,1,track_1,,unknown,unknown
6126.0,6127.0,1.0,1,track_0,,unknown,unknown
6126.0,6127.0,1.0,1,track_1,,unknown,unknown
6127.0,6128.0,1.0,1,track_0,,unknown,unknown
6127.0,6128.0,1.0,1,track_1,,unknown,unknown
6128.0,6129.0,1.0,1,track_0,,unknown,unknown
6128.0,6129.0,1.0,1,track_1,,unknown,unknown
6129.0,6130.0,1.0,1,track_0,,unknown,unknown
6129.0,6130.0,1.0,1,track_1,,unknown,unknown
6130.0,6131.0,1.0,1,track_0,,unknown,unknown
6130.0,6131.0,1.0,1,track_1,,unknown,unknown
6131.0,6132.0,1.0,1,track_0,,unknown,unknown
6131.0,6132.0,1.0,1,track_1,,unknown,unknown
6132.0,6133.0,1.0,1,track_0,,unknown,unknown
6132.0,6133.0,1.0,1,track_1,,unknown,unknown
6133.0,6134.0,1.0,1,track_0,,unknown,unknown
6133.0,6134.0,1.0,1,track_1,,unknown,unknown
6134.0,6135.0,1.0,1,track_0,,unknown,unknown
6134.0,6135.0,1.0,1,track_1,,unknown,unknown
6135.0,6136.0,1.0,1,track_0,,unknown,unknown
6135.0,6136.0,1.0,1,track_1,,unknown,unknown
6136.0,6137.0,1.0,1,track_0,,unknown,unknown
6136.0,6137.0,1.0,1,track_1,,unknown,unknown
6137.0,6138.0,1.0,1,track_0,,unknown,unknown
6137.0,6138.0,1.0,1,track_1,,unknown,unknown
6138.0,6139.0,1.0,1,track_0,,unknown,unknown
6138.0,6139.0,1.0,1,track_1,,unknown,unknown
6139.0,6140.0,1.0,1,track_0,,unknown,unknown
6139.0,6140.0,1.0,1,track_1,,unknown,unknown
6140.0,6141.0,1.0,1,track_0,,unknown,unknown
6140.0,6141.0,1.0,1,track_1,,unknown,unknown
6141.0,6142.0,1.0,1,track_0,,unknown,unknown
6141.0,6142.0,1.0,1,track_1,,unknown,unknown
6142.0,6143.0,1.0,1,track_0,,unknown,unknown
6142.0,6143.0,1.0,1,track_1,,unknown,unknown
6143.0,6144.0,1.0,1,track_0,,unknown,unknown
6143.0,6144.0,1.0,1,track_1,,unknown,unknown
6144.0,6145.0,1.0,1,track_0,,unknown,unknown
6144.0,6145.0,1.0,1,track_1,,unknown,unknown
6145.0,6146.0,1.0,1,track_0,,unknown,unknown
6145.0,6146.0,1.0,1,track_1,,unknown,unknown
6146.0,6147.0,1.0,1,track_0,,unknown,unknown
6146.0,6147.0,1.0,1,track_1,,unknown,unknown
6147.0,6148.0,1.0,1,track_0,,unknown,unknown
6147.0,6148.0,1.0,1,track_1,,unknown,unknown
6148.0,6149.0,1.0,1,track_0,,unknown,unknown
6148.0,6149.0,1.0,1,track_1,,unknown,unknown
6149.0,6150.0,1.0,1,track_0,,unknown,unknown
6149.0,6150.0,1.0,1,track_1,,unknown,unknown
6150.0,6151.0,1.0,1,track_0,,unknown,unknown
6150.0,6151.0,1.0,1,track_1,,unknown,unknown
6151.0,6152.0,1.0,1,track_0,,unknown,unknown
6151.0,6152.0,1.0,1,track_1,,unknown,unknown
6152.0,6153.0,1.0,1,track_0,,unknown,unknown
6152.0,6153.0,1.0,1,track_1,,unknown,unknown
6153.0,6154.0,1.0,1,track_0,,unknown,unknown
6153.0,6154.0,1.0,1,track_1,,unknown,unknown
6154.0,6155.0,1.0,1,track_0,,unknown,unknown
6154.0,6155.0,1.0,1,track_1,,unknown,unknown
6155.0,6156.0,1.0,1,track_0,,unknown,unknown
6155.0,6156.0,1.0,1,track_1,,unknown,unknown
6156.0,6157.0,1.0,1,track_0,,unknown,unknown
6156.0,6157.0,1.0,1,track_1,,unknown,unknown
6157.0,6158.0,1.0,1,track_0,,unknown,unknown
6157.0,6158.0,1.0,1,track_1,,unknown,unknown
6158.0,6159.0,1.0,1,track_0,,unknown,unknown
6158.0,6159.0,1.0,1,track_1,,unknown,unknown
6159.0,6160.0,1.0,1,track_0,,unknown,unknown
6159.0,6160.0,1.0,1,track_1,,unknown,unknown
6160.0,6161.0,1.0,1,track_0,,unknown,unknown
6160.0,6161.0,1.0,1,track_1,,unknown,unknown
6161.0,6162.0,1.0,1,track_0,,unknown,unknown
6161.0,6162.0,1.0,1,track_1,,unknown,unknown
6162.0,6163.0,1.0,1,track_0,,unknown,unknown
6162.0,6163.0,1.0,1,track_1,,unknown,unknown
6163.0,6164.0,1.0,1,track_0,,unknown,unknown
6163.0,6164.0,1.0,1,track_1,,unknown,unknown
6164.0,6165.0,1.0,1,track_0,,unknown,unknown
6164.0,6165.0,1.0,1,track_1,,unknown,unknown
6165.0,6166.0,1.0,1,track_0,,unknown,unknown
6165.0,6166.0,1.0,1,track_1,,unknown,unknown
6166.0,6167.0,1.0,1,track_0,,top,back
6166.0,6167.0,1.0,1,track_1,,unknown,unknown
6167.0,6168.0,1.0,1,track_0,,top,back
6167.0,6168.0,1.0,1,track_1,,unknown,unknown
6168.0,6169.0,1.0,1,track_0,,unknown,unknown
6168.0,6169.0,1.0,1,track_1,,unknown,unknown
6169.0,6170.0,1.0,1,track_0,,unknown,unknown
6169.0,6170.0,1.0,1,track_1,,unknown,unknown
6170.0,6171.0,1.0,1,track_0,,top,back
6170.0,6171.0,1.0,1,track_1,,unknown,unknown
6171.0,6172.0,1.0,1,track_0,,unknown,unknown
6171.0,6172.0,1.0,1,track_1,,unknown,unknown
6172.0,6173.0,1.0,1,track_0,,unknown,unknown
6172.0,6173.0,1.0,1,track_1,,unknown,unknown
6173.0,6174.0,1.0,1,track_0,,unknown,unknown
6173.0,6174.0,1.0,1,track_1,,unknown,unknown
6174.0,6175.0,1.0,1,track_0,,unknown,unknown
6174.0,6175.0,1.0,1,track_1,,unknown,unknown
6175.0,6176.0,1.0,1,track_0,,unknown,unknown
6175.0,6176.0,1.0,1,track_1,,unknown,unknown
6176.0,6177.0,1.0,1,track_0,,unknown,unknown
6176.0,6177.0,1.0,1,track_1,,unknown,unknown
6177.0,6178.0,1.0,1,track_0,,unknown,unknown
6177.0,6178.0,1.0,1,track_1,,unknown,unknown
6178.0,6179.0,1.0,1,track_0,,unknown,unknown
6178.0,6179.0,1.0,1,track_1,,unknown,unknown
6179.0,6180.0,1.0,1,track_0,,unknown,unknown
6179.0,6180.0,1.0,1,track_1,,unknown,unknown
6180.0,6181.0,1.0,1,track_0,,unknown,unknown
6180.0,6181.0,1.0,1,track_1,,unknown,unknown
6181.0,6182.0,1.0,1,track_0,,unknown,unknown
6181.0,6182.0,1.0,1,track_1,,unknown,unknown
6182.0,6183.0,1.0,1,track_0,,unknown,unknown
6182.0,6183.0,1.0,1,track_1,,unknown,unknown
6183.0,6184.0,1.0,1,track_0,,unknown,unknown
6183.0,6184.0,1.0,1,track_1,,unknown,unknown
6184.0,6185.0,1.0,1,track_0,,top,back
6184.0,6185.0,1.0,1,track_1,,unknown,unknown
6185.0,6186.0,1.0,1,track_0,,unknown,unknown
6185.0,6186.0,1.0,1,track_1,,unknown,unknown
6186.0,6187.0,1.0,1,track_0,,top,back
6186.0,6187.0,1.0,1,track_1,,unknown,unknown
6187.0,6188.0,1.0,1,track_0,,unknown,unknown
6187.0,6188.0,1.0,1,track_1,,unknown,unknown
6188.0,6189.0,1.0,1,track_0,,unknown,unknown
6188.0,6189.0,1.0,1,track_1,,unknown,unknown
6189.0,6190.0,1.0,1,track_0,,unknown,unknown
6189.0,6190.0,1.0,1,track_1,,unknown,unknown
6190.0,6191.0,1.0,1,track_0,,unknown,unknown
6190.0,6191.0,1.0,1,track_1,,unknown,unknown
6191.0,6192.0,1.0,1,track_0,,unknown,unknown
6191.0,6192.0,1.0,1,track_1,,unknown,unknown
6192.0,6193.0,1.0,1,track_0,,unknown,unknown
6192.0,6193.0,1.0,1,track_1,,unknown,unknown
6193.0,6194.0,1.0,1,track_0,,unknown,standing
6193.0,6194.0,1.0,1,track_1,,unknown,unknown
6194.0,6195.0,1.0,1,track_0,,unknown,unknown
6194.0,6195.0,1.0,1,track_1,,unknown,unknown
6195.0,6196.0,1.0,1,track_0,,unknown,unknown
6195.0,6196.0,1.0,1,track_1,,unknown,unknown
6196.0,6197.0,1.0,1,track_0,,unknown,standing
6196.0,6197.0,1.0,1,track_1,,unknown,unknown
6197.0,6198.0,1.0,1,track_0,,unknown,unknown
6197.0,6198.0,1.0,1,track_1,,unknown,unknown
6198.0,6199.0,1.0,1,track_0,,unknown,unknown
6198.0,6199.0,1.0,1,track_1,,unknown,unknown
6199.0,6200.0,1.0,1,track_0,,unknown,unknown
6199.0,6200.0,1.0,1,track_1,,unknown,unknown
6200.0,6201.0,1.0,1,track_0,,unknown,standing
6200.0,6201.0,1.0,1,track_1,,unknown,unknown
6201.0,6202.0,1.0,1,track_0,,unknown,unknown
6201.0,6202.0,1.0,1,track_1,,unknown,unknown
6202.0,6203.0,1.0,1,track_0,,unknown,standing
6202.0,6203.0,1.0,1,track_1,,unknown,unknown
6203.0,6204.0,1.0,1,track_0,,unknown,unknown
6203.0,6204.0,1.0,1,track_1,,unknown,unknown
6204.0,6205.0,1.0,1,track_0,,unknown,unknown
6204.0,6205.0,1.0,1,track_1,,unknown,unknown
6205.0,6206.0,1.0,1,track_0,,unknown,unknown
6205.0,6206.0,1.0,1,track_1,,unknown,unknown
6206.0,6207.0,1.0,1,track_0,,unknown,standing
6206.0,6207.0,1.0,1,track_1,,unknown,unknown
6207.0,6208.0,1.0,1,track_0,,unknown,unknown
6207.0,6208.0,1.0,1,track_1,,unknown,unknown
6208.0,6209.0,1.0,1,track_0,,unknown,unknown
6208.0,6209.0,1.0,1,track_1,,unknown,unknown
6209.0,6210.0,1.0,1,track_0,,unknown,unknown
6209.0,6210.0,1.0,1,track_1,,unknown,unknown
6210.0,6211.0,1.0,1,track_0,,unknown,unknown
6210.0,6211.0,1.0,1,track_1,,unknown,unknown
6211.0,6212.0,1.0,1,track_0,,unknown,unknown
6211.0,6212.0,1.0,1,track_1,,unknown,unknown
6212.0,6213.0,1.0,1,track_0,,unknown,unknown
6212.0,6213.0,1.0,1,track_1,,unknown,unknown
6213.0,6214.0,1.0,1,track_0,,unknown,unknown
6213.0,6214.0,1.0,1,track_1,,unknown,unknown
6214.0,6215.0,1.0,1,track_0,,unknown,unknown
6214.0,6215.0,1.0,1,track_1,,unknown,unknown
6215.0,6216.0,1.0,1,track_0,,unknown,unknown
6215.0,6216.0,1.0,1,track_1,,unknown,unknown
6216.0,6217.0,1.0,1,track_0,,unknown,unknown
6216.0,6217.0,1.0,1,track_1,,unknown,unknown
6217.0,6218.0,1.0,1,track_0,,unknown,unknown
6217.0,6218.0,1.0,1,track_1,,unknown,unknown
6218.0,6219.0,1.0,1,track_0,,unknown,unknown
6218.0,6219.0,1.0,1,track_1,,unknown,unknown
6219.0,6220.0,1.0,1,track_0,,unknown,unknown
6219.0,6220.0,1.0,1,track_1,,unknown,unknown
6220.0,6221.0,1.0,1,track_0,,unknown,unknown
6220.0,6221.0,1.0,1,track_1,,unknown,unknown
6221.0,6222.0,1.0,1,track_0,,unknown,unknown
6221.0,6222.0,1.0,1,track_1,,unknown,unknown
6222.0,6223.0,1.0,1,track_0,,bottom,takedown
6222.0,6223.0,1.0,1,track_1,,unknown,unknown
6223.0,6224.0,1.0,1,track_0,,unknown,unknown
6223.0,6224.0,1.0,1,track_1,,unknown,unknown
6224.0,6225.0,1.0,1,track_0,,unknown,unknown
6224.0,6225.0,1.0,1,track_1,,unknown,unknown
6225.0,6226.0,1.0,1,track_0,,unknown,unknown
6225.0,6226.0,1.0,1,track_1,,unknown,unknown
6226.0,6227.0,1.0,1,track_0,,unknown,unknown
6226.0,6227.0,1.0,1,track_1,,unknown,unknown
6227.0,6228.0,1.0,1,track_0,,unknown,unknown
6227.0,6228.0,1.0,1,track_1,,unknown,unknown
6228.0,6229.0,1.0,1,track_0,,unknown,unknown
6228.0,6229.0,1.0,1,track_1,,unknown,unknown
6229.0,6230.0,1.0,1,track_0,,unknown,unknown
6229.0,6230.0,1.0,1,track_1,,unknown,unknown
6230.0,6231.0,1.0,1,track_0,,unknown,unknown
6230.0,6231.0,1.0,1,track_1,,unknown,unknown
6231.0,6232.0,1.0,1,track_0,,unknown,unknown
6231.0,6232.0,1.0,1,track_1,,unknown,unknown
6232.0,6233.0,1.0,1,track_0,,unknown,unknown
6232.0,6233.0,1.0,1,track_1,,unknown,unknown
6233.0,6234.0,1.0,1,track_0,,unknown,unknown
6233.0,6234.0,1.0,1,track_1,,unknown,unknown
6234.0,6235.0,1.0,1,track_0,,unknown,unknown
6234.0,6235.0,1.0,1,track_1,,unknown,unknown
6235.0,6236.0,1.0,1,track_0,,unknown,unknown
6235.0,6236.0,1.0,1,track_1,,unknown,unknown
6236.0,6237.0,1.0,1,track_0,,unknown,unknown
6236.0,6237.0,1.0,1,track_1,,unknown,unknown
6237.0,6238.0,1.0,1,track_0,,top,back
6237.0,6238.0,1.0,1,track_1,,unknown,unknown
6238.0,6239.0,1.0,1,track_0,,unknown,unknown
6238.0,6239.0,1.0,1,track_1,,unknown,unknown
6239.0,6240.0,1.0,1,track_0,,unknown,unknown
6239.0,6240.0,1.0,1,track_1,,unknown,unknown
6240.0,6241.0,1.0,1,track_0,,unknown,standing
6240.0,6241.0,1.0,1,track_1,,unknown,unknown
6241.0,6242.0,1.0,1,track_0,,unknown,standing
6241.0,6242.0,1.0,1,track_1,,unknown,unknown
6242.0,6243.0,1.0,1,track_0,,unknown,unknown
6242.0,6243.0,1.0,1,track_1,,unknown,unknown
6243.0,6244.0,1.0,1,track_0,,unknown,standing
6243.0,6244.0,1.0,1,track_1,,unknown,unknown
6244.0,6245.0,1.0,1,track_0,,unknown,unknown
6244.0,6245.0,1.0,1,track_1,,unknown,unknown
6245.0,6246.0,1.0,1,track_0,,bottom,takedown
6245.0,6246.0,1.0,1,track_1,,unknown,unknown
6246.0,6247.0,1.0,1,track_0,,unknown,unknown
6246.0,6247.0,1.0,1,track_1,,unknown,unknown
6247.0,6248.0,1.0,1,track_0,,unknown,unknown
6247.0,6248.0,1.0,1,track_1,,unknown,unknown
6248.0,6249.0,1.0,1,track_0,,unknown,unknown
6248.0,6249.0,1.0,1,track_1,,unknown,unknown
6249.0,6250.0,1.0,1,track_0,,unknown,unknown
6249.0,6250.0,1.0,1,track_1,,unknown,unknown
6250.0,6251.0,1.0,1,track_0,,top,back
6250.0,6251.0,1.0,1,track_1,,unknown,unknown
6251.0,6252.0,1.0,1,track_0,,unknown,standing
6251.0,6252.0,1.0,1,track_1,,unknown,unknown
6252.0,6253.0,1.0,1,track_0,,unknown,unknown
6252.0,6253.0,1.0,1,track_1,,unknown,unknown
6253.0,6254.0,1.0,1,track_0,,unknown,unknown
6253.0,6254.0,1.0,1,track_1,,unknown,unknown
6254.0,6255.0,1.0,1,track_0,,top,back
6254.0,6255.0,1.0,1,track_1,,unknown,unknown
6255.0,6256.0,1.0,1,track_0,,unknown,unknown
6255.0,6256.0,1.0,1,track_1,,unknown,unknown
6256.0,6257.0,1.0,1,track_0,,unknown,unknown
6256.0,6257.0,1.0,1,track_1,,unknown,unknown
6257.0,6258.0,1.0,1,track_0,,unknown,unknown
6257.0,6258.0,1.0,1,track_1,,unknown,unknown
6258.0,6259.0,1.0,1,track_0,,unknown,unknown
6258.0,6259.0,1.0,1,track_1,,unknown,unknown
6259.0,6260.0,1.0,1,track_0,,unknown,unknown
6259.0,6260.0,1.0,1,track_1,,unknown,unknown
6260.0,6261.0,1.0,1,track_0,,unknown,unknown
6260.0,6261.0,1.0,1,track_1,,unknown,unknown
6261.0,6262.0,1.0,1,track_0,,unknown,unknown
6261.0,6262.0,1.0,1,track_1,,unknown,unknown
6262.0,6263.0,1.0,1,track_0,,unknown,unknown
6262.0,6263.0,1.0,1,track_1,,unknown,unknown
6263.0,6264.0,1.0,1,track_0,,unknown,unknown
6263.0,6264.0,1.0,1,track_1,,unknown,unknown
6264.0,6265.0,1.0,1,track_0,,unknown,unknown
6264.0,6265.0,1.0,1,track_1,,unknown,unknown
6265.0,6266.0,1.0,1,track_0,,unknown,unknown
6265.0,6266.0,1.0,1,track_1,,unknown,unknown
6266.0,6267.0,1.0,1,track_0,,unknown,unknown
6266.0,6267.0,1.0,1,track_1,,unknown,unknown
6267.0,6268.0,1.0,1,track_0,,unknown,unknown
6267.0,6268.0,1.0,1,track_1,,unknown,unknown
6268.0,6269.0,1.0,1,track_0,,unknown,unknown
6268.0,6269.0,1.0,1,track_1,,unknown,unknown
6269.0,6270.0,1.0,1,track_0,,unknown,unknown
6269.0,6270.0,1.0,1,track_1,,unknown,unknown
6270.0,6271.0,1.0,1,track_0,,top,back
6270.0,6271.0,1.0,1,track_1,,unknown,unknown
6271.0,6272.0,1.0,1,track_0,,unknown,unknown
6271.0,6272.0,1.0,1,track_1,,unknown,unknown
6272.0,6273.0,1.0,1,track_0,,top,back
6272.0,6273.0,1.0,1,track_1,,unknown,unknown
6273.0,6274.0,1.0,1,track_0,,unknown,unknown
6273.0,6274.0,1.0,1,track_1,,unknown,unknown
6274.0,6275.0,1.0,1,track_0,,unknown,unknown
6274.0,6275.0,1.0,1,track_1,,unknown,unknown
6275.0,6276.0,1.0,1,track_0,,unknown,unknown
6275.0,6276.0,1.0,1,track_1,,unknown,unknown
6276.0,6277.0,1.0,1,track_0,,top,back
6276.0,6277.0,1.0,1,track_1,,unknown,unknown
6277.0,6278.0,1.0,1,track_0,,unknown,unknown
6277.0,6278.0,1.0,1,track_1,,unknown,unknown
6278.0,6279.0,1.0,1,track_0,,unknown,unknown
6278.0,6279.0,1.0,1,track_1,,unknown,unknown
6279.0,6280.0,1.0,1,track_0,,unknown,unknown
6279.0,6280.0,1.0,1,track_1,,unknown,unknown
6280.0,6281.0,1.0,1,track_0,,unknown,standing
6280.0,6281.0,1.0,1,track_1,,unknown,unknown
6281.0,6282.0,1.0,1,track_0,,unknown,unknown
6281.0,6282.0,1.0,1,track_1,,unknown,unknown
6282.0,6283.0,1.0,1,track_0,,unknown,unknown
6282.0,6283.0,1.0,1,track_1,,unknown,unknown
6283.0,6284.0,1.0,1,track_0,,unknown,unknown
6283.0,6284.0,1.0,1,track_1,,unknown,unknown
6284.0,6285.0,1.0,1,track_0,,unknown,unknown
6284.0,6285.0,1.0,1,track_1,,unknown,unknown
6285.0,6286.0,1.0,1,track_0,,unknown,unknown
6285.0,6286.0,1.0,1,track_1,,unknown,unknown
6286.0,6287.0,1.0,1,track_0,,unknown,unknown
6286.0,6287.0,1.0,1,track_1,,unknown,unknown
6287.0,6288.0,1.0,1,track_0,,unknown,unknown
6287.0,6288.0,1.0,1,track_1,,unknown,unknown
6288.0,6289.0,1.0,1,track_0,,unknown,unknown
6288.0,6289.0,1.0,1,track_1,,unknown,unknown
6289.0,6290.0,1.0,1,track_0,,unknown,unknown
6289.0,6290.0,1.0,1,track_1,,unknown,unknown
6290.0,6291.0,1.0,1,track_0,,unknown,unknown
6290.0,6291.0,1.0,1,track_1,,unknown,unknown
6291.0,6292.0,1.0,1,track_0,,unknown,unknown
6291.0,6292.0,1.0,1,track_1,,unknown,unknown
6292.0,6293.0,1.0,1,track_0,,unknown,unknown
6292.0,6293.0,1.0,1,track_1,,unknown,unknown
6293.0,6294.0,1.0,1,track_0,,unknown,unknown
6293.0,6294.0,1.0,1,track_1,,unknown,unknown
6294.0,6295.0,1.0,1,track_0,,unknown,unknown
6294.0,6295.0,1.0,1,track_1,,unknown,unknown
6295.0,6296.0,1.0,1,track_0,,unknown,unknown
6295.0,6296.0,1.0,1,track_1,,unknown,unknown
6296.0,6297.0,1.0,1,track_0,,unknown,unknown
6296.0,6297.0,1.0,1,track_1,,unknown,unknown
6297.0,6298.0,1.0,1,track_0,,unknown,unknown
6297.0,6298.0,1.0,1,track_1,,unknown,unknown
6298.0,6299.0,1.0,1,track_0,,unknown,unknown
6298.0,6299.0,1.0,1,track_1,,unknown,unknown
6299.0,6300.0,1.0,1,track_0,,unknown,unknown
6299.0,6300.0,1.0,1,track_1,,unknown,unknown
6300.0,6301.0,1.0,1,track_0,,unknown,unknown
6300.0,6301.0,1.0,1,track_1,,unknown,unknown
6301.0,6302.0,1.0,1,track_0,,unknown,unknown
6301.0,6302.0,1.0,1,track_1,,unknown,unknown
6302.0,6303.0,1.0,1,track_0,,unknown,unknown
6302.0,6303.0,1.0,1,track_1,,unknown,unknown
6303.0,6304.0,1.0,1,track_0,,unknown,unknown
6303.0,6304.0,1.0,1,track_1,,unknown,unknown
6304.0,6305.0,1.0,1,track_0,,unknown,unknown
6304.0,6305.0,1.0,1,track_1,,unknown,unknown
6305.0,6306.0,1.0,1,track_0,,unknown,unknown
6305.0,6306.0,1.0,1,track_1,,unknown,unknown
6306.0,6307.0,1.0,1,track_0,,unknown,unknown
6306.0,6307.0,1.0,1,track_1,,unknown,unknown
6307.0,6308.0,1.0,1,track_0,,unknown,unknown
6307.0,6308.0,1.0,1,track_1,,unknown,unknown
6308.0,6309.0,1.0,1,track_0,,unknown,unknown
6308.0,6309.0,1.0,1,track_1,,unknown,unknown
6309.0,6310.0,1.0,1,track_0,,unknown,unknown
6309.0,6310.0,1.0,1,track_1,,unknown,unknown
6310.0,6311.0,1.0,1,track_0,,unknown,unknown
6310.0,6311.0,1.0,1,track_1,,unknown,unknown
6311.0,6312.0,1.0,1,track_0,,unknown,unknown
6311.0,6312.0,1.0,1,track_1,,unknown,unknown
6312.0,6313.0,1.0,1,track_0,,unknown,unknown
6312.0,6313.0,1.0,1,track_1,,unknown,unknown
6313.0,6314.0,1.0,1,track_0,,unknown,unknown
6313.0,6314.0,1.0,1,track_1,,unknown,unknown
6314.0,6315.0,1.0,1,track_0,,unknown,unknown
6314.0,6315.0,1.0,1,track_1,,unknown,unknown
6315.0,6316.0,1.0,1,track_0,,unknown,unknown
6315.0,6316.0,1.0,1,track_1,,unknown,unknown
6316.0,6317.0,1.0,1,track_0,,unknown,unknown
6316.0,6317.0,1.0,1,track_1,,unknown,unknown
6317.0,6318.0,1.0,1,track_0,,unknown,unknown
6317.0,6318.0,1.0,1,track_1,,unknown,unknown
6318.0,6319.0,1.0,1,track_0,,unknown,unknown
6318.0,6319.0,1.0,1,track_1,,unknown,unknown
6319.0,6320.0,1.0,1,track_0,,unknown,unknown
6319.0,6320.0,1.0,1,track_1,,unknown,unknown
6320.0,6321.0,1.0,1,track_0,,unknown,unknown
6320.0,6321.0,1.0,1,track_1,,unknown,unknown
6321.0,6322.0,1.0,1,track_0,,unknown,unknown
6321.0,6322.0,1.0,1,track_1,,unknown,unknown
6322.0,6323.0,1.0,1,track_0,,unknown,unknown
6322.0,6323.0,1.0,1,track_1,,unknown,unknown
6323.0,6324.0,1.0,1,track_0,,unknown,unknown
6323.0,6324.0,1.0,1,track_1,,unknown,unknown
6324.0,6325.0,1.0,1,track_0,,unknown,unknown
6324.0,6325.0,1.0,1,track_1,,unknown,unknown
6325.0,6326.0,1.0,1,track_0,,unknown,unknown
6325.0,6326.0,1.0,1,track_1,,unknown,unknown
6326.0,6327.0,1.0,1,track_0,,unknown,unknown
6326.0,6327.0,1.0,1,track_1,,unknown,unknown
6327.0,6328.0,1.0,1,track_0,,unknown,unknown
6327.0,6328.0,1.0,1,track_1,,unknown,unknown
6328.0,6329.0,1.0,1,track_0,,unknown,unknown
6328.0,6329.0,1.0,1,track_1,,unknown,unknown
6329.0,6330.0,1.0,1,track_0,,unknown,unknown
6329.0,6330.0,1.0,1,track_1,,unknown,unknown
6330.0,6331.0,1.0,1,track_0,,unknown,unknown
6330.0,6331.0,1.0,1,track_1,,unknown,unknown
6331.0,6332.0,1.0,1,track_0,,unknown,unknown
6331.0,6332.0,1.0,1,track_1,,unknown,unknown
6332.0,6333.0,1.0,1,track_0,,unknown,unknown
6332.0,6333.0,1.0,1,track_1,,unknown,unknown
6333.0,6334.0,1.0,1,track_0,,unknown,unknown
6333.0,6334.0,1.0,1,track_1,,unknown,unknown
6334.0,6335.0,1.0,1,track_0,,unknown,unknown
6334.0,6335.0,1.0,1,track_1,,unknown,unknown
6335.0,6336.0,1.0,1,track_0,,unknown,unknown
6335.0,6336.0,1.0,1,track_1,,unknown,unknown
6336.0,6337.0,1.0,1,track_0,,unknown,unknown
6336.0,6337.0,1.0,1,track_1,,unknown,unknown
6337.0,6338.0,1.0,1,track_0,,unknown,unknown
6337.0,6338.0,1.0,1,track_1,,unknown,unknown
6338.0,6339.0,1.0,1,track_0,,unknown,unknown
6338.0,6339.0,1.0,1,track_1,,unknown,unknown
6339.0,6340.0,1.0,1,track_0,,unknown,unknown
6339.0,6340.0,1.0,1,track_1,,unknown,unknown
6340.0,6341.0,1.0,1,track_0,,unknown,unknown
6340.0,6341.0,1.0,1,track_1,,unknown,unknown
6341.0,6342.0,1.0,1,track_0,,top,back
6341.0,6342.0,1.0,1,track_1,,unknown,unknown
6342.0,6343.0,1.0,1,track_0,,top,back
6342.0,6343.0,1.0,1,track_1,,unknown,unknown
6343.0,6344.0,1.0,1,track_0,,top,back
6343.0,6344.0,1.0,1,track_1,,unknown,unknown
6344.0,6345.0,1.0,1,track_0,,unknown,unknown
6344.0,6345.0,1.0,1,track_1,,unknown,unknown
6345.0,6346.0,1.0,1,track_0,,unknown,unknown
6345.0,6346.0,1.0,1,track_1,,unknown,unknown
6346.0,6347.0,1.0,1,track_0,,unknown,unknown
6346.0,6347.0,1.0,1,track_1,,unknown,unknown
6347.0,6348.0,1.0,1,track_0,,bottom,takedown
6347.0,6348.0,1.0,1,track_1,,unknown,unknown
6348.0,6349.0,1.0,1,track_0,,unknown,unknown
6348.0,6349.0,1.0,1,track_1,,unknown,unknown
6349.0,6350.0,1.0,1,track_0,,unknown,unknown
6349.0,6350.0,1.0,1,track_1,,unknown,unknown
6350.0,6351.0,1.0,1,track_0,,unknown,unknown
6350.0,6351.0,1.0,1,track_1,,unknown,unknown
6351.0,6352.0,1.0,1,track_0,,unknown,unknown
6351.0,6352.0,1.0,1,track_1,,unknown,unknown
6352.0,6353.0,1.0,1,track_0,,unknown,unknown
6352.0,6353.0,1.0,1,track_1,,unknown,unknown
6353.0,6354.0,1.0,1,track_0,,unknown,unknown
6353.0,6354.0,1.0,1,track_1,,unknown,unknown
6354.0,6355.0,1.0,1,track_0,,unknown,unknown
6354.0,6355.0,1.0,1,track_1,,unknown,unknown
6355.0,6356.0,1.0,1,track_0,,unknown,unknown
6355.0,6356.0,1.0,1,track_1,,unknown,unknown
6356.0,6357.0,1.0,1,track_0,,unknown,unknown
6356.0,6357.0,1.0,1,track_1,,unknown,unknown
6357.0,6358.0,1.0,1,track_0,,unknown,unknown
6357.0,6358.0,1.0,1,track_1,,unknown,unknown
6358.0,6359.0,1.0,1,track_0,,unknown,unknown
6358.0,6359.0,1.0,1,track_1,,unknown,unknown
6359.0,6360.0,1.0,1,track_0,,unknown,unknown
6359.0,6360.0,1.0,1,track_1,,unknown,unknown
6360.0,6361.0,1.0,1,track_0,,unknown,unknown
6360.0,6361.0,1.0,1,track_1,,unknown,unknown
6361.0,6362.0,1.0,1,track_0,,top,back
6361.0,6362.0,1.0,1,track_1,,unknown,unknown
6362.0,6363.0,1.0,1,track_0,,bottom,back
6362.0,6363.0,1.0,1,track_1,,unknown,unknown
6363.0,6364.0,1.0,1,track_0,,unknown,unknown
6363.0,6364.0,1.0,1,track_1,,unknown,unknown
6364.0,6365.0,1.0,1,track_0,,unknown,unknown
6364.0,6365.0,1.0,1,track_1,,unknown,unknown
6365.0,6366.0,1.0,1,track_0,,unknown,unknown
6365.0,6366.0,1.0,1,track_1,,unknown,unknown
6366.0,6367.0,1.0,1,track_0,,unknown,unknown
6366.0,6367.0,1.0,1,track_1,,unknown,unknown
6367.0,6368.0,1.0,1,track_0,,unknown,unknown
6367.0,6368.0,1.0,1,track_1,,unknown,unknown
6368.0,6369.0,1.0,1,track_0,,unknown,unknown
6368.0,6369.0,1.0,1,track_1,,unknown,unknown
6369.0,6370.0,1.0,1,track_0,,unknown,unknown
6369.0,6370.0,1.0,1,track_1,,unknown,unknown
6370.0,6371.0,1.0,1,track_0,,unknown,unknown
6370.0,6371.0,1.0,1,track_1,,unknown,unknown
6371.0,6372.0,1.0,1,track_0,,unknown,unknown
6371.0,6372.0,1.0,1,track_1,,unknown,unknown
6372.0,6373.0,1.0,1,track_0,,unknown,unknown
6372.0,6373.0,1.0,1,track_1,,unknown,unknown
6373.0,6374.0,1.0,1,track_0,,unknown,unknown
6373.0,6374.0,1.0,1,track_1,,unknown,unknown
6374.0,6375.0,1.0,1,track_0,,unknown,unknown
6374.0,6375.0,1.0,1,track_1,,unknown,unknown
6375.0,6376.0,1.0,1,track_0,,unknown,unknown
6375.0,6376.0,1.0,1,track_1,,unknown,unknown
6376.0,6377.0,1.0,1,track_0,,unknown,unknown
6376.0,6377.0,1.0,1,track_1,,unknown,unknown
6377.0,6378.0,1.0,1,track_0,,unknown,unknown
6377.0,6378.0,1.0,1,track_1,,unknown,unknown
6378.0,6379.0,1.0,1,track_0,,unknown,unknown
6378.0,6379.0,1.0,1,track_1,,unknown,unknown
6379.0,6380.0,1.0,1,track_0,,unknown,unknown
6379.0,6380.0,1.0,1,track_1,,unknown,unknown
6380.0,6381.0,1.0,1,track_0,,unknown,standing
6380.0,6381.0,1.0,1,track_1,,unknown,unknown
6381.0,6382.0,1.0,1,track_0,,unknown,unknown
6381.0,6382.0,1.0,1,track_1,,unknown,unknown
6382.0,6383.0,1.0,1,track_0,,unknown,unknown
6382.0,6383.0,1.0,1,track_1,,unknown,unknown
6383.0,6384.0,1.0,1,track_0,,unknown,unknown
6383.0,6384.0,1.0,1,track_1,,unknown,unknown
6384.0,6385.0,1.0,1,track_0,,unknown,unknown
6384.0,6385.0,1.0,1,track_1,,unknown,unknown
6385.0,6386.0,1.0,1,track_0,,unknown,unknown
6385.0,6386.0,1.0,1,track_1,,unknown,unknown
6386.0,6387.0,1.0,1,track_0,,unknown,unknown
6386.0,6387.0,1.0,1,track_1,,unknown,unknown
6387.0,6388.0,1.0,1,track_0,,unknown,unknown
6387.0,6388.0,1.0,1,track_1,,unknown,unknown
6388.0,6389.0,1.0,1,track_0,,unknown,unknown
6388.0,6389.0,1.0,1,track_1,,unknown,unknown
6389.0,6390.0,1.0,1,track_0,,unknown,unknown
6389.0,6390.0,1.0,1,track_1,,unknown,unknown
6390.0,6391.0,1.0,1,track_0,,unknown,unknown
6390.0,6391.0,1.0,1,track_1,,unknown,unknown
6391.0,6392.0,1.0,1,track_0,,unknown,standing
6391.0,6392.0,1.0,1,track_1,,unknown,unknown
6392.0,6393.0,1.0,1,track_0,,unknown,standing
6392.0,6393.0,1.0,1,track_1,,unknown,unknown
6393.0,6394.0,1.0,1,track_0,,unknown,standing
6393.0,6394.0,1.0,1,track_1,,unknown,unknown
6394.0,6395.0,1.0,1,track_0,,unknown,unknown
6394.0,6395.0,1.0,1,track_1,,unknown,unknown
6395.0,6396.0,1.0,1,track_0,,unknown,unknown
6395.0,6396.0,1.0,1,track_1,,unknown,unknown
6396.0,6397.0,1.0,1,track_0,,unknown,unknown
6396.0,6397.0,1.0,1,track_1,,unknown,unknown
6397.0,6398.0,1.0,1,track_0,,unknown,unknown
6397.0,6398.0,1.0,1,track_1,,unknown,unknown
6398.0,6399.0,1.0,1,track_0,,bottom,open guard
6398.0,6399.0,1.0,1,track_1,,unknown,unknown
6399.0,6400.0,1.0,1,track_0,,unknown,unknown
6399.0,6400.0,1.0,1,track_1,,unknown,unknown
6400.0,6401.0,1.0,1,track_0,,unknown,standing
6400.0,6401.0,1.0,1,track_1,,unknown,unknown
6401.0,6402.0,1.0,1,track_0,,unknown,unknown
6401.0,6402.0,1.0,1,track_1,,unknown,unknown
6402.0,6403.0,1.0,1,track_0,,unknown,unknown
6402.0,6403.0,1.0,1,track_1,,unknown,unknown
6403.0,6404.0,1.0,1,track_0,,unknown,unknown
6403.0,6404.0,1.0,1,track_1,,unknown,unknown
6404.0,6405.0,1.0,1,track_0,,unknown,unknown
6404.0,6405.0,1.0,1,track_1,,unknown,unknown
6405.0,6406.0,1.0,1,track_0,,unknown,unknown
6405.0,6406.0,1.0,1,track_1,,unknown,unknown
6406.0,6407.0,1.0,1,track_0,,unknown,unknown
6406.0,6407.0,1.0,1,track_1,,unknown,unknown
6407.0,6408.0,1.0,1,track_0,,unknown,unknown
6407.0,6408.0,1.0,1,track_1,,unknown,unknown
6408.0,6409.0,1.0,1,track_0,,unknown,unknown
6408.0,6409.0,1.0,1,track_1,,unknown,unknown
6409.0,6410.0,1.0,1,track_0,,unknown,unknown
6409.0,6410.0,1.0,1,track_1,,unknown,unknown
6410.0,6411.0,1.0,1,track_0,,unknown,unknown
6410.0,6411.0,1.0,1,track_1,,unknown,unknown
6411.0,6412.0,1.0,1,track_0,,unknown,unknown
6411.0,6412.0,1.0,1,track_1,,unknown,unknown
6412.0,6413.0,1.0,1,track_0,,unknown,unknown
6412.0,6413.0,1.0,1,track_1,,unknown,unknown
6413.0,6414.0,1.0,1,track_0,,unknown,unknown
6413.0,6414.0,1.0,1,track_1,,unknown,unknown
6414.0,6415.0,1.0,1,track_0,,unknown,unknown
6414.0,6415.0,1.0,1,track_1,,unknown,unknown
6415.0,6416.0,1.0,1,track_0,,unknown,unknown
6415.0,6416.0,1.0,1,track_1,,unknown,unknown
6416.0,6417.0,1.0,1,track_0,,unknown,unknown
6416.0,6417.0,1.0,1,track_1,,unknown,unknown
6417.0,6418.0,1.0,1,track_0,,unknown,unknown
6417.0,6418.0,1.0,1,track_1,,unknown,unknown
6418.0,6419.0,1.0,1,track_0,,unknown,unknown
6418.0,6419.0,1.0,1,track_1,,unknown,unknown
6419.0,6420.0,1.0,1,track_0,,unknown,unknown
6419.0,6420.0,1.0,1,track_1,,unknown,unknown
6420.0,6421.0,1.0,1,track_0,,unknown,unknown
6420.0,6421.0,1.0,1,track_1,,unknown,unknown
6421.0,6422.0,1.0,1,track_0,,unknown,unknown
6421.0,6422.0,1.0,1,track_1,,unknown,unknown
6422.0,6423.0,1.0,1,track_0,,unknown,unknown
6422.0,6423.0,1.0,1,track_1,,unknown,unknown
6423.0,6424.0,1.0,1,track_0,,unknown,unknown
6423.0,6424.0,1.0,1,track_1,,unknown,unknown
6424.0,6425.0,1.0,1,track_0,,unknown,unknown
6424.0,6425.0,1.0,1,track_1,,unknown,unknown
6425.0,6426.0,1.0,1,track_0,,unknown,unknown
6425.0,6426.0,1.0,1,track_1,,unknown,unknown
6426.0,6427.0,1.0,1,track_0,,unknown,unknown
6426.0,6427.0,1.0,1,track_1,,unknown,unknown
6427.0,6428.0,1.0,1,track_0,,unknown,unknown
6427.0,6428.0,1.0,1,track_1,,unknown,unknown
6428.0,6429.0,1.0,1,track_0,,unknown,unknown
6428.0,6429.0,1.0,1,track_1,,unknown,unknown
6429.0,6430.0,1.0,1,track_0,,unknown,unknown
6429.0,6430.0,1.0,1,track_1,,unknown,unknown
6430.0,6431.0,1.0,1,track_0,,unknown,unknown
6430.0,6431.0,1.0,1,track_1,,unknown,unknown
6431.0,6432.0,1.0,1,track_0,,unknown,unknown
6431.0,6432.0,1.0,1,track_1,,unknown,unknown
6432.0,6433.0,1.0,1,track_0,,unknown,unknown
6432.0,6433.0,1.0,1,track_1,,unknown,unknown
6433.0,6434.0,1.0,1,track_0,,unknown,unknown
6433.0,6434.0,1.0,1,track_1,,unknown,unknown
6434.0,6435.0,1.0,1,track_0,,unknown,unknown
6434.0,6435.0,1.0,1,track_1,,unknown,unknown
6435.0,6436.0,1.0,1,track_0,,unknown,unknown
6435.0,6436.0,1.0,1,track_1,,unknown,unknown
6436.0,6437.0,1.0,1,track_0,,unknown,unknown
6436.0,6437.0,1.0,1,track_1,,unknown,unknown
6437.0,6438.0,1.0,1,track_0,,unknown,unknown
6437.0,6438.0,1.0,1,track_1,,unknown,unknown
6438.0,6439.0,1.0,1,track_0,,unknown,unknown
6438.0,6439.0,1.0,1,track_1,,unknown,unknown
6439.0,6440.0,1.0,1,track_0,,unknown,unknown
6439.0,6440.0,1.0,1,track_1,,unknown,unknown
6440.0,6441.0,1.0,1,track_0,,unknown,unknown
6440.0,6441.0,1.0,1,track_1,,unknown,unknown
6441.0,6442.0,1.0,1,track_0,,unknown,unknown
6441.0,6442.0,1.0,1,track_1,,unknown,unknown
6442.0,6443.0,1.0,1,track_0,,unknown,unknown
6442.0,6443.0,1.0,1,track_1,,unknown,unknown
6443.0,6444.0,1.0,1,track_0,,unknown,unknown
6443.0,6444.0,1.0,1,track_1,,unknown,unknown
6444.0,6445.0,1.0,1,track_0,,unknown,unknown
6444.0,6445.0,1.0,1,track_1,,unknown,unknown
6445.0,6446.0,1.0,1,track_0,,unknown,unknown
6445.0,6446.0,1.0,1,track_1,,unknown,unknown
6446.0,6447.0,1.0,1,track_0,,unknown,unknown
6446.0,6447.0,1.0,1,track_1,,unknown,unknown
6447.0,6448.0,1.0,1,track_0,,unknown,unknown
6447.0,6448.0,1.0,1,track_1,,unknown,unknown
6448.0,6449.0,1.0,1,track_0,,unknown,unknown
6448.0,6449.0,1.0,1,track_1,,unknown,unknown
6449.0,6450.0,1.0,1,track_0,,unknown,unknown
6449.0,6450.0,1.0,1,track_1,,unknown,unknown
6450.0,6451.0,1.0,1,track_0,,unknown,unknown
6450.0,6451.0,1.0,1,track_1,,unknown,unknown
6451.0,6452.0,1.0,1,track_0,,unknown,unknown
6451.0,6452.0,1.0,1,track_1,,unknown,unknown
6452.0,6453.0,1.0,1,track_0,,unknown,unknown
6452.0,6453.0,1.0,1,track_1,,unknown,unknown
6453.0,6454.0,1.0,1,track_0,,unknown,unknown
6453.0,6454.0,1.0,1,track_1,,unknown,unknown
6454.0,6455.0,1.0,1,track_0,,unknown,unknown
6454.0,6455.0,1.0,1,track_1,,unknown,unknown
6455.0,6456.0,1.0,1,track_0,,unknown,unknown
6455.0,6456.0,1.0,1,track_1,,unknown,unknown
6456.0,6457.0,1.0,1,track_0,,unknown,unknown
6456.0,6457.0,1.0,1,track_1,,unknown,unknown
6457.0,6458.0,1.0,1,track_0,,unknown,unknown
6457.0,6458.0,1.0,1,track_1,,unknown,unknown
6458.0,6459.0,1.0,1,track_0,,unknown,unknown
6458.0,6459.0,1.0,1,track_1,,unknown,unknown
6459.0,6460.0,1.0,1,track_0,,unknown,unknown
6459.0,6460.0,1.0,1,track_1,,unknown,unknown
6460.0,6461.0,1.0,1,track_0,,unknown,unknown
6460.0,6461.0,1.0,1,track_1,,unknown,unknown
6461.0,6462.0,1.0,1,track_0,,unknown,unknown
6461.0,6462.0,1.0,1,track_1,,unknown,unknown
6462.0,6463.0,1.0,1,track_0,,unknown,unknown
6462.0,6463.0,1.0,1,track_1,,unknown,unknown
6463.0,6464.0,1.0,1,track_0,,unknown,unknown
6463.0,6464.0,1.0,1,track_1,,unknown,unknown
6464.0,6465.0,1.0,1,track_0,,unknown,unknown
6464.0,6465.0,1.0,1,track_1,,unknown,unknown
6465.0,6466.0,1.0,1,track_0,,top,back
6465.0,6466.0,1.0,1,track_1,,unknown,unknown
6466.0,6467.0,1.0,1,track_0,,unknown,unknown
6466.0,6467.0,1.0,1,track_1,,unknown,unknown
6467.0,6468.0,1.0,1,track_0,,unknown,unknown
6467.0,6468.0,1.0,1,track_1,,unknown,unknown
6468.0,6469.0,1.0,1,track_0,,unknown,unknown
6468.0,6469.0,1.0,1,track_1,,unknown,unknown
6469.0,6470.0,1.0,1,track_0,,unknown,unknown
6469.0,6470.0,1.0,1,track_1,,unknown,unknown
6470.0,6471.0,1.0,1,track_0,,unknown,unknown
6470.0,6471.0,1.0,1,track_1,,unknown,unknown
6471.0,6472.0,1.0,1,track_0,,unknown,unknown
6471.0,6472.0,1.0,1,track_1,,unknown,unknown
6472.0,6473.0,1.0,1,track_0,,unknown,unknown
6472.0,6473.0,1.0,1,track_1,,unknown,unknown
6473.0,6474.0,1.0,1,track_0,,unknown,unknown
6473.0,6474.0,1.0,1,track_1,,unknown,unknown
6474.0,6475.0,1.0,1,track_0,,unknown,unknown
6474.0,6475.0,1.0,1,track_1,,unknown,unknown
6475.0,6476.0,1.0,1,track_0,,unknown,unknown
6475.0,6476.0,1.0,1,track_1,,unknown,unknown
6476.0,6477.0,1.0,1,track_0,,unknown,unknown
6476.0,6477.0,1.0,1,track_1,,unknown,unknown
6477.0,6478.0,1.0,1,track_0,,unknown,unknown
6477.0,6478.0,1.0,1,track_1,,unknown,unknown
6478.0,6479.0,1.0,1,track_0,,unknown,unknown
6478.0,6479.0,1.0,1,track_1,,unknown,unknown
6479.0,6480.0,1.0,1,track_0,,unknown,unknown
6479.0,6480.0,1.0,1,track_1,,unknown,unknown
6480.0,6481.0,1.0,1,track_0,,unknown,unknown
6480.0,6481.0,1.0,1,track_1,,unknown,unknown
6481.0,6482.0,1.0,1,track_0,,top,back
6481.0,6482.0,1.0,1,track_1,,unknown,unknown
6482.0,6483.0,1.0,1,track_0,,unknown,unknown
6482.0,6483.0,1.0,1,track_1,,unknown,unknown
6483.0,6484.0,1.0,1,track_0,,unknown,unknown
6483.0,6484.0,1.0,1,track_1,,unknown,unknown
6484.0,6485.0,1.0,1,track_0,,unknown,unknown
6484.0,6485.0,1.0,1,track_1,,unknown,unknown
6485.0,6486.0,1.0,1,track_0,,unknown,unknown
6485.0,6486.0,1.0,1,track_1,,unknown,unknown
6486.0,6487.0,1.0,1,track_0,,unknown,unknown
6486.0,6487.0,1.0,1,track_1,,unknown,unknown
